trade_date,y_true,oof_pred,oof_baseline,fwd_ret
2015-01-01,1.0,1.0,0.0,0.013363948894877683
2015-01-02,-1.0,0.0,1.0,-0.002032926951416599
2015-01-05,-1.0,0.0,0.0,-0.03042204831092239
2015-01-06,-1.0,1.0,-1.0,-0.003111629830098193
2015-01-07,1.0,1.0,-1.0,0.01622150195078389
2015-01-08,1.0,1.0,0.0,0.0060415097406526655
2015-01-09,1.0,1.0,0.0,0.004636467736743234
2015-01-12,-1.0,1.0,0.0,-0.0028395437310194172
2015-01-13,-1.0,1.0,0.0,-0.002636192140761345
2015-01-14,1.0,1.0,0.0,0.025830660367344594
2015-01-15,1.0,1.0,1.0,0.0023106851493621787
2015-01-16,1.0,1.0,1.0,0.004324774533538449
2015-01-19,1.0,1.0,1.0,0.01680399965846449
2015-01-20,1.0,-1.0,1.0,0.0038909438418050723
2015-01-21,1.0,1.0,1.0,0.0036476150877737317
2015-01-22,1.0,1.0,1.0,0.00843330565006859
2015-01-23,1.0,1.0,1.0,0.008441341450482422
2015-01-27,0.0,1.0,1.0,0.00042637225187001037
2015-01-28,1.0,1.0,1.0,0.004259338770853641
2015-01-29,-1.0,1.0,1.0,-0.016153493616853636
2015-01-30,0.0,1.0,1.0,-0.0013063507534741001
2015-02-02,-1.0,1.0,0.0,-0.004654231525165908
2015-02-03,-1.0,-1.0,0.0,-0.0037585319056024297
2015-02-04,0.0,-1.0,0.0,-0.0013765100766004728
2015-02-05,-1.0,1.0,0.0,-0.005830987438373654
2015-02-06,-1.0,1.0,0.0,-0.01567459393409736
2015-02-09,1.0,1.0,-1.0,0.004586976138613567
2015-02-10,1.0,1.0,0.0,0.007194840537426239
2015-02-11,1.0,1.0,0.0,0.00970654632442759
2015-02-12,1.0,-1.0,0.0,0.010726794848962074
2015-02-13,0.0,-1.0,1.0,0.0004371311775355716
2015-02-16,1.0,1.0,0.0,0.006759668128535262
2015-02-18,1.0,1.0,1.0,0.002949721802804654
2015-02-19,-1.0,1.0,1.0,-0.0069604148142353005
2015-02-20,-1.0,1.0,0.0,-0.008943377848408795
2015-02-23,0.0,1.0,0.0,0.0008163475467704371
2015-02-24,0.0,1.0,0.0,0.0005875859798763928
2015-02-25,-1.0,0.0,0.0,-0.009558209505033739
2015-02-26,1.0,-1.0,0.0,0.018342124578303188
2015-02-27,1.0,0.0,0.0,0.006452017006512306
2015-02-28,1.0,1.0,1.0,0.006148317666913585
2015-03-02,1.0,1.0,1.0,0.00440038586730066
2015-03-03,-1.0,-1.0,1.0,-0.00821483616723559
2015-03-04,0.0,1.0,0.0,0.0016908919842467322
2015-03-05,-1.0,1.0,0.0,-0.02045904811401918
2015-03-09,-1.0,-1.0,0.0,-0.005117706718394268
2015-03-10,0.0,-1.0,0.0,-0.0013898463068881953
2015-03-11,1.0,-1.0,0.0,0.008703444455342574
2015-03-12,-1.0,-1.0,0.0,-0.014721551472009752
2015-03-13,0.0,0.0,-1.0,-0.0016897272102494485
2015-03-16,1.0,0.0,-1.0,0.010388162406696348
2015-03-17,-1.0,0.0,0.0,-0.004296585430193531
2015-03-18,-1.0,0.0,0.0,-0.005917843205695482
2015-03-19,-1.0,0.0,0.0,-0.007410433462823647
2015-03-20,-1.0,0.0,-1.0,-0.0023362040318674936
2015-03-23,0.0,0.0,-1.0,-0.0009301591593691744
2015-03-24,0.0,-1.0,-1.0,-0.0014232376661163287
2015-03-25,-1.0,-1.0,-1.0,-0.022362166828760233
2015-03-26,0.0,1.0,-1.0,-8.990892232234343e-05
2015-03-27,1.0,0.0,-1.0,0.01792880259372829
2015-03-30,0.0,0.0,0.0,-0.00015309156672000437
2015-03-31,1.0,0.0,0.0,0.011155307528727893
2015-04-01,1.0,0.0,0.0,0.008541088617607507
2015-04-06,0.0,0.0,0.0,4.6188843093050606e-05
2015-04-07,1.0,0.0,0.0,0.00622746577944364
2015-04-08,1.0,-1.0,0.0,0.007305937245911289
2015-04-09,0.0,0.0,1.0,0.00023350314623443608
2015-04-10,1.0,0.0,1.0,0.0060916429960903105
2015-04-13,-1.0,0.0,1.0,-0.009531355923174955
2015-04-15,-1.0,0.0,0.0,-0.0049837130344473814
2015-04-16,-1.0,1.0,0.0,-0.011633209800304587
2015-04-17,-1.0,1.0,0.0,-0.01851807040134819
2015-04-20,-1.0,1.0,-1.0,-0.008362181992732759
2015-04-21,1.0,1.0,-1.0,0.0061818021695861205
2015-04-22,-1.0,1.0,-1.0,-0.0037318797768145355
2015-04-23,-1.0,1.0,-1.0,-0.011141459454923742
2015-04-24,-1.0,1.0,-1.0,-0.011072178395239022
2015-04-27,1.0,1.0,-1.0,0.008703401727596441
2015-04-28,-1.0,1.0,-1.0,-0.005549064637238217
2015-04-29,-1.0,1.0,-1.0,-0.007094495768480639
2015-04-30,1.0,1.0,-1.0,0.018222014533752957
2015-05-04,0.0,1.0,0.0,-0.0008585108666642865
2015-05-05,-1.0,1.0,0.0,-0.02774538884992459
2015-05-06,-1.0,1.0,-1.0,-0.004915109899369749
2015-05-07,1.0,1.0,-1.0,0.016518518473573537
2015-05-08,1.0,1.0,0.0,0.016196034167464263
2015-05-11,-1.0,1.0,0.0,-0.024107366025236887
2015-05-12,1.0,1.0,-1.0,0.01326230752496551
2015-05-13,0.0,1.0,0.0,-0.0013669794621202092
2015-05-14,1.0,1.0,0.0,0.004628023218110737
2015-05-15,1.0,1.0,0.0,0.013380819986761118
2015-05-18,0.0,0.0,0.0,-0.0009558345461374651
2015-05-19,1.0,0.0,0.0,0.006861703387130291
2015-05-20,0.0,0.0,1.0,-0.0002671534812630433
2015-05-21,1.0,0.0,0.0,0.004496466392384961
2015-05-22,-1.0,1.0,1.0,-0.01054129980665742
2015-05-25,-1.0,1.0,0.0,-0.0036984769501036585
2015-05-26,0.0,0.0,0.0,-0.0005697510342172957
2015-05-27,0.0,0.0,0.0,-0.0018734693475108775
2015-05-28,1.0,0.0,0.0,0.013687600465767506
2015-05-29,0.0,-1.0,0.0,-2.9643595058783424e-05
2015-06-01,-1.0,0.0,0.0,-0.02363058632565605
2015-06-02,-1.0,0.0,0.0,-0.012381392688355673
2015-06-03,0.0,0.0,-1.0,-0.0005471619951152744
2015-06-04,0.0,1.0,-1.0,-0.0019636394568422855
2015-06-05,-1.0,1.0,-1.0,-0.008732112530860727
2015-06-08,-1.0,1.0,-1.0,-0.0027074901937920617
2015-06-09,1.0,1.0,-1.0,0.012640404635043944
2015-06-10,-1.0,0.0,0.0,-0.019777148972969484
2015-06-11,1.0,0.0,-1.0,0.0022008693222258725
2015-06-12,1.0,0.0,-1.0,0.003875780006747908
2015-06-15,1.0,0.0,-1.0,0.004159097470468204
2015-06-16,1.0,0.0,0.0,0.005483675836339464
2015-06-17,1.0,0.0,0.0,0.01021147864292033
2015-06-18,1.0,1.0,0.0,0.0061404316829892
2015-06-19,1.0,1.0,0.0,0.015460509843183657
2015-06-22,1.0,-1.0,1.0,0.0034001341419138656
2015-06-23,-1.0,-1.0,1.0,-0.0024727650214575975
2015-06-24,1.0,0.0,1.0,0.004433485692758857
2015-06-25,-1.0,0.0,1.0,-0.0020144114660273177
2015-06-26,-1.0,0.0,1.0,-0.007509242148659931
2015-06-29,1.0,1.0,0.0,0.006004728324241362
2015-06-30,1.0,1.0,0.0,0.010052666017483027
2015-07-01,0.0,0.0,1.0,-0.0009646141256129774
2015-07-02,1.0,0.0,1.0,0.004725404249484008
2015-07-03,1.0,0.0,1.0,0.00438054331190067
2015-07-06,0.0,0.0,1.0,-0.0013327112073848752
2015-07-07,-1.0,0.0,1.0,-0.017512752120137583
2015-07-08,-1.0,1.0,0.0,-0.0041338216982639425
2015-07-09,1.0,1.0,0.0,0.003834843007237717
2015-07-10,1.0,-1.0,0.0,0.011783587197667495
2015-07-13,0.0,-1.0,0.0,-0.0006562708091575268
2015-07-14,1.0,0.0,0.0,0.008210720003500056
2015-07-15,1.0,0.0,1.0,0.009835561154472951
2015-07-16,0.0,0.0,1.0,0.00020908473234936958
2015-07-17,0.0,0.0,1.0,-0.0007436110792131971
2015-07-20,-1.0,0.0,1.0,-0.008638404492949399
2015-07-21,1.0,0.0,0.0,0.012125103757416237
2015-07-22,-1.0,0.0,1.0,-0.005074532032312573
2015-07-23,-1.0,0.0,0.0,-0.00797720366050664
2015-07-24,-1.0,0.0,0.0,-0.019020212009607847
2015-07-27,-1.0,1.0,-1.0,-0.002874597739444469
2015-07-28,1.0,-1.0,-1.0,0.004553608414086103
2015-07-29,1.0,0.0,0.0,0.005566534286775702
2015-07-30,1.0,0.0,0.0,0.013099838458928155
2015-07-31,0.0,0.0,0.0,0.0011946663090252347
2015-08-03,-1.0,-1.0,0.0,-0.00306566203071199
2015-08-04,1.0,0.0,0.0,0.005976072594240236
2015-08-05,1.0,0.0,0.0,0.0024130666967213904
2015-08-06,-1.0,0.0,0.0,-0.0028041351649522885
2015-08-07,-1.0,0.0,0.0,-0.004564027067979434
2015-08-10,-1.0,1.0,0.0,-0.00744648910180363
2015-08-11,-1.0,1.0,0.0,-0.013431244392924006
2015-08-12,0.0,1.0,-1.0,0.000766223930503318
2015-08-13,1.0,-1.0,-1.0,0.019284246203826075
2015-08-14,-1.0,-1.0,0.0,-0.004854135685655054
2015-08-17,0.0,-1.0,0.0,-0.0012688971446727342
2015-08-18,1.0,1.0,0.0,0.003372306679677083
2015-08-19,-1.0,1.0,0.0,-0.01451302751352893
2015-08-20,-1.0,1.0,0.0,-0.008732894212009904
2015-08-21,-1.0,1.0,-1.0,-0.060972576007483854
2015-08-24,1.0,-1.0,-1.0,0.00913981773118768
2015-08-25,-1.0,-1.0,-1.0,-0.011338416770132156
2015-08-26,1.0,-1.0,-1.0,0.01996152883021574
2015-08-27,1.0,-1.0,-1.0,0.006645417505821892
2015-08-28,-1.0,-1.0,-1.0,-0.0038376708080114967
2015-08-31,-1.0,-1.0,-1.0,-0.02353960751499542
2015-09-01,-1.0,-1.0,-1.0,-0.008882296179158256
2015-09-02,1.0,-1.0,-1.0,0.01364242522747763
2015-09-03,-1.0,-1.0,-1.0,-0.02170255193598637
2015-09-04,-1.0,-1.0,-1.0,-0.012653113333210548
2015-09-07,1.0,-1.0,-1.0,0.016980741915736938
2015-09-08,1.0,-1.0,-1.0,0.016812321047294777
2015-09-09,-1.0,-1.0,0.0,-0.003908582702182925
2015-09-10,0.0,-1.0,0.0,0.00015406935719366538
2015-09-11,1.0,-1.0,0.0,0.010592920323966004
2015-09-14,-1.0,-1.0,0.0,-0.00549635650817742
2015-09-15,1.0,-1.0,0.0,0.008907597879939009
2015-09-16,1.0,-1.0,0.0,0.010421319612123373
2015-09-18,0.0,-1.0,1.0,-0.0006015414681044874
2015-09-21,-1.0,-1.0,0.0,-0.020913923877102725
2015-09-22,1.0,-1.0,0.0,0.004336462078648718
2015-09-23,1.0,-1.0,0.0,0.0028699719657007167
2015-09-24,-1.0,-1.0,0.0,-0.009295147426338244
2015-09-28,1.0,-1.0,0.0,0.00608736453593409
2015-09-29,1.0,-1.0,0.0,0.01337389014469916
2015-09-30,0.0,-1.0,0.0,0.00025157549284249867
2015-10-01,1.0,-1.0,0.0,0.02095881375508732
2015-10-05,1.0,1.0,1.0,0.004129748620775543
2015-10-06,1.0,1.0,1.0,0.0030005594976027835
2015-10-07,-1.0,-1.0,1.0,-0.0058932821154094855
2015-10-08,1.0,-1.0,1.0,0.007396297593475994
2015-10-09,-1.0,-1.0,1.0,-0.005644924469066859
2015-10-12,0.0,-1.0,1.0,-0.0014623388964399796
2015-10-13,-1.0,1.0,0.0,-0.00293110877602961
2015-10-14,1.0,1.0,0.0,0.008792129036173624
2015-10-15,1.0,1.0,0.0,0.007144780099017116
2015-10-16,1.0,1.0,1.0,0.004469159389838342
2015-10-19,0.0,1.0,1.0,-0.0016206380877549446
2015-10-20,0.0,1.0,1.0,-0.00120508572810975
2015-10-21,1.0,1.0,0.0,0.005287931993795239
2015-10-23,-1.0,1.0,1.0,-0.004216000446318112
2015-10-26,-1.0,0.0,0.0,-0.0033528492707724606
2015-10-27,-1.0,1.0,0.0,-0.007522545090541855
2015-10-28,-1.0,0.0,0.0,-0.007302149077749941
2015-10-29,-1.0,0.0,0.0,-0.0056807271273674655
2015-10-30,0.0,1.0,0.0,-0.001861435331419404
2015-11-02,0.0,1.0,0.0,0.0012289360079425834
2015-11-03,-1.0,1.0,0.0,-0.002546442879275842
2015-11-04,-1.0,1.0,0.0,-0.010596730117439205
2015-11-05,0.0,1.0,-1.0,-0.00014456543968348424
2015-11-06,-1.0,1.0,-1.0,-0.0049277014549425294
2015-11-09,-1.0,1.0,-1.0,-0.01679812471917992
2015-11-10,1.0,1.0,-1.0,0.0053368996540898335
2015-11-11,-1.0,1.0,-1.0,-0.008051495804410539
2015-11-13,1.0,0.0,-1.0,0.0056972891335418325
2015-11-16,1.0,0.0,-1.0,0.003956755768668415
2015-11-17,-1.0,-1.0,0.0,-0.013584591041188353
2015-11-18,1.0,0.0,-1.0,0.014247843681842662
2015-11-19,0.0,1.0,0.0,0.001758040620194783
2015-11-20,0.0,1.0,0.0,-0.0009295929561929175
2015-11-23,-1.0,-1.0,0.0,-0.0022511544276917856
2015-11-24,1.0,-1.0,0.0,0.006643189734136915
2015-11-26,1.0,0.0,0.0,0.0074432466977343344
2015-11-27,0.0,0.0,0.0,-0.0009384083646455314
2015-11-30,1.0,0.0,0.0,0.00247323153228641
2015-12-01,-1.0,1.0,0.0,-0.002964830246382941
2015-12-02,-1.0,1.0,0.0,-0.008508803828694305
2015-12-03,-1.0,0.0,0.0,-0.010513932612670314
2015-12-04,-1.0,-1.0,0.0,-0.002122555838596946
2015-12-07,-1.0,0.0,0.0,-0.008236884761876744
2015-12-08,-1.0,-1.0,-1.0,-0.011649450676256404
2015-12-09,1.0,1.0,-1.0,0.009257509334327736
2015-12-10,-1.0,0.0,-1.0,-0.009526839524913903
2015-12-11,1.0,1.0,-1.0,0.005189880919368561
2015-12-14,1.0,1.0,-1.0,0.006625021381424254
2015-12-15,1.0,-1.0,0.0,0.006471760508837625
2015-12-16,1.0,0.0,0.0,0.011984561775383614
2015-12-17,-1.0,1.0,0.0,-0.010559936143228895
2015-12-18,1.0,-1.0,0.0,0.009297084226538115
2015-12-21,-1.0,-1.0,0.0,-0.0061905828425923215
2015-12-22,1.0,-1.0,0.0,0.01020322484736798
2015-12-23,0.0,1.0,0.0,-0.0006231322132069426
2015-12-24,1.0,1.0,0.0,0.008121061723696364
2015-12-28,0.0,0.0,1.0,0.000479371275918494
2015-12-29,-1.0,0.0,0.0,-0.004132655074162747
2015-12-30,1.0,0.0,0.0,0.006324740510985518
2015-12-31,1.0,1.0,0.0,0.0021182253803941208
2016-01-01,-1.0,1.0,0.0,-0.02182320254634219
2016-01-04,0.0,-1.0,0.0,-0.0008538805535521714
2016-01-05,-1.0,0.0,0.0,-0.0056229677996819044
2016-01-06,-1.0,0.0,0.0,-0.022562406666700497
2016-01-07,1.0,-1.0,-1.0,0.00435739154073617
2016-01-08,-1.0,-1.0,-1.0,-0.004945543274399779
2016-01-11,-1.0,-1.0,-1.0,-0.007104908106335364
2016-01-12,1.0,-1.0,-1.0,0.006913188413160628
2016-01-13,-1.0,-1.0,-1.0,-0.003390911376716468
2016-01-14,-1.0,-1.0,-1.0,-0.013222582559598958
2016-01-15,-1.0,-1.0,-1.0,-0.011738747800771408
2016-01-18,1.0,-1.0,-1.0,0.011375671328844596
2016-01-19,-1.0,-1.0,-1.0,-0.017064519778242238
2016-01-20,-1.0,-1.0,-1.0,-0.004456304808527721
2016-01-21,1.0,-1.0,-1.0,0.019817986224223778
2016-01-22,0.0,-1.0,0.0,0.0018440504330504684
2016-01-25,0.0,-1.0,0.0,0.00021514196090760673
2016-01-27,0.0,-1.0,0.0,-0.001762838221614563
2016-01-28,1.0,-1.0,0.0,0.01853511116378017
2016-01-29,0.0,0.0,0.0,-0.0010053243348120673
2016-02-01,-1.0,0.0,0.0,-0.013376610874904342
2016-02-02,-1.0,-1.0,0.0,-0.012654253427677708
2016-02-03,1.0,-1.0,-1.0,0.005715926654272561
2016-02-04,1.0,-1.0,0.0,0.011428235384442176
2016-02-05,-1.0,-1.0,0.0,-0.013693088883640953
2016-02-08,-1.0,-1.0,0.0,-0.012127798804870539
2016-02-09,-1.0,-1.0,-1.0,-0.011368534790472756
2016-02-10,-1.0,-1.0,-1.0,-0.03373335025025544
2016-02-11,0.0,-1.0,-1.0,0.0006591532984963952
2016-02-12,1.0,-1.0,-1.0,0.02573689662749143
2016-02-15,-1.0,1.0,-1.0,-0.01614254823202739
2016-02-16,1.0,-1.0,-1.0,0.008504858175728582
2016-02-17,1.0,1.0,-1.0,0.01165031848362057
2016-02-18,1.0,1.0,0.0,0.002638432358562314
2016-02-19,1.0,-1.0,0.0,0.0032951924204565474
2016-02-22,-1.0,1.0,0.0,-0.01742920982584184
2016-02-23,-1.0,1.0,-1.0,-0.012860934969299378
2016-02-24,-1.0,1.0,-1.0,-0.006876711422382299
2016-02-25,1.0,-1.0,-1.0,0.008449839031309078
2016-02-26,-1.0,1.0,-1.0,-0.006092707620728847
2016-02-29,1.0,-1.0,-1.0,0.03311502604036025
2016-03-01,1.0,-1.0,0.0,0.020088194301993236
2016-03-02,1.0,-1.0,1.0,0.01438272757981807
2016-03-03,0.0,-1.0,1.0,0.0013033933513985744
2016-03-04,0.0,-1.0,1.0,-6.679736684793017e-06
2016-03-08,1.0,-1.0,1.0,0.006192959841356403
2016-03-09,-1.0,-1.0,1.0,-0.006079410385437102
2016-03-10,1.0,-1.0,1.0,0.0032074498952521847
2016-03-11,1.0,-1.0,1.0,0.0037942892031638392
2016-03-14,-1.0,-1.0,1.0,-0.010420545847201314
2016-03-15,1.0,-1.0,0.0,0.005100500049307666
2016-03-16,0.0,-1.0,0.0,0.0018386154280552417
2016-03-17,1.0,-1.0,0.0,0.01214549655978919
2016-03-18,1.0,-1.0,1.0,0.013051672671276491
2016-03-21,0.0,1.0,1.0,0.0013813993240332821
2016-03-22,0.0,0.0,1.0,0.00020736939042907305
2016-03-23,-1.0,0.0,1.0,-0.013227775121485097
2016-03-28,-1.0,-1.0,0.0,-0.0023796857161793887
2016-03-29,1.0,-1.0,0.0,0.01802790766611606
2016-03-30,0.0,1.0,1.0,0.00041360769899949964
2016-03-31,-1.0,1.0,1.0,-0.003281248393441246
2016-04-01,1.0,1.0,1.0,0.005913983569240657
2016-04-04,-1.0,0.0,1.0,-0.020258471755920285
2016-04-05,0.0,-1.0,0.0,0.001465413551501711
2016-04-06,-1.0,-1.0,0.0,-0.008957370850205362
2016-04-07,0.0,-1.0,0.0,0.0011588139016811545
2016-04-08,1.0,-1.0,0.0,0.015263060148727501
2016-04-11,1.0,-1.0,0.0,0.004882863472765534
2016-04-12,1.0,-1.0,0.0,0.018188863461525737
2016-04-13,1.0,1.0,1.0,0.008150934906212496
2016-04-18,0.0,-1.0,1.0,6.3173388842871176e-06
2016-04-20,0.0,-1.0,1.0,-0.0003411934220679929
2016-04-21,0.0,1.0,1.0,-0.0016127658629500094
2016-04-22,-1.0,1.0,1.0,-0.005617510892454403
2016-04-25,1.0,-1.0,0.0,0.013605221965695767
2016-04-26,1.0,1.0,1.0,0.0021640210294831333
2016-04-27,-1.0,1.0,1.0,-0.01676272810774945
2016-04-28,0.0,-1.0,0.0,0.0003249018156190739
2016-04-29,-1.0,-1.0,0.0,-0.005608195744850267
2016-05-02,-1.0,-1.0,0.0,-0.007574186368132628
2016-05-03,-1.0,-1.0,0.0,-0.005235055036589779
2016-05-04,1.0,1.0,0.0,0.0037495065638106385
2016-05-05,0.0,1.0,0.0,-0.00026504707973084955
2016-05-06,1.0,-1.0,0.0,0.0170009543630475
2016-05-09,1.0,-1.0,0.0,0.002761231549014723
2016-05-10,-1.0,-1.0,0.0,-0.004950237761993738
2016-05-11,1.0,-1.0,0.0,0.006546366855241561
2016-05-12,-1.0,0.0,0.0,-0.01088122321630429
2016-05-13,1.0,-1.0,0.0,0.005849853849998104
2016-05-16,1.0,-1.0,0.0,0.0038091656381104887
2016-05-17,-1.0,1.0,0.0,-0.0026140654062346874
2016-05-18,-1.0,-1.0,0.0,-0.011083861247528113
2016-05-19,-1.0,-1.0,0.0,-0.004339127782009621
2016-05-20,-1.0,1.0,0.0,-0.0024094451525408156
2016-05-23,1.0,1.0,0.0,0.0022997574719705355
2016-05-24,1.0,1.0,0.0,0.023726306246479582
2016-05-25,1.0,1.0,1.0,0.01683935932876852
2016-05-26,1.0,1.0,1.0,0.010723434632758858
2016-05-27,1.0,1.0,1.0,0.0026752142504092432
2016-05-30,-1.0,0.0,1.0,-0.0022523359135574773
2016-05-31,1.0,0.0,1.0,0.0024296143236509325
2016-06-01,1.0,0.0,1.0,0.004756425556180148
2016-06-02,0.0,0.0,1.0,0.0002250642507103704
2016-06-03,-1.0,0.0,1.0,-0.0024053330802774366
2016-06-06,1.0,0.0,1.0,0.00794295962877799
2016-06-07,0.0,0.0,1.0,0.0007980894646536186
2016-06-08,-1.0,0.0,1.0,-0.008430161629140858
2016-06-09,-1.0,0.0,0.0,-0.004098053513215543
2016-06-10,-1.0,-1.0,0.0,-0.007303180676130014
2016-06-13,0.0,0.0,0.0,-0.00021579030198819746
2016-06-14,1.0,0.0,0.0,0.011982650752247075
2016-06-15,-1.0,0.0,0.0,-0.008056395216174761
2016-06-16,1.0,0.0,0.0,0.003611075014268178
2016-06-17,1.0,0.0,0.0,0.00832490013890157
2016-06-20,-1.0,0.0,0.0,-0.00226024497138191
2016-06-21,0.0,-1.0,0.0,-0.001972771530476316
2016-06-22,1.0,0.0,0.0,0.00810364908467242
2016-06-23,-1.0,0.0,0.0,-0.0222332581552268
2016-06-24,0.0,0.0,0.0,0.0007538635863996896
2016-06-27,1.0,0.0,0.0,0.004086909412090227
2016-06-28,1.0,-1.0,0.0,0.009325404268708032
2016-06-29,1.0,1.0,0.0,0.010156680759383653
2016-06-30,1.0,1.0,0.0,0.004886836357259007
2016-07-01,1.0,1.0,1.0,0.005072155696760833
2016-07-04,-1.0,1.0,1.0,-0.004160026111129104
2016-07-05,0.0,1.0,0.0,0.00023389919051559977
2016-07-07,0.0,1.0,0.0,-0.0017645898307286068
2016-07-08,1.0,0.0,0.0,0.01723574776678337
2016-07-11,1.0,0.0,1.0,0.0062570286455097815
2016-07-12,0.0,0.0,1.0,-0.0001819190113316264
2016-07-13,1.0,0.0,1.0,0.005326478102926448
2016-07-14,-1.0,0.0,1.0,-0.0027592029851549417
2016-07-15,-1.0,-1.0,1.0,-0.0038357593319745743
2016-07-18,1.0,-1.0,0.0,0.0023301893183188
2016-07-19,1.0,-1.0,0.0,0.004364009172228777
2016-07-20,-1.0,1.0,1.0,-0.0065296745519432715
2016-07-21,1.0,-1.0,0.0,0.0036478197540639554
2016-07-22,1.0,-1.0,0.0,0.010997470657424058
2016-07-25,-1.0,0.0,1.0,-0.005224581292661802
2016-07-26,1.0,-1.0,0.0,0.0029233244406166444
2016-07-27,1.0,1.0,0.0,0.00584421380906831
2016-07-28,-1.0,1.0,1.0,-0.0032129841333691732
2016-07-29,0.0,1.0,0.0,-0.00022575911598316892
2016-08-01,0.0,1.0,0.0,-0.001581742505806558
2016-08-02,-1.0,-1.0,0.0,-0.009092692722650519
2016-08-03,0.0,-1.0,0.0,0.0007311673558286769
2016-08-04,1.0,1.0,0.0,0.015324436420528317
2016-08-05,1.0,1.0,0.0,0.003242407048897645
2016-08-08,-1.0,1.0,1.0,-0.003806877671094584
2016-08-09,-1.0,1.0,0.0,-0.01193391757965112
2016-08-10,0.0,-1.0,0.0,0.001963017851908133
2016-08-11,1.0,1.0,0.0,0.009267745880991957
2016-08-12,-1.0,1.0,0.0,-0.003419063435729824
2016-08-16,-1.0,1.0,0.0,-0.0021428662364497363
2016-08-17,1.0,-1.0,0.0,0.00568876445275242
2016-08-18,0.0,-1.0,0.0,-0.0007324043083656851
2016-08-19,-1.0,-1.0,0.0,-0.004365165450238113
2016-08-22,0.0,1.0,0.0,0.0003997277270193764
2016-08-23,1.0,0.0,0.0,0.0020482680786460994
2016-08-24,-1.0,0.0,0.0,-0.006739187460298809
2016-08-25,-1.0,0.0,0.0,-0.0022895770208179967
2016-08-26,1.0,0.0,0.0,0.004062869383885717
2016-08-29,1.0,0.0,0.0,0.015779670194480996
2016-08-30,1.0,1.0,0.0,0.004774531261316747
2016-08-31,0.0,1.0,1.0,-0.0013154262652956953
2016-09-01,1.0,1.0,0.0,0.003980829060059706
2016-09-02,1.0,1.0,1.0,0.015023391787410141
2016-09-06,-1.0,0.0,1.0,-0.0028050038127360455
2016-09-07,1.0,0.0,1.0,0.003866723339142703
2016-09-08,-1.0,0.0,1.0,-0.009630136379477202
2016-09-09,-1.0,1.0,0.0,-0.017188163092987728
2016-09-12,0.0,-1.0,0.0,0.001261308947073783
2016-09-14,0.0,-1.0,0.0,0.0018260767618550118
2016-09-15,1.0,-1.0,0.0,0.004257414091712508
2016-09-16,1.0,-1.0,0.0,0.0032464884312727363
2016-09-19,-1.0,-1.0,0.0,-0.0036964834547443554
2016-09-20,0.0,-1.0,0.0,0.00014242539069994042
2016-09-21,1.0,-1.0,0.0,0.010235515496083751
2016-09-22,-1.0,1.0,0.0,-0.004056731932207209
2016-09-23,-1.0,0.0,0.0,-0.012361589742133385
2016-09-26,0.0,-1.0,0.0,-0.0019105600078839372
2016-09-27,1.0,1.0,0.0,0.004440873582407444
2016-09-28,-1.0,-1.0,0.0,-0.01775501752844433
2016-09-29,1.0,0.0,-1.0,0.002313631688238527
2016-09-30,1.0,0.0,-1.0,0.014634899588265053
2016-10-03,1.0,1.0,0.0,0.0035471056340442638
2016-10-04,-1.0,-1.0,0.0,-0.0028778477131076213
2016-10-05,-1.0,-1.0,0.0,-0.003941907874533398
2016-10-06,0.0,-1.0,0.0,-0.0013729992419518038
2016-10-07,0.0,1.0,0.0,0.0012868831631654618
2016-10-10,-1.0,1.0,0.0,-0.015675453985937313
2016-10-13,0.0,1.0,-1.0,0.0011715506899027308
2016-10-14,-1.0,1.0,0.0,-0.007366817305771525
2016-10-17,1.0,1.0,-1.0,0.018316275821285182
2016-10-18,-1.0,1.0,0.0,-0.0021687728406222717
2016-10-19,1.0,1.0,0.0,0.004643266688410912
2016-10-20,0.0,1.0,0.0,-0.0007302019303950406
2016-10-21,0.0,1.0,0.0,0.0018273766721734427
2016-10-24,-1.0,1.0,0.0,-0.0020287071798899977
2016-10-25,-1.0,0.0,0.0,-0.008788636615468148
2016-10-26,0.0,-1.0,0.0,0.0
2016-10-27,1.0,1.0,0.0,0.0026371858270232084
2016-10-28,0.0,0.0,0.0,-0.0014249554940435026
2016-10-30,0.0,-1.0,0.0,6.376090820862876e-05
2016-11-01,-1.0,-1.0,0.0,-0.013098012546713908
2016-11-02,-1.0,0.0,-1.0,-0.0034178614890483976
2016-11-03,-1.0,0.0,-1.0,-0.006052492957414144
2016-11-04,1.0,0.0,-1.0,0.007477531474391754
2016-11-07,1.0,0.0,0.0,0.005457567857587197
2016-11-08,-1.0,0.0,0.0,-0.013142620492470334
2016-11-09,1.0,0.0,-1.0,0.01105700404045472
2016-11-10,-1.0,1.0,0.0,-0.02728136356027867
2016-11-11,-1.0,-1.0,-1.0,-0.022902904489528118
2016-11-15,0.0,-1.0,-1.0,0.000388408178717196
2016-11-16,-1.0,-1.0,-1.0,-0.003909451573325995
2016-11-17,0.0,-1.0,-1.0,-0.0007242766062665681
2016-11-18,-1.0,-1.0,-1.0,-0.018121871647160233
2016-11-21,1.0,-1.0,-1.0,0.00918946421801175
2016-11-22,1.0,-1.0,-1.0,0.003866402082667232
2016-11-23,-1.0,-1.0,-1.0,-0.008475686411485068
2016-11-24,1.0,-1.0,-1.0,0.01850822120281033
2016-11-25,0.0,-1.0,0.0,0.001551609798274446
2016-11-28,0.0,-1.0,0.0,0.0018747258710823762
2016-11-29,1.0,-1.0,0.0,0.010063231627096166
2016-11-30,-1.0,-1.0,0.0,-0.00384957898620221
2016-12-01,-1.0,-1.0,0.0,-0.013034822785839032
2016-12-02,1.0,-1.0,0.0,0.005174057443189948
2016-12-05,0.0,-1.0,0.0,0.0017699228435711283
2016-12-06,-1.0,-1.0,0.0,-0.005059966967614639
2016-12-07,1.0,-1.0,0.0,0.017714193176468933
2016-12-08,0.0,1.0,0.0,0.001805120245922591
2016-12-09,-1.0,1.0,0.0,-0.011069606204788154
2016-12-12,1.0,-1.0,0.0,0.0062223399032888815
2016-12-13,-1.0,0.0,0.0,-0.004797546425438739
2016-12-14,-1.0,-1.0,0.0,-0.0035320692570365406
2016-12-15,0.0,1.0,0.0,-0.0017369373515074115
2016-12-16,-1.0,1.0,0.0,-0.004321655601441878
2016-12-19,-1.0,1.0,0.0,-0.002712096431263081
2016-12-20,-1.0,1.0,0.0,-0.0026140242961534598
2016-12-21,-1.0,1.0,0.0,-0.010249210688764674
2016-12-22,0.0,1.0,-1.0,0.0008330802211864997
2016-12-23,-1.0,1.0,-1.0,-0.009752185003088458
2016-12-26,1.0,0.0,-1.0,0.01563286567878568
2016-12-27,0.0,1.0,0.0,0.00024894664579607243
2016-12-28,1.0,1.0,0.0,0.008520076697512285
2016-12-29,1.0,1.0,0.0,0.01009253842808683
2016-12-30,0.0,1.0,0.0,-0.0007699217626575115
2017-01-02,0.0,1.0,0.0,0.0015575613575361691
2017-01-03,0.0,1.0,0.0,-0.00021363934707617968
2017-01-04,1.0,1.0,0.0,0.010118949579130353
2017-01-05,-1.0,0.0,1.0,-0.0036324929756751554
2017-01-06,0.0,0.0,0.0,-0.0009405426106811757
2017-01-09,1.0,0.0,0.0,0.006360216663891995
2017-01-10,1.0,1.0,0.0,0.011044400399176861
2017-01-11,1.0,0.0,1.0,0.003163004450858122
2017-01-12,0.0,0.0,1.0,-0.0008151099213466025
2017-01-13,0.0,0.0,1.0,0.0014809839055218003
2017-01-16,0.0,0.0,1.0,-0.0017607732914233583
2017-01-17,1.0,0.0,0.0,0.002259887967437504
2017-01-18,1.0,0.0,0.0,0.0021481010627708392
2017-01-19,-1.0,0.0,0.0,-0.010217879770848582
2017-01-20,1.0,1.0,0.0,0.005035597244735685
2017-01-23,1.0,0.0,0.0,0.009995755325698906
2017-01-24,1.0,0.0,1.0,0.014866875494814625
2017-01-25,1.0,0.0,1.0,0.004465328690727306
2017-01-27,0.0,0.0,1.0,-0.0009841380903137704
2017-01-30,-1.0,0.0,1.0,-0.008311062405448044
2017-01-31,1.0,0.0,0.0,0.017954260859053356
2017-02-01,1.0,0.0,1.0,0.002045769782265635
2017-02-02,0.0,0.0,1.0,0.0007668009897788109
2017-02-03,1.0,0.0,1.0,0.006852153135457134
2017-02-06,-1.0,0.0,1.0,-0.003728087599335007
2017-02-07,0.0,0.0,1.0,8.553173660309299e-05
2017-02-08,0.0,0.0,1.0,0.0010656820090535477
2017-02-09,0.0,0.0,1.0,0.0017243395017456963
2017-02-10,0.0,0.0,1.0,0.001306922327557468
2017-02-13,0.0,0.0,1.0,-0.0014490820755487257
2017-02-14,-1.0,0.0,0.0,-0.007718254905012281
2017-02-15,1.0,0.0,0.0,0.006090507722847818
2017-02-16,1.0,0.0,0.0,0.004966003944137277
2017-02-17,1.0,0.0,0.0,0.006496867645453195
2017-02-20,1.0,1.0,1.0,0.003221447601126885
2017-02-21,1.0,1.0,1.0,0.002136279706175582
2017-02-22,0.0,1.0,1.0,0.0014104690468023052
2017-02-23,-1.0,1.0,1.0,-0.004799237746814985
2017-02-27,0.0,1.0,0.0,-0.001923910518447593
2017-02-28,1.0,-1.0,0.0,0.007427637455889499
2017-03-01,-1.0,1.0,0.0,-0.0051609619444392294
2017-03-02,0.0,1.0,0.0,-0.0002472285134494071
2017-03-03,1.0,1.0,0.0,0.0073792395765551015
2017-03-06,0.0,1.0,0.0,-0.001848093946849372
2017-03-07,-1.0,-1.0,0.0,-0.002529210354928941
2017-03-08,0.0,-1.0,0.0,0.0003024989799723591
2017-03-09,0.0,-1.0,0.0,0.0008453914077621215
2017-03-10,1.0,-1.0,0.0,0.016919037108222915
2017-03-14,0.0,-1.0,1.0,-0.00024213341669499945
2017-03-15,1.0,-1.0,1.0,0.0075554818394591335
2017-03-16,0.0,-1.0,1.0,0.0006934680504509139
2017-03-17,-1.0,-1.0,1.0,-0.003631018540763328
2017-03-20,0.0,-1.0,0.0,-0.0005863543995246928
2017-03-21,-1.0,-1.0,0.0,-0.010032064171866618
2017-03-22,1.0,0.0,0.0,0.006165584547492602
2017-03-23,1.0,0.0,0.0,0.0023853635797301672
2017-03-24,-1.0,0.0,0.0,-0.006918917934791204
2017-03-27,1.0,0.0,0.0,0.006128091479973277
2017-03-28,1.0,0.0,0.0,0.004713732240665867
2017-03-29,1.0,0.0,0.0,0.003270090889794336
2017-03-30,0.0,0.0,0.0,0.0
2017-03-31,1.0,-1.0,0.0,0.0069630297186553496
2017-04-03,1.0,-1.0,1.0,0.002950874972699546
2017-04-05,0.0,-1.0,1.0,-0.00034543992657459197
2017-04-06,-1.0,-1.0,0.0,-0.006895925270026629
2017-04-07,0.0,-1.0,0.0,-0.0018335401428880005
2017-04-10,1.0,-1.0,0.0,0.0060320133814717155
2017-04-11,-1.0,-1.0,0.0,-0.00363874385040507
2017-04-12,-1.0,-1.0,0.0,-0.0057371066005767095
2017-04-13,0.0,0.0,0.0,-0.0012575110595836488
2017-04-17,-1.0,0.0,0.0,-0.0037436085914588713
2017-04-18,0.0,0.0,0.0,-0.00018123254656617248
2017-04-19,1.0,-1.0,0.0,0.0036074798304592064
2017-04-20,0.0,-1.0,0.0,-0.0018624223440083505
2017-04-21,1.0,-1.0,0.0,0.010748657665170285
2017-04-24,1.0,-1.0,0.0,0.00957115576311929
2017-04-25,1.0,-1.0,1.0,0.004850358814640877
2017-04-26,0.0,-1.0,1.0,-0.0010377662213055345
2017-04-27,-1.0,-1.0,1.0,-0.004086629235361126
2017-04-28,0.0,-1.0,0.0,0.0010473820437181462
2017-05-02,0.0,-1.0,0.0,-0.00019864971945634827
2017-05-03,1.0,-1.0,0.0,0.005136085112886035
2017-05-04,-1.0,-1.0,0.0,-0.008002102211332685
2017-05-05,1.0,0.0,0.0,0.0030915083481940896
2017-05-08,0.0,-1.0,0.0,0.0003005759272048997
2017-05-09,1.0,-1.0,0.0,0.009661394890383165
2017-05-10,0.0,-1.0,0.0,0.0016038495819746207
2017-05-11,-1.0,-1.0,0.0,-0.002284403834589391
2017-05-12,1.0,-1.0,0.0,0.004722421133111579
2017-05-15,1.0,-1.0,0.0,0.007052591126820168
2017-05-16,0.0,-1.0,1.0,0.0014182164368899746
2017-05-17,-1.0,-1.0,1.0,-0.010160887622263356
2017-05-18,0.0,0.0,0.0,-0.00016439213394156289
2017-05-19,0.0,-1.0,0.0,0.001097203302033083
2017-05-22,-1.0,-1.0,0.0,-0.0055353831230343315
2017-05-23,-1.0,0.0,0.0,-0.002731149046275337
2017-05-24,1.0,0.0,0.0,0.015813538647069577
2017-05-25,1.0,0.0,0.0,0.008934963406205216
2017-05-26,0.0,-1.0,1.0,0.0010208334219841677
2017-05-29,1.0,-1.0,1.0,0.0020437409119485822
2017-05-30,0.0,-1.0,1.0,-0.00034293196773740485
2017-05-31,0.0,-1.0,0.0,-0.0005354167931684836
2017-06-01,1.0,-1.0,0.0,0.0038817668205125984
2017-06-02,1.0,-1.0,0.0,0.002235030886008659
2017-06-05,-1.0,-1.0,0.0,-0.003930153021868312
2017-06-06,1.0,-1.0,0.0,0.00277187169892756
2017-06-07,0.0,-1.0,0.0,-0.0017243928120047765
2017-06-08,1.0,-1.0,0.0,0.0021744203643893584
2017-06-09,-1.0,-1.0,0.0,-0.005377346743710021
2017-06-12,0.0,-1.0,0.0,-0.0009883839687650892
2017-06-13,0.0,-1.0,0.0,0.0011703481951004253
2017-06-14,-1.0,-1.0,0.0,-0.004177916288507491
2017-06-15,0.0,-1.0,0.0,0.0010435092071341514
2017-06-16,1.0,-1.0,0.0,0.007222461457781959
2017-06-19,0.0,-1.0,0.0,-0.0004194489744864273
2017-06-20,-1.0,-1.0,0.0,-0.0020635561656880373
2017-06-21,0.0,-1.0,0.0,-0.000373761918012166
2017-06-22,-1.0,-1.0,0.0,-0.005732912689073657
2017-06-23,-1.0,-1.0,0.0,-0.006659233938983297
2017-06-27,-1.0,0.0,0.0,-0.002120757636670813
2017-06-28,0.0,0.0,0.0,0.001352962905149852
2017-06-29,0.0,-1.0,0.0,0.001766097699525858
2017-06-30,1.0,-1.0,0.0,0.00983499689076074
2017-07-03,0.0,-1.0,0.0,-0.00017682270449598077
2017-07-04,1.0,-1.0,0.0,0.0025245586342588938
2017-07-05,1.0,-1.0,0.0,0.003826611235733112
2017-07-06,0.0,-1.0,0.0,-0.000904844079553839
2017-07-07,1.0,-1.0,0.0,0.010830050005930295
2017-07-10,0.0,-1.0,1.0,0.0015339700611368952
2017-07-11,1.0,-1.0,1.0,0.003065992612029003
2017-07-12,1.0,-1.0,1.0,0.007672126856095382
2017-07-13,0.0,-1.0,1.0,-0.0005410038027499639
2017-07-14,1.0,-1.0,1.0,0.0029895539453158454
2017-07-17,-1.0,-1.0,1.0,-0.008995608472264691
2017-07-18,1.0,-1.0,0.0,0.007345388951696966
2017-07-19,-1.0,-1.0,0.0,-0.0026602082152626847
2017-07-20,1.0,-1.0,0.0,0.004239831907005981
2017-07-21,1.0,-1.0,0.0,0.00514545954212565
2017-07-24,0.0,-1.0,1.0,-0.000185640925827809
2017-07-25,1.0,-1.0,0.0,0.0056141692202992515
2017-07-26,0.0,-1.0,1.0,-9.979442348895859e-06
2017-07-27,0.0,-1.0,1.0,-0.000603941610716433
2017-07-28,1.0,-1.0,0.0,0.006231480078246361
2017-07-31,1.0,-1.0,1.0,0.0037193451075221385
2017-08-01,-1.0,-1.0,1.0,-0.0032828068489253134
2017-08-02,-1.0,-1.0,0.0,-0.006752898867547134
2017-08-03,1.0,-1.0,0.0,0.005253983067174928
2017-08-04,0.0,-1.0,0.0,-0.0008944633319799062
2017-08-07,-1.0,-1.0,0.0,-0.007870892777129898
2017-08-08,-1.0,0.0,0.0,-0.007090231145001826
2017-08-09,-1.0,0.0,0.0,-0.008900977750718143
2017-08-10,-1.0,0.0,-1.0,-0.011207912091976585
2017-08-11,1.0,0.0,-1.0,0.008546600463314987
2017-08-14,1.0,0.0,0.0,0.010476724008841323
2017-08-16,0.0,-1.0,0.0,0.0006918685523784439
2017-08-17,-1.0,0.0,0.0,-0.0067624127157378065
2017-08-18,-1.0,0.0,0.0,-0.008478109148736444
2017-08-21,0.0,0.0,0.0,0.0011475469883627705
2017-08-22,1.0,0.0,0.0,0.008864343739783512
2017-08-23,0.0,0.0,0.0,0.00046170512069805943
2017-08-24,1.0,0.0,0.0,0.00563991611242626
2017-08-28,-1.0,0.0,0.0,-0.011847608119118438
2017-08-29,1.0,0.0,0.0,0.008978513552038735
2017-08-30,1.0,0.0,0.0,0.0033834485850860433
2017-08-31,1.0,0.0,0.0,0.005680605252728476
2017-09-01,-1.0,0.0,0.0,-0.006189915299919124
2017-09-04,1.0,-1.0,0.0,0.003961736966953345
2017-09-05,-1.0,-1.0,0.0,-0.003623848865216487
2017-09-06,0.0,-1.0,0.0,0.0013806241202206646
2017-09-07,0.0,0.0,0.0,0.0004933374377041087
2017-09-08,1.0,0.0,0.0,0.007146165104703851
2017-09-11,1.0,0.0,0.0,0.008657158117589842
2017-09-12,0.0,0.0,1.0,-0.0013632523855159992
2017-09-13,0.0,0.0,0.0,0.0007239944975298817
2017-09-14,0.0,0.0,0.0,-0.00011897679966456144
2017-09-15,1.0,-1.0,0.0,0.006690244090939119
2017-09-18,0.0,-1.0,1.0,-0.00054678053542859
2017-09-19,0.0,-1.0,0.0,-0.0006308930796236612
2017-09-20,0.0,-1.0,0.0,-0.0019000106885297251
2017-09-21,-1.0,-1.0,0.0,-0.015682652158186268
2017-09-22,-1.0,-1.0,0.0,-0.009255497840449801
2017-09-25,0.0,0.0,-1.0,-0.00011142569184093924
2017-09-26,-1.0,0.0,0.0,-0.013847140123069935
2017-09-27,1.0,-1.0,-1.0,0.0034043109674916656
2017-09-28,1.0,0.0,-1.0,0.002009454825586558
2017-09-29,1.0,0.0,0.0,0.007217014137449058
2017-10-03,1.0,0.0,0.0,0.00560321880260041
2017-10-04,-1.0,0.0,0.0,-0.002645985102307846
2017-10-05,1.0,0.0,0.0,0.009160338661421514
2017-10-06,0.0,-1.0,0.0,0.000906429955217777
2017-10-09,1.0,-1.0,0.0,0.0028191983962086767
2017-10-10,-1.0,-1.0,0.0,-0.0032147214806372746
2017-10-11,1.0,0.0,0.0,0.01111498804325995
2017-10-12,1.0,0.0,0.0,0.007012516492081918
2017-10-13,1.0,0.0,1.0,0.0062162243084472645
2017-10-16,0.0,0.0,1.0,0.00035181502710760696
2017-10-17,-1.0,0.0,1.0,-0.002308600067655014
2017-10-18,-1.0,-1.0,1.0,-0.006317134194985375
2017-10-19,1.0,0.0,0.0,0.00376757579945397
2017-10-23,1.0,0.0,0.0,0.002241015426026624
2017-10-24,1.0,-1.0,0.0,0.008549999531985143
2017-10-25,1.0,-1.0,1.0,0.00469496941468231
2017-10-26,-1.0,-1.0,1.0,-0.002008047377557662
2017-10-27,1.0,-1.0,1.0,0.003925232359779345
2017-10-30,-1.0,-1.0,1.0,-0.0027392710960959647
2017-10-31,1.0,-1.0,0.0,0.010127253739342569
2017-11-01,0.0,-1.0,1.0,-0.001600820882207736
2017-11-02,1.0,-1.0,1.0,0.0027495311028114403
2017-11-03,0.0,-1.0,1.0,-6.697186705724477e-05
2017-11-06,-1.0,-1.0,0.0,-0.009773200021543502
2017-11-07,-1.0,0.0,0.0,-0.004551338636681021
2017-11-08,0.0,0.0,0.0,0.000562776248231039
2017-11-09,0.0,0.0,0.0,0.0012408693493102562
2017-11-10,-1.0,0.0,0.0,-0.009422507379482964
2017-11-13,-1.0,0.0,0.0,-0.0037576808351824824
2017-11-14,-1.0,0.0,0.0,-0.006752173560562115
2017-11-15,1.0,0.0,-1.0,0.009511796611461764
2017-11-16,1.0,0.0,0.0,0.006717639118671051
2017-11-17,0.0,0.0,0.0,0.001472135371914971
2017-11-20,1.0,0.0,0.0,0.002729612640406286
2017-11-21,0.0,0.0,0.0,0.0014901401940726614
2017-11-22,0.0,0.0,0.0,0.0006234579887367591
2017-11-23,1.0,-1.0,0.0,0.003949191306169782
2017-11-24,0.0,0.0,0.0,0.0009476052033691229
2017-11-27,-1.0,-1.0,0.0,-0.0028214060257175134
2017-11-28,0.0,-1.0,0.0,-0.00086341837016651
2017-11-29,-1.0,-1.0,0.0,-0.013090431902102469
2017-11-30,-1.0,0.0,0.0,-0.010295766026675998
2017-12-01,0.0,0.0,-1.0,0.0005876673971755318
2017-12-04,0.0,0.0,-1.0,-0.000938457048031478
2017-12-05,-1.0,0.0,0.0,-0.007355326566371163
2017-12-06,1.0,0.0,-1.0,0.012132276189878131
2017-12-07,1.0,0.0,0.0,0.009685696805591658
2017-12-08,1.0,0.0,0.0,0.005498389111616994
2017-12-11,-1.0,-1.0,0.0,-0.007985491604040214
2017-12-12,-1.0,0.0,0.0,-0.004619963094515023
2017-12-13,1.0,0.0,0.0,0.005786257801497155
2017-12-14,1.0,0.0,0.0,0.007884288619832732
2017-12-15,1.0,0.0,0.0,0.005356638616709943
2017-12-18,1.0,0.0,0.0,0.00714084930770663
2017-12-19,0.0,0.0,1.0,-0.001817538788224089
2017-12-20,0.0,0.0,0.0,-0.00037348273076542757
2017-12-21,1.0,0.0,0.0,0.005035050501957738
2017-12-22,1.0,-1.0,1.0,0.0036623979675021196
2017-12-26,-1.0,0.0,1.0,-0.0038768496273459364
2017-12-27,0.0,0.0,0.0,-0.001225639381514556
2017-12-28,1.0,-1.0,0.0,0.005026523535131731
2017-12-29,-1.0,-1.0,0.0,-0.009076554294095117
2018-01-01,0.0,-1.0,0.0,0.0006370418483691672
2018-01-02,0.0,-1.0,0.0,9.57606749944833e-05
2018-01-03,1.0,-1.0,0.0,0.005881246663842212
2018-01-04,1.0,0.0,0.0,0.005132075270105242
2018-01-05,1.0,0.0,0.0,0.0061135705901032514
2018-01-08,0.0,0.0,1.0,0.0012605478466610116
2018-01-09,0.0,0.0,1.0,-0.00045135689931809334
2018-01-10,0.0,-1.0,0.0,0.0017854294940923756
2018-01-11,1.0,0.0,0.0,0.002817306017461684
2018-01-12,1.0,0.0,0.0,0.005629531083733902
2018-01-15,-1.0,0.0,1.0,-0.0038336023072027756
2018-01-16,1.0,-1.0,0.0,0.008199589892850731
2018-01-17,1.0,0.0,1.0,0.002633584097006676
2018-01-18,1.0,0.0,1.0,0.007157461802546265
2018-01-19,1.0,0.0,1.0,0.006541382555615685
2018-01-22,1.0,0.0,1.0,0.010657745586985299
2018-01-23,0.0,0.0,1.0,0.00020749040431318157
2018-01-24,0.0,0.0,1.0,-0.0014759217597312849
2018-01-25,1.0,0.0,1.0,0.005472974307648395
2018-01-29,-1.0,0.0,1.0,-0.007281350291551208
2018-01-30,0.0,0.0,1.0,-0.0019884639444954625
2018-01-31,0.0,0.0,0.0,-0.0009798318739341295
2018-02-01,-1.0,0.0,0.0,-0.023539142174773337
2018-02-02,-1.0,0.0,0.0,-0.008778638688973843
2018-02-05,-1.0,0.0,-1.0,-0.015904099965423114
2018-02-06,-1.0,0.0,-1.0,-0.0020548327965133673
2018-02-07,1.0,0.0,-1.0,0.009513906720447003
2018-02-08,-1.0,0.0,-1.0,-0.011592100061916256
2018-02-09,1.0,0.0,-1.0,0.008078273198430857
2018-02-12,-1.0,0.0,-1.0,-0.0036928558908946208
2018-02-14,1.0,0.0,-1.0,0.004238260867599785
2018-02-15,-1.0,-1.0,0.0,-0.008877178756436177
2018-02-16,-1.0,0.0,-1.0,-0.0070953266124304595
2018-02-19,0.0,-1.0,-1.0,-0.0017358771500669238
2018-02-20,1.0,-1.0,-1.0,0.003569737650487671
2018-02-21,0.0,0.0,-1.0,-0.0014196242546064732
2018-02-22,1.0,0.0,0.0,0.010381553207407197
2018-02-23,1.0,0.0,0.0,0.008688630203365312
2018-02-26,-1.0,0.0,0.0,-0.002677783110151532
2018-02-27,-1.0,0.0,0.0,-0.005839286991953797
2018-02-28,-1.0,0.0,0.0,-0.003293370421080851
2018-03-01,-1.0,-1.0,0.0,-0.009559475599117866
2018-03-05,-1.0,-1.0,0.0,-0.010636694633347358
2018-03-06,-1.0,-1.0,-1.0,-0.009317119173112929
2018-03-07,1.0,0.0,-1.0,0.008672962191259886
2018-03-08,0.0,-1.0,-1.0,-0.001543760535223135
2018-03-09,1.0,-1.0,-1.0,0.01884476964735966
2018-03-12,0.0,0.0,0.0,0.0005228256687392662
2018-03-13,0.0,0.0,0.0,-0.0015308757533812772
2018-03-14,-1.0,0.0,0.0,-0.004886618730243425
2018-03-15,-1.0,-1.0,0.0,-0.016054598478163293
2018-03-16,-1.0,1.0,-1.0,-0.009946162213038488
2018-03-19,1.0,1.0,-1.0,0.002977458601191395
2018-03-20,1.0,-1.0,-1.0,0.003047399742905006
2018-03-21,-1.0,1.0,0.0,-0.003996058598285198
2018-03-22,-1.0,1.0,-1.0,-0.011604680566535094
2018-03-23,1.0,1.0,-1.0,0.01317540806700627
2018-03-26,1.0,1.0,0.0,0.005267108087200766
2018-03-27,-1.0,1.0,0.0,-0.006941649770265415
2018-03-28,1.0,1.0,0.0,0.009652974022243792
2018-04-02,1.0,1.0,0.0,0.0032458673056040936
2018-04-03,-1.0,1.0,0.0,-0.011446422598154777
2018-04-04,1.0,1.0,0.0,0.01923930749389624
2018-04-05,0.0,1.0,0.0,0.0006244932246961673
2018-04-06,1.0,1.0,0.0,0.004611095541809039
2018-04-09,1.0,1.0,0.0,0.0022038735486090344
2018-04-10,0.0,1.0,0.0,0.0014313575361352732
2018-04-11,1.0,1.0,0.0,0.003975900772050153
2018-04-12,1.0,1.0,1.0,0.0020965419525609827
2018-04-13,1.0,1.0,1.0,0.0045456895487553045
2018-04-16,0.0,1.0,1.0,0.0019310108694935376
2018-04-17,-1.0,0.0,1.0,-0.002135242259617881
2018-04-18,1.0,0.0,0.0,0.0037076589897762787
2018-04-19,0.0,0.0,1.0,-0.00011831883152662677
2018-04-20,0.0,-1.0,0.0,0.0019528347124542745
2018-04-23,1.0,0.0,0.0,0.0027972969858506736
2018-04-24,-1.0,0.0,0.0,-0.004135026590572263
2018-04-25,1.0,0.0,0.0,0.00446000545803141
2018-04-26,1.0,0.0,0.0,0.006992018199326113
2018-04-27,1.0,0.0,1.0,0.004390709589518126
2018-04-30,0.0,0.0,1.0,-0.0019853297227271902
2018-05-02,-1.0,0.0,0.0,-0.003589174651756966
2018-05-03,-1.0,0.0,0.0,-0.005765842651452862
2018-05-04,1.0,0.0,0.0,0.009117072584576636
2018-05-07,0.0,0.0,0.0,0.00021461930816327936
2018-05-08,1.0,0.0,0.0,0.0022274526323300824
2018-05-09,-1.0,0.0,0.0,-0.0023440878464996416
2018-05-10,1.0,0.0,0.0,0.008358529455248795
2018-05-11,0.0,0.0,0.0,9.253647093659282e-06
2018-05-14,0.0,0.0,0.0,-0.0004396428319947862
2018-05-15,-1.0,0.0,0.0,-0.005639911064263358
2018-05-16,-1.0,0.0,0.0,-0.005451894122666254
2018-05-17,-1.0,0.0,0.0,-0.008111289778323802
2018-05-18,-1.0,0.0,0.0,-0.007549850905484316
2018-05-21,0.0,0.0,-1.0,0.0018999312240523454
2018-05-22,-1.0,0.0,0.0,-0.010144575613613642
2018-05-23,1.0,0.0,-1.0,0.007973610106820487
2018-05-24,1.0,0.0,0.0,0.00864629658472998
2018-05-25,1.0,0.0,0.0,0.007842698625156882
2018-05-28,-1.0,0.0,0.0,-0.005191844491806043
2018-05-29,0.0,0.0,0.0,-0.0017837271438870593
2018-05-30,1.0,-1.0,0.0,0.011409692638126136
2018-05-31,-1.0,0.0,0.0,-0.0037280136120426276
2018-06-01,-1.0,0.0,0.0,-0.006349465872690686
2018-06-04,-1.0,-1.0,0.0,-0.003331506522406068
2018-06-05,1.0,0.0,0.0,0.00860056622569691
2018-06-06,1.0,0.0,0.0,0.007803144054513952
2018-06-07,0.0,0.0,0.0,-6.500742944348366e-05
2018-06-08,0.0,0.0,0.0,0.0017908015140969788
2018-06-11,1.0,0.0,0.0,0.005168806411024235
2018-06-12,0.0,0.0,0.0,0.0012765243408948135
2018-06-13,-1.0,0.0,0.0,-0.004491174075410849
2018-06-14,0.0,0.0,0.0,0.0008924546561854187
2018-06-15,0.0,0.0,0.0,-0.0016514363613613185
2018-06-18,-1.0,0.0,0.0,-0.008312344761134741
2018-06-19,1.0,0.0,0.0,0.0057349162184533176
2018-06-20,-1.0,0.0,0.0,-0.0028773119094804597
2018-06-21,1.0,0.0,0.0,0.007489733777589257
2018-06-22,-1.0,0.0,0.0,-0.005504014487946581
2018-06-25,0.0,0.0,0.0,0.0006223411373279281
2018-06-26,-1.0,0.0,0.0,-0.00911829941593961
2018-06-27,-1.0,-1.0,0.0,-0.0077420955375824396
2018-06-28,1.0,0.0,0.0,0.011754127647321299
2018-06-29,-1.0,-1.0,0.0,-0.005334194459439767
2018-07-02,1.0,-1.0,0.0,0.00398929227579396
2018-07-03,1.0,-1.0,0.0,0.00652081044432725
2018-07-04,0.0,0.0,0.0,-0.0018727075848253383
2018-07-05,1.0,0.0,0.0,0.0021280162660109484
2018-07-06,1.0,0.0,0.0,0.0074218106239193555
2018-07-09,1.0,0.0,0.0,0.00865595778944969
2018-07-10,0.0,0.0,1.0,9.590989957362647e-05
2018-07-11,1.0,0.0,1.0,0.006817949629305171
2018-07-12,0.0,0.0,1.0,-0.0003901624667839669
2018-07-13,-1.0,0.0,1.0,-0.007474158884415699
2018-07-16,1.0,0.0,0.0,0.006489001985478164
2018-07-17,-1.0,0.0,0.0,-0.0025104044836980507
2018-07-18,-1.0,0.0,0.0,-0.0021287708807833992
2018-07-19,1.0,0.0,0.0,0.004834467906516899
2018-07-20,1.0,0.0,0.0,0.006748173940532834
2018-07-23,1.0,0.0,0.0,0.00446014407825813
2018-07-24,0.0,0.0,1.0,-0.00020659022901692162
2018-07-25,1.0,0.0,0.0,0.0031660213088618083
2018-07-26,1.0,0.0,1.0,0.009895093802197335
2018-07-27,1.0,0.0,1.0,0.0036463605599989543
2018-07-30,1.0,0.0,1.0,0.003258947894631294
2018-07-31,0.0,0.0,1.0,-0.0009073811226593602
2018-08-01,-1.0,0.0,1.0,-0.00898597957506193
2018-08-02,1.0,0.0,0.0,0.010271926817053497
2018-08-03,1.0,0.0,1.0,0.002312302385563333
2018-08-06,0.0,0.0,1.0,0.00020635258705455244
2018-08-07,1.0,0.0,1.0,0.005302241678964751
2018-08-08,0.0,0.0,1.0,0.001806228049557314
2018-08-09,-1.0,0.0,1.0,-0.00359822573184007
2018-08-10,-1.0,-1.0,0.0,-0.006473508743511776
2018-08-13,1.0,-1.0,0.0,0.006963348942944407
2018-08-14,-1.0,-1.0,0.0,-0.00438648126781707
2018-08-16,1.0,-1.0,0.0,0.007499225722611629
2018-08-17,1.0,-1.0,0.0,0.007036623669863275
2018-08-20,0.0,0.0,1.0,0.0016563849194054057
2018-08-21,0.0,0.0,1.0,0.0010235968009065074
2018-08-23,-1.0,0.0,1.0,-0.0022169556419407827
2018-08-24,1.0,-1.0,0.0,0.01160060409110092
2018-08-27,1.0,0.0,1.0,0.003973467111897261
2018-08-28,-1.0,0.0,1.0,-0.003977743567656327
2018-08-29,0.0,0.0,1.0,-0.0012923270957780808
2018-08-30,0.0,0.0,0.0,0.0003168174430219977
2018-08-31,-1.0,0.0,0.0,-0.008438397050189958
2018-09-03,-1.0,-1.0,0.0,-0.005371691057489936
2018-09-04,-1.0,-1.0,0.0,-0.003770020445457141
2018-09-05,1.0,0.0,0.0,0.005209917993127512
2018-09-06,1.0,-1.0,0.0,0.0045144070442281106
2018-09-07,-1.0,-1.0,0.0,-0.01311511294512481
2018-09-10,-1.0,-1.0,0.0,-0.013253969499003263
2018-09-11,1.0,0.0,-1.0,0.007273593905905857
2018-09-12,1.0,-1.0,0.0,0.012698389122393185
2018-09-14,-1.0,0.0,0.0,-0.012008207911445088
2018-09-17,-1.0,-1.0,0.0,-0.00872597027570447
2018-09-18,-1.0,0.0,-1.0,-0.003957674538289147
2018-09-19,-1.0,0.0,-1.0,-0.008155576777395698
2018-09-21,-1.0,0.0,-1.0,-0.015893236100092235
2018-09-24,1.0,-1.0,-1.0,0.009081131713379249
2018-09-25,0.0,-1.0,-1.0,-0.0012341076324745481
2018-09-26,-1.0,-1.0,-1.0,-0.006921982034895859
2018-09-27,-1.0,-1.0,-1.0,-0.004299805784797367
2018-09-28,1.0,-1.0,-1.0,0.0070970612969229975
2018-10-01,-1.0,-1.0,-1.0,-0.013724374010345193
2018-10-03,-1.0,-1.0,-1.0,-0.024141915818458322
2018-10-04,-1.0,-1.0,-1.0,-0.027043535271357683
2018-10-05,1.0,1.0,-1.0,0.0030583875372252687
2018-10-08,-1.0,1.0,-1.0,-0.004552264376218849
2018-10-09,1.0,1.0,-1.0,0.015322187033067711
2018-10-10,-1.0,1.0,-1.0,-0.021788996676934184
2018-10-11,1.0,1.0,-1.0,0.022973751695463417
2018-10-12,1.0,-1.0,-1.0,0.003812251460013522
2018-10-15,1.0,1.0,0.0,0.006849260681022563
2018-10-16,-1.0,1.0,0.0,-0.012520484125164434
2018-10-17,-1.0,1.0,-1.0,-0.014405305806840537
2018-10-19,-1.0,-1.0,-1.0,-0.005674312507559446
2018-10-22,-1.0,1.0,-1.0,-0.009655798697018327
2018-10-23,1.0,1.0,-1.0,0.00765286690870562
2018-10-24,-1.0,1.0,-1.0,-0.009813515351592101
2018-10-25,-1.0,1.0,-1.0,-0.009417134426775354
2018-10-26,1.0,1.0,-1.0,0.021780027001601827
2018-10-29,-1.0,1.0,0.0,-0.005129783734565848
2018-10-30,1.0,1.0,0.0,0.018285668587721533
2018-10-31,0.0,0.0,0.0,-0.0005922844293999892
2018-11-01,1.0,0.0,0.0,0.01648595028975125
2018-11-02,-1.0,1.0,1.0,-0.0027518165109068284
2018-11-05,0.0,1.0,0.0,0.0005699629678378127
2018-11-06,1.0,1.0,0.0,0.006474720182809877
2018-11-07,0.0,1.0,1.0,-0.0012462472581095429
2018-11-09,-1.0,1.0,0.0,-0.009778218544455495
2018-11-12,1.0,-1.0,0.0,0.009523112886812637
2018-11-13,0.0,-1.0,0.0,-0.0005860445939702791
2018-11-14,1.0,-1.0,0.0,0.003812584243587877
2018-11-15,1.0,-1.0,0.0,0.006150571765309146
2018-11-16,1.0,1.0,1.0,0.007572685123094404
2018-11-19,-1.0,1.0,1.0,-0.010009607560291778
2018-11-20,-1.0,-1.0,0.0,-0.0052831643026424535
2018-11-21,-1.0,-1.0,0.0,-0.006939081557190155
2018-11-22,1.0,-1.0,0.0,0.009628844421324417
2018-11-26,1.0,-1.0,0.0,0.005348559728595695
2018-11-27,1.0,-1.0,0.0,0.0040393340764166815
2018-11-28,1.0,-1.0,0.0,0.01203022724265825
2018-11-29,0.0,0.0,1.0,0.001660881568983717
2018-11-30,0.0,1.0,1.0,0.0006433675918710725
2018-12-03,0.0,0.0,1.0,-0.0013101492455916805
2018-12-04,-1.0,0.0,1.0,-0.007999155915161048
2018-12-05,-1.0,-1.0,0.0,-0.01699906020055233
2018-12-06,1.0,1.0,0.0,0.008692297219764921
2018-12-07,-1.0,-1.0,0.0,-0.019380131299703507
2018-12-10,1.0,-1.0,-1.0,0.005770636236417964
2018-12-11,1.0,-1.0,0.0,0.017706312465975173
2018-12-12,1.0,1.0,0.0,0.0050118200605062885
2018-12-13,0.0,1.0,0.0,0.001287215994746788
2018-12-14,1.0,1.0,0.0,0.0076427738366829845
2018-12-17,0.0,1.0,1.0,0.0018672256945391607
2018-12-18,1.0,1.0,1.0,0.005357482187270915
2018-12-19,0.0,1.0,1.0,-0.0014234228417328702
2018-12-20,-1.0,1.0,1.0,-0.01821691696636476
2018-12-21,-1.0,-1.0,0.0,-0.0084510833319759
2018-12-24,1.0,-1.0,0.0,0.006202881992644477
2018-12-26,1.0,-1.0,0.0,0.004644435384893697
2018-12-27,1.0,-1.0,0.0,0.007403093927215125
2018-12-28,0.0,1.0,0.0,0.00024398721259765596
2018-12-31,1.0,-1.0,0.0,0.004367872132952804
2019-01-01,-1.0,-1.0,0.0,-0.010837517258318774
2019-01-02,-1.0,-1.0,0.0,-0.011204533761500678
2019-01-03,1.0,1.0,0.0,0.0051496403451855395
2019-01-04,1.0,-1.0,0.0,0.004135053091520581
2019-01-07,1.0,-1.0,0.0,0.00281358026893282
2019-01-08,1.0,-1.0,0.0,0.004894433359958835
2019-01-09,-1.0,-1.0,0.0,-0.0030954849587457233
2019-01-10,-1.0,-1.0,0.0,-0.002465704610772501
2019-01-11,-1.0,-1.0,0.0,-0.00532683176023677
2019-01-14,1.0,-1.0,0.0,0.013799445774800724
2019-01-15,0.0,-1.0,0.0,0.000321438578151919
2019-01-16,0.0,-1.0,0.0,0.0013672549215348114
2019-01-17,0.0,-1.0,0.0,0.0001604610277990709
2019-01-18,1.0,-1.0,0.0,0.005020862171805258
2019-01-21,-1.0,-1.0,0.0,-0.003573292781569112
2019-01-22,-1.0,-1.0,0.0,-0.008389214537151498
2019-01-23,0.0,-1.0,0.0,0.0016880910596428552
2019-01-24,-1.0,-1.0,0.0,-0.006403062049334338
2019-01-25,-1.0,-1.0,0.0,-0.01109977304275483
2019-01-28,0.0,0.0,-1.0,-0.0008773679525922163
2019-01-29,0.0,0.0,-1.0,-3.755163350058068e-05
2019-01-30,1.0,0.0,0.0,0.01667888450536246
2019-01-31,1.0,-1.0,0.0,0.005772274204584401
2019-02-01,0.0,-1.0,0.0,0.0017059607272313906
2019-02-04,1.0,-1.0,0.0,0.0020231988079203052
2019-02-05,1.0,0.0,0.0,0.011647280346053989
2019-02-06,0.0,0.0,1.0,0.0006280541598151168
2019-02-07,-1.0,0.0,1.0,-0.011429734205002075
2019-02-08,-1.0,-1.0,0.0,-0.005020072468908787
2019-02-11,-1.0,1.0,0.0,-0.005285414832761346
2019-02-12,-1.0,1.0,0.0,-0.0034913249537601204
2019-02-13,-1.0,0.0,0.0,-0.004419753059300069
2019-02-14,-1.0,0.0,0.0,-0.0020167259966956514
2019-02-15,-1.0,0.0,0.0,-0.007811753551157503
2019-02-18,-1.0,0.0,-1.0,-0.003445471347297982
2019-02-19,1.0,0.0,-1.0,0.012287055114099292
2019-02-20,1.0,0.0,0.0,0.005054528003669934
2019-02-21,0.0,0.0,0.0,0.0001668095363318936
2019-02-22,1.0,0.0,0.0,0.008162745613173475
2019-02-25,-1.0,-1.0,0.0,-0.004126109909020616
2019-02-26,-1.0,-1.0,0.0,-0.002647637272642474
2019-02-27,0.0,0.0,0.0,-0.0013102369328699957
2019-02-28,1.0,0.0,0.0,0.006557097745663337
2019-03-01,1.0,-1.0,0.0,0.01134516618207139
2019-03-05,1.0,0.0,1.0,0.0059481719535880405
2019-03-06,0.0,0.0,1.0,0.00047034987661157636
2019-03-07,-1.0,0.0,1.0,-0.002063946852823062
2019-03-08,1.0,0.0,0.0,0.011948735734751557
2019-03-11,1.0,0.0,1.0,0.011851891682945155
2019-03-12,1.0,0.0,1.0,0.0035772841102276773
2019-03-13,0.0,0.0,1.0,0.00013665447818145347
2019-03-14,1.0,0.0,1.0,0.0073429959147711344
2019-03-15,1.0,0.0,1.0,0.0030888156656173325
2019-03-18,1.0,0.0,1.0,0.006105800326383594
2019-03-19,0.0,0.0,1.0,-0.000984668317935398
2019-03-20,-1.0,0.0,1.0,-0.005583628362534954
2019-03-22,-1.0,0.0,1.0,-0.009000045407053587
2019-03-25,1.0,0.0,0.0,0.011297328693216403
2019-03-26,-1.0,0.0,1.0,-0.0033321297562249825
2019-03-27,1.0,0.0,0.0,0.01085821909063313
2019-03-28,1.0,0.0,1.0,0.004647782134820234
2019-03-29,1.0,0.0,1.0,0.0038852839728881735
2019-04-01,1.0,0.0,1.0,0.003767803673489008
2019-04-02,-1.0,0.0,1.0,-0.005929679169650468
2019-04-03,-1.0,-1.0,1.0,-0.003954062362883455
2019-04-04,1.0,-1.0,0.0,0.005841672908814725
2019-04-05,-1.0,-1.0,0.0,-0.005281388442051271
2019-04-08,1.0,-1.0,0.0,0.005795573534299762
2019-04-09,-1.0,-1.0,0.0,-0.0075377943572383106
2019-04-10,0.0,0.0,0.0,0.0010698417827284545
2019-04-11,1.0,0.0,0.0,0.004023215259708576
2019-04-12,1.0,-1.0,0.0,0.00401992501503014
2019-04-15,1.0,-1.0,0.0,0.00824623989236685
2019-04-16,-1.0,-1.0,1.0,-0.0029184449738277464
2019-04-18,-1.0,-1.0,0.0,-0.013564974730520374
2019-04-22,0.0,0.0,0.0,-0.0015968653049767416
2019-04-23,1.0,0.0,0.0,0.012891720507584971
2019-04-24,-1.0,-1.0,0.0,-0.0072193210230233834
2019-04-25,1.0,0.0,0.0,0.009646837461601747
2019-04-26,0.0,-1.0,0.0,-0.0005531255991390112
2019-04-30,0.0,1.0,0.0,-0.0019937892422010914
2019-05-02,0.0,1.0,0.0,-0.0010666895238500144
2019-05-03,-1.0,-1.0,0.0,-0.00978107795702945
2019-05-06,-1.0,0.0,0.0,-0.00868981466397264
2019-05-07,-1.0,0.0,0.0,-0.012114413370574466
2019-05-08,-1.0,0.0,-1.0,-0.005087991559915908
2019-05-09,-1.0,0.0,-1.0,-0.0020282814838106025
2019-05-10,-1.0,0.0,-1.0,-0.011655673687732526
2019-05-13,1.0,0.0,-1.0,0.006602542956106478
2019-05-14,-1.0,0.0,-1.0,-0.005813489241584599
2019-05-15,1.0,0.0,-1.0,0.008931937083631538
2019-05-16,1.0,1.0,0.0,0.01324131108491434
2019-05-17,1.0,0.0,0.0,0.03625038627405121
2019-05-20,-1.0,0.0,1.0,-0.01012442078454291
2019-05-21,1.0,0.0,1.0,0.0024566054918568484
2019-05-22,-1.0,0.0,1.0,-0.006911775564206495
2019-05-23,1.0,0.0,0.0,0.015918706100504415
2019-05-24,1.0,1.0,1.0,0.006786218896810995
2019-05-27,0.0,0.0,1.0,0.00033538055526396364
2019-05-28,-1.0,0.0,1.0,-0.00568731474540059
2019-05-29,1.0,1.0,1.0,0.007123985268305006
2019-05-30,0.0,1.0,1.0,-0.0019355898906960182
2019-05-31,1.0,1.0,1.0,0.013806190222918157
2019-06-03,-1.0,0.0,1.0,-0.005549532703580477
2019-06-04,-1.0,1.0,1.0,-0.014908888618172916
2019-06-06,1.0,0.0,0.0,0.002268664738513159
2019-06-07,1.0,0.0,0.0,0.0043751790335728605
2019-06-10,1.0,1.0,0.0,0.0035917203081940467
2019-06-11,-1.0,1.0,0.0,-0.0049765935198887315
2019-06-12,0.0,0.0,0.0,0.0006591030979255797
2019-06-13,-1.0,1.0,0.0,-0.007646215111471926
2019-06-14,-1.0,0.0,0.0,-0.01286649842364515
2019-06-17,0.0,0.0,-1.0,0.0016564196454115262
2019-06-18,0.0,1.0,0.0,-4.2766203578887255e-06
2019-06-19,1.0,0.0,0.0,0.011928790613010498
2019-06-20,-1.0,0.0,0.0,-0.009140043719581648
2019-06-21,-1.0,0.0,0.0,-0.002087625498034471
2019-06-24,1.0,0.0,0.0,0.008239711923969792
2019-06-25,1.0,0.0,0.0,0.004322456400025034
2019-06-26,0.0,0.0,0.0,-0.0005065621005696332
2019-06-27,-1.0,-1.0,0.0,-0.004460363546236102
2019-06-28,1.0,0.0,0.0,0.006489288005753367
2019-07-01,1.0,-1.0,0.0,0.003760114457560253
2019-07-02,0.0,0.0,0.0,0.0005414014875993148
2019-07-03,1.0,1.0,0.0,0.0025143014062712723
2019-07-04,-1.0,1.0,0.0,-0.01141527428625476
2019-07-05,-1.0,1.0,0.0,-0.02161425193074724
2019-07-08,0.0,0.0,-1.0,-0.0002336195904978026
2019-07-09,-1.0,0.0,-1.0,-0.004944750432890099
2019-07-10,1.0,0.0,-1.0,0.007278493950644306
2019-07-11,-1.0,1.0,0.0,-0.002628008808690357
2019-07-12,1.0,1.0,0.0,0.003098419347655853
2019-07-15,1.0,1.0,0.0,0.006386857517651002
2019-07-16,1.0,1.0,0.0,0.002132753987214172
2019-07-17,-1.0,1.0,0.0,-0.007782073597137426
2019-07-18,-1.0,1.0,0.0,-0.01543729320214387
2019-07-19,-1.0,-1.0,-1.0,-0.0064176417088494435
2019-07-22,0.0,-1.0,-1.0,-0.0013361410447835524
2019-07-23,-1.0,-1.0,-1.0,-0.005287073174540869
2019-07-24,0.0,-1.0,-1.0,-0.0017004503852120314
2019-07-25,1.0,-1.0,-1.0,0.002853157601110747
2019-07-26,-1.0,-1.0,-1.0,-0.008463351739050672
2019-07-29,-1.0,-1.0,-1.0,-0.009320100147685749
2019-07-30,1.0,1.0,-1.0,0.002936489314765323
2019-07-31,-1.0,-1.0,-1.0,-0.012489980449893174
2019-08-01,0.0,-1.0,-1.0,0.0015788986028203976
2019-08-02,-1.0,-1.0,-1.0,-0.012328638151179865
2019-08-05,1.0,-1.0,-1.0,0.007853929605732632
2019-08-06,-1.0,-1.0,-1.0,-0.00850776214660283
2019-08-07,1.0,-1.0,-1.0,0.016169066094785186
2019-08-08,1.0,1.0,0.0,0.006973169918048867
2019-08-09,-1.0,-1.0,0.0,-0.016682558846185944
2019-08-13,1.0,1.0,-1.0,0.009432893528210886
2019-08-14,0.0,-1.0,0.0,0.0016668784320785558
2019-08-16,0.0,-1.0,0.0,0.000551993752054235
2019-08-19,-1.0,-1.0,0.0,-0.003343772513218554
2019-08-20,-1.0,-1.0,0.0,-0.008962618746946698
2019-08-21,-1.0,1.0,0.0,-0.01637613610561261
2019-08-22,1.0,-1.0,-1.0,0.008159261239129592
2019-08-23,1.0,1.0,-1.0,0.020880542239304772
2019-08-26,1.0,-1.0,0.0,0.004286391200460912
2019-08-27,-1.0,-1.0,0.0,-0.005349549695368668
2019-08-28,-1.0,-1.0,0.0,-0.008893231420644047
2019-08-29,1.0,-1.0,0.0,0.006822485506963346
2019-08-30,-1.0,-1.0,0.0,-0.020655007796257053
2019-09-03,1.0,1.0,-1.0,0.004320200042260295
2019-09-04,0.0,1.0,0.0,0.00029964204524756224
2019-09-05,1.0,-1.0,0.0,0.009020851203047561
2019-09-06,1.0,-1.0,0.0,0.005180143023151631
2019-09-09,1.0,-1.0,0.0,0.00296296513065727
2019-09-11,-1.0,1.0,0.0,-0.0048050595437650065
2019-09-12,1.0,1.0,0.0,0.008441164058245833
2019-09-13,-1.0,1.0,0.0,-0.006558172730350039
2019-09-16,-1.0,1.0,0.0,-0.017038966653176175
2019-09-17,1.0,1.0,0.0,0.0021285199591399326
2019-09-18,-1.0,-1.0,0.0,-0.012610718304774393
2019-09-19,1.0,1.0,-1.0,0.05182469042597882
2019-09-20,1.0,1.0,1.0,0.028505409908377584
2019-09-23,0.0,0.0,1.0,-0.0010350003511433552
2019-09-24,-1.0,0.0,1.0,-0.012853870675538228
2019-09-25,1.0,1.0,1.0,0.011385784019294062
2019-09-26,-1.0,1.0,1.0,-0.005094537002551694
2019-09-27,-1.0,0.0,1.0,-0.0033018908183674615
2019-09-30,-1.0,1.0,1.0,-0.010033214077332946
2019-10-01,-1.0,-1.0,0.0,-0.004048713516394926
2019-10-03,-1.0,-1.0,0.0,-0.012384128036227408
2019-10-04,-1.0,-1.0,0.0,-0.004336106053331424
2019-10-07,1.0,1.0,0.0,0.016658361926267153
2019-10-09,-1.0,-1.0,0.0,-0.006985173327078325
2019-10-10,1.0,-1.0,0.0,0.006255677111318734
2019-10-11,1.0,-1.0,0.0,0.003188175550696324
2019-10-14,1.0,-1.0,0.0,0.007655031243923585
2019-10-15,1.0,1.0,0.0,0.0031189551893382886
2019-10-16,1.0,1.0,0.0,0.010615990565060435
2019-10-17,1.0,0.0,1.0,0.006495149338540988
2019-10-18,-1.0,0.0,1.0,-0.00632254731953183
2019-10-22,0.0,0.0,1.0,0.0013582008301133287
2019-10-23,0.0,0.0,1.0,-0.0018545119540017269
2019-10-24,0.0,-1.0,0.0,0.00011223102336253745
2019-10-25,1.0,-1.0,0.0,0.0037266776001179344
2019-10-27,1.0,-1.0,0.0,0.013641622669476343
2019-10-29,1.0,0.0,1.0,0.004845350018242925
2019-10-30,1.0,0.0,1.0,0.00281179113275152
2019-10-31,0.0,0.0,1.0,0.0011065275730858378
2019-11-01,1.0,0.0,1.0,0.004254807756561208
2019-11-04,-1.0,0.0,1.0,-0.0020202450444738117
2019-11-05,1.0,0.0,1.0,0.004090738749700145
2019-11-06,1.0,0.0,1.0,0.0038368391517066202
2019-11-07,-1.0,0.0,1.0,-0.008687272968657357
2019-11-08,0.0,0.0,0.0,0.00044497431637267
2019-11-11,-1.0,0.0,0.0,-0.006146378473920445
2019-11-13,1.0,0.0,0.0,0.0026694740797649774
2019-11-14,0.0,0.0,0.0,0.001964864490640688
2019-11-15,0.0,1.0,0.0,-0.0009209439695143741
2019-11-18,1.0,-1.0,0.0,0.004667453047495242
2019-11-19,1.0,0.0,0.0,0.004929163836595279
2019-11-20,-1.0,0.0,0.0,-0.002561803841863281
2019-11-21,-1.0,0.0,0.0,-0.004522090543975697
2019-11-22,1.0,0.0,0.0,0.013285921921847858
2019-11-25,-1.0,0.0,1.0,-0.002990282779561198
2019-11-26,1.0,0.0,0.0,0.00521991043723913
2019-11-27,1.0,0.0,0.0,0.0041605133442242075
2019-11-28,-1.0,0.0,1.0,-0.007857206885134962
2019-11-29,0.0,1.0,0.0,-0.0006513374427765289
2019-12-02,-1.0,0.0,0.0,-0.0044920715738986546
2019-12-03,1.0,0.0,0.0,0.004076985686669962
2019-12-04,-1.0,1.0,0.0,-0.0020613765320537055
2019-12-05,-1.0,0.0,0.0,-0.008095316119752127
2019-12-06,0.0,1.0,0.0,0.0013412131605239934
2019-12-09,-1.0,0.0,0.0,-0.006783163146280523
2019-12-10,1.0,0.0,0.0,0.004489435085769313
2019-12-11,1.0,1.0,0.0,0.005162906458065569
2019-12-12,1.0,1.0,0.0,0.009551790310290194
2019-12-13,-1.0,1.0,0.0,-0.0027132674631074115
2019-12-16,1.0,0.0,0.0,0.009170569183900065
2019-12-17,1.0,1.0,0.0,0.004645992942887364
2019-12-18,1.0,0.0,1.0,0.0031084912097463736
2019-12-19,0.0,0.0,1.0,0.0009864868419187144
2019-12-20,0.0,0.0,1.0,-0.0007377351865395867
2019-12-23,-1.0,0.0,0.0,-0.00393834796328302
2019-12-24,-1.0,1.0,0.0,-0.007230600375326736
2019-12-26,1.0,1.0,0.0,0.009785757354041368
2019-12-27,0.0,1.0,0.0,0.000820352961014532
2019-12-30,-1.0,1.0,0.0,-0.007156837498259268
2019-12-31,0.0,0.0,0.0,0.0011539592138382815
2020-01-01,1.0,0.0,0.0,0.0081505640319357
2020-01-02,-1.0,0.0,0.0,-0.004533064188910619
2020-01-03,-1.0,0.0,0.0,-0.019290680239015083
2020-01-06,1.0,1.0,-1.0,0.004982127913257648
2020-01-07,-1.0,0.0,0.0,-0.0022925216554330287
2020-01-08,1.0,0.0,0.0,0.01572146029987446
2020-01-09,1.0,0.0,0.0,0.0033425031221734377
2020-01-10,1.0,0.0,0.0,0.005917935140473151
2020-01-13,1.0,0.0,0.0,0.0026526987005530004
2020-01-14,0.0,0.0,0.0,-0.0015381131197652743
2020-01-15,0.0,0.0,0.0,0.0009879023266084047
2020-01-16,0.0,0.0,0.0,-0.0002549796940701581
2020-01-17,-1.0,0.0,0.0,-0.010400103505719096
2020-01-20,-1.0,0.0,0.0,-0.004484643334313313
2020-01-21,-1.0,0.0,0.0,-0.005186043526161765
2020-01-22,1.0,0.0,0.0,0.006048459494062653
2020-01-23,1.0,0.0,0.0,0.005559072141750759
2020-01-24,-1.0,0.0,0.0,-0.010608600656474901
2020-01-27,-1.0,0.0,0.0,-0.005228597049925123
2020-01-28,1.0,1.0,0.0,0.006094630054544958
2020-01-29,-1.0,0.0,0.0,-0.007754960177450233
2020-01-30,-1.0,1.0,0.0,-0.006142223420045023
2020-01-31,-1.0,0.0,-1.0,-0.025420487964002748
2020-02-01,1.0,-1.0,-1.0,0.003940997195259483
2020-02-03,1.0,-1.0,-1.0,0.022945549276863344
2020-02-04,1.0,1.0,0.0,0.009098979215473266
2020-02-05,1.0,1.0,0.0,0.004028551993334523
2020-02-06,-1.0,0.0,0.0,-0.00326782844243661
2020-02-07,-1.0,1.0,0.0,-0.00554086917501395
2020-02-10,1.0,-1.0,0.0,0.006329921630102066
2020-02-11,1.0,-1.0,0.0,0.007676175434802536
2020-02-12,-1.0,0.0,0.0,-0.0021783864356833328
2020-02-13,-1.0,0.0,0.0,-0.005039515608318779
2020-02-14,-1.0,1.0,0.0,-0.005600354051906773
2020-02-17,-1.0,1.0,0.0,-0.004434597067865641
2020-02-18,1.0,1.0,0.0,0.011062206478915673
2020-02-19,-1.0,1.0,0.0,-0.003722106603365098
2020-02-20,-1.0,1.0,0.0,-0.02103359607782139
2020-02-24,-1.0,1.0,-1.0,-0.002666408659732823
2020-02-25,-1.0,-1.0,-1.0,-0.010172005036684025
2020-02-26,-1.0,-1.0,-1.0,-0.003877869288740577
2020-02-27,-1.0,-1.0,-1.0,-0.03780165911136475
2020-02-28,-1.0,1.0,-1.0,-0.0061788013630017435
2020-03-02,1.0,1.0,-1.0,0.015203503750200955
2020-03-03,-1.0,-1.0,-1.0,-0.004637704893553336
2020-03-04,0.0,-1.0,-1.0,0.0015985793812774052
2020-03-05,-1.0,-1.0,-1.0,-0.025119871302905144
2020-03-06,-1.0,1.0,-1.0,-0.05019499690134644
2020-03-09,0.0,1.0,-1.0,0.0006647584995526857
2020-03-11,-1.0,1.0,-1.0,-0.08666895319947657
2020-03-12,1.0,1.0,-1.0,0.03735849765514436
2020-03-13,-1.0,1.0,-1.0,-0.0791741923032013
2020-03-16,-1.0,1.0,-1.0,-0.02536408746272287
2020-03-17,-1.0,1.0,-1.0,-0.057167925833670724
2020-03-18,-1.0,1.0,-1.0,-0.02454664624605478
2020-03-19,1.0,1.0,-1.0,0.05669138924710427
2020-03-20,-1.0,1.0,-1.0,-0.13903754227747062
2020-03-23,1.0,1.0,-1.0,0.02476231717515871
2020-03-24,1.0,1.0,-1.0,0.0641454679567434
2020-03-25,1.0,1.0,-1.0,0.03816658483208671
2020-03-26,1.0,1.0,-1.0,0.002173197708783864
2020-03-27,-1.0,1.0,-1.0,-0.04476778070303545
2020-03-30,1.0,1.0,-1.0,0.03752473130703148
2020-03-31,-1.0,1.0,-1.0,-0.04082684076114729
2020-04-01,-1.0,1.0,-1.0,-0.020811641353066516
2020-04-03,1.0,1.0,-1.0,0.08400290578755377
2020-04-07,-1.0,1.0,0.0,-0.00495413177366146
2020-04-08,1.0,1.0,0.0,0.04067041852397847
2020-04-09,-1.0,1.0,1.0,-0.013040241121341193
2020-04-13,-1.0,1.0,1.0,-0.007651069878088075
2020-04-15,1.0,1.0,1.0,0.007534316619288413
2020-04-16,1.0,1.0,1.0,0.030008467628351927
2020-04-17,0.0,1.0,1.0,-0.0005289120726044875
2020-04-20,-1.0,1.0,1.0,-0.03074247350877093
2020-04-21,1.0,1.0,0.0,0.02266075638210351
2020-04-22,1.0,1.0,1.0,0.0136858123823579
2020-04-23,-1.0,1.0,1.0,-0.017273269955520296
2020-04-24,1.0,1.0,1.0,0.013874722895871999
2020-04-27,1.0,1.0,1.0,0.010566346325391251
2020-04-28,1.0,1.0,1.0,0.01821617107952879
2020-04-29,1.0,-1.0,1.0,0.03158414825312425
2020-04-30,-1.0,-1.0,1.0,-0.05916079550901353
2020-05-04,-1.0,-1.0,0.0,-0.009503236539158732
2020-05-05,1.0,-1.0,0.0,0.007068467716618194
2020-05-06,-1.0,1.0,0.0,-0.0077802443900713515
2020-05-07,1.0,1.0,0.0,0.0056854826859751096
2020-05-08,0.0,1.0,0.0,-0.0013303987208930653
2020-05-11,-1.0,1.0,0.0,-0.004626888093829281
2020-05-12,1.0,1.0,0.0,0.020129742512240333
2020-05-13,-1.0,1.0,1.0,-0.02599694075145828
2020-05-14,0.0,1.0,0.0,-0.0006455283709578169
2020-05-15,-1.0,1.0,0.0,-0.034925404242762116
2020-05-18,1.0,1.0,-1.0,0.006309917644358519
2020-05-19,1.0,1.0,-1.0,0.020891616387661998
2020-05-20,1.0,1.0,0.0,0.004369174057383805
2020-05-21,-1.0,1.0,0.0,-0.00738478460081561
2020-05-22,0.0,1.0,0.0,-0.0011290493387357832
2020-05-26,1.0,1.0,0.0,0.031173479330792266
2020-05-27,1.0,-1.0,1.0,0.018628513621497384
2020-05-28,1.0,-1.0,1.0,0.009459756758424582
2020-05-29,1.0,-1.0,1.0,0.025338292519217084
2020-06-01,1.0,-1.0,1.0,0.015445706644400328
2020-06-02,1.0,-1.0,1.0,0.008228322453736857
2020-06-03,-1.0,0.0,1.0,-0.0032303612096776253
2020-06-04,1.0,0.0,1.0,0.01120914010549148
2020-06-05,1.0,-1.0,1.0,0.0024914339117400133
2020-06-08,-1.0,0.0,1.0,-0.011952195553601492
2020-06-09,1.0,0.0,1.0,0.006893911089192986
2020-06-10,-1.0,0.0,1.0,-0.02139639975380881
2020-06-11,1.0,-1.0,0.0,0.007134657357130778
2020-06-12,-1.0,0.0,1.0,-0.016092045671383177
2020-06-15,1.0,-1.0,0.0,0.010168530973403287
2020-06-16,-1.0,-1.0,0.0,-0.003318997851049477
2020-06-17,1.0,-1.0,0.0,0.021079447494686824
2020-06-18,1.0,0.0,1.0,0.015022865580104622
2020-06-19,1.0,0.0,1.0,0.006499468286308812
2020-06-22,1.0,0.0,1.0,0.015378848196892156
2020-06-23,-1.0,0.0,1.0,-0.015951205305137297
2020-06-24,0.0,0.0,1.0,-0.0015926817712496291
2020-06-25,1.0,0.0,1.0,0.009104209092378747
2020-06-26,-1.0,0.0,1.0,-0.006822798677230463
2020-06-29,0.0,0.0,1.0,-0.0009992966947658516
2020-06-30,1.0,0.0,0.0,0.012343304915724197
2020-07-01,1.0,0.0,1.0,0.01159592151654617
2020-07-02,1.0,-1.0,1.0,0.005260172674752368
2020-07-03,1.0,-1.0,1.0,0.01462755948628082
2020-07-06,1.0,-1.0,1.0,0.0033390096550110133
2020-07-07,-1.0,-1.0,1.0,-0.008732745890836629
2020-07-08,1.0,0.0,1.0,0.01000974936330002
2020-07-09,-1.0,0.0,1.0,-0.004207313390691434
2020-07-10,1.0,0.0,1.0,0.0032126866059742
2020-07-13,-1.0,0.0,1.0,-0.018248945829038105
2020-07-14,0.0,-1.0,0.0,0.0010223528667139743
2020-07-15,1.0,-1.0,0.0,0.011400923653342283
2020-07-16,1.0,0.0,0.0,0.014948306800439333
2020-07-17,1.0,0.0,1.0,0.010992680446704291
2020-07-20,1.0,0.0,1.0,0.012626128711697352
2020-07-21,-1.0,0.0,1.0,-0.0026598086535778794
2020-07-22,1.0,0.0,1.0,0.007414551118342539
2020-07-23,0.0,0.0,1.0,-0.0019009715848837335
2020-07-24,-1.0,0.0,1.0,-0.005585443136371612
2020-07-27,1.0,0.0,1.0,0.01504551982144569
2020-07-28,-1.0,0.0,1.0,-0.008683186883977411
2020-07-29,-1.0,0.0,1.0,-0.009029426960437587
2020-07-30,-1.0,-1.0,0.0,-0.0025884319724486563
2020-07-31,-1.0,-1.0,0.0,-0.016558501347417372
2020-08-03,1.0,-1.0,0.0,0.01852523886716068
2020-08-04,0.0,-1.0,0.0,0.0005766571167461483
2020-08-05,1.0,-1.0,0.0,0.008833425148686718
2020-08-06,0.0,0.0,1.0,0.0012402853353563766
2020-08-07,1.0,0.0,0.0,0.004990181230942265
2020-08-10,1.0,0.0,1.0,0.004634258813425212
2020-08-11,0.0,-1.0,1.0,-0.001246084055380327
2020-08-12,0.0,-1.0,1.0,-0.0007032644586220171
2020-08-13,-1.0,-1.0,0.0,-0.010859203150128484
2020-08-14,1.0,-1.0,0.0,0.006126972858148093
2020-08-17,1.0,-1.0,0.0,0.012217123605577227
2020-08-18,1.0,0.0,1.0,0.0020224849230216792
2020-08-19,-1.0,-1.0,1.0,-0.008468136833463799
2020-08-20,1.0,-1.0,0.0,0.0052372297208920626
2020-08-21,1.0,-1.0,0.0,0.008306361125610326
2020-08-24,0.0,-1.0,1.0,0.000505695625611065
2020-08-25,1.0,0.0,1.0,0.0067197285239703015
2020-08-26,0.0,0.0,1.0,0.0008351779133036767
2020-08-27,1.0,0.0,1.0,0.007614167958564083
2020-08-28,-1.0,-1.0,1.0,-0.022583887619258884
2020-08-31,1.0,-1.0,0.0,0.007240464307211334
2020-09-01,1.0,-1.0,0.0,0.005629164732428894
2020-09-02,0.0,-1.0,0.0,-0.00065474399031464
2020-09-03,-1.0,-1.0,0.0,-0.01693732449116851
2020-09-04,0.0,-1.0,0.0,0.0018687557501366183
2020-09-07,-1.0,-1.0,0.0,-0.003325632464696761
2020-09-08,-1.0,-1.0,0.0,-0.0034830210446831823
2020-09-09,1.0,-1.0,0.0,0.01507030028649042
2020-09-10,0.0,-1.0,0.0,0.0013267173987232086
2020-09-11,-1.0,-1.0,0.0,-0.0021305864987327225
2020-09-14,1.0,-1.0,0.0,0.007120536490514026
2020-09-15,1.0,-1.0,0.0,0.007156369523104026
2020-09-16,-1.0,0.0,1.0,-0.007651206302177675
2020-09-17,0.0,-1.0,0.0,-0.0009686787415754223
2020-09-18,-1.0,-1.0,0.0,-0.02236036119704115
2020-09-21,-1.0,1.0,-1.0,-0.008650217746793273
2020-09-22,0.0,-1.0,-1.0,-0.001956429692266528
2020-09-23,-1.0,-1.0,-1.0,-0.029750477881848796
2020-09-24,1.0,-1.0,-1.0,0.022393161118835776
2020-09-25,1.0,1.0,-1.0,0.015917527178764334
2020-09-28,0.0,-1.0,0.0,-0.00045879835726466887
2020-09-29,1.0,-1.0,0.0,0.002238546191905813
2020-09-30,1.0,-1.0,0.0,0.014948766094795703
2020-10-01,1.0,-1.0,0.0,0.007539204045733728
2020-10-05,1.0,0.0,1.0,0.013731694349654332
2020-10-06,1.0,0.0,1.0,0.006533862249180739
2020-10-07,1.0,0.0,1.0,0.008123590443176206
2020-10-08,1.0,0.0,1.0,0.006703521700736463
2020-10-09,0.0,0.0,1.0,0.0014048980824201138
2020-10-12,0.0,1.0,1.0,0.0002975012016269282
2020-10-13,1.0,0.0,1.0,0.0030578696980628857
2020-10-14,-1.0,0.0,1.0,-0.024583292316473156
2020-10-15,1.0,-1.0,0.0,0.007004311400897572
2020-10-16,1.0,-1.0,0.0,0.009358871804925359
2020-10-19,0.0,1.0,1.0,0.0019983304819722702
2020-10-20,1.0,1.0,1.0,0.0034278147805934457
2020-10-21,-1.0,1.0,1.0,-0.0034572348892397747
2020-10-22,1.0,-1.0,0.0,0.0028455371996451177
2020-10-23,-1.0,0.0,0.0,-0.013722834461522889
2020-10-26,1.0,-1.0,0.0,0.010284507834007878
2020-10-27,-1.0,-1.0,0.0,-0.013531685368635521
2020-10-28,-1.0,-1.0,0.0,-0.005025565695959923
2020-10-29,-1.0,-1.0,0.0,-0.002436389174245776
2020-10-30,1.0,-1.0,0.0,0.0022950006963143427
2020-11-02,1.0,-1.0,0.0,0.012294338008099459
2020-11-03,1.0,-1.0,0.0,0.008009485529747545
2020-11-04,1.0,-1.0,0.0,0.017629301958937776
2020-11-05,1.0,0.0,1.0,0.011749715326943234
2020-11-06,1.0,0.0,1.0,0.015976331334718024
2020-11-09,1.0,-1.0,1.0,0.01355424731828949
2020-11-10,1.0,0.0,1.0,0.009302575925418237
2020-11-11,-1.0,0.0,1.0,-0.004587281211030351
2020-11-12,1.0,0.0,1.0,0.002294305582223262
2020-11-13,1.0,0.0,1.0,0.004729383486755077
2020-11-14,1.0,-1.0,1.0,0.007324298123558119
2020-11-17,1.0,0.0,1.0,0.00496273166287285
2020-11-18,-1.0,0.0,1.0,-0.012956254665088004
2020-11-19,1.0,0.0,1.0,0.006816057913245701
2020-11-20,1.0,0.0,1.0,0.005227756180819109
2020-11-23,1.0,0.0,1.0,0.009907092146913083
2020-11-24,-1.0,-1.0,1.0,-0.01518539766292209
2020-11-25,1.0,1.0,1.0,0.00995156285515894
2020-11-26,0.0,0.0,1.0,-0.0013908181291474332
2020-11-27,1.0,0.0,1.0,0.010744792383060973
2020-12-01,0.0,0.0,1.0,0.0003584666816914015
2020-12-02,0.0,0.0,1.0,0.0015353758495279832
2020-12-03,1.0,0.0,1.0,0.009445953432445583
2020-12-04,1.0,-1.0,1.0,0.0073043763815936035
2020-12-07,1.0,0.0,1.0,0.002781445377379538
2020-12-08,1.0,0.0,1.0,0.010114472018708576
2020-12-09,-1.0,0.0,1.0,-0.003761936351579113
2020-12-10,1.0,0.0,1.0,0.0026341006963332956
2020-12-11,1.0,0.0,1.0,0.0032727570583044262
2020-12-14,0.0,0.0,1.0,0.0007151810376354939
2020-12-15,1.0,0.0,1.0,0.0084292375769653
2020-12-16,1.0,0.0,1.0,0.004229970498269098
2020-12-17,0.0,-1.0,1.0,0.0014435709974719424
2020-12-18,-1.0,-1.0,1.0,-0.03190870565767625
2020-12-21,1.0,-1.0,0.0,0.010293171226603563
2020-12-22,1.0,-1.0,0.0,0.009960403618605139
2020-12-23,1.0,-1.0,0.0,0.010833605346231154
2020-12-24,1.0,0.0,1.0,0.008974644316761851
2020-12-28,1.0,0.0,1.0,0.004272496411424223
2020-12-29,1.0,1.0,1.0,0.0035357941585163945
2020-12-30,0.0,1.0,1.0,-1.4304258735754857e-05
2020-12-31,1.0,1.0,1.0,0.002624978069994666
2021-01-01,1.0,-1.0,1.0,0.00812752685406613
2021-01-04,1.0,1.0,1.0,0.0047013399972732585
2021-01-05,-1.0,1.0,1.0,-0.0037571814216639365
2021-01-06,0.0,-1.0,1.0,-0.0006293399916382645
2021-01-07,1.0,-1.0,1.0,0.014738054903755111
2021-01-08,1.0,1.0,1.0,0.00953808562855032
2021-01-11,1.0,1.0,1.0,0.005418593410961451
2021-01-12,0.0,1.0,1.0,9.612644754944934e-05
2021-01-13,1.0,1.0,1.0,0.0021090217330616886
2021-01-14,-1.0,-1.0,1.0,-0.011154363255555686
2021-01-15,-1.0,-1.0,0.0,-0.01061476099225705
2021-01-18,1.0,-1.0,0.0,0.01665521817989555
2021-01-19,1.0,-1.0,1.0,0.00847228790044222
2021-01-20,-1.0,-1.0,1.0,-0.0037181439822322328
2021-01-21,-1.0,-1.0,1.0,-0.015085440027319255
2021-01-22,-1.0,-1.0,0.0,-0.009297255444126929
2021-01-25,-1.0,-1.0,0.0,-0.019244453457933762
2021-01-27,-1.0,-1.0,-1.0,-0.01079367903283101
2021-01-28,-1.0,-1.0,-1.0,-0.013328843718060656
2021-01-29,1.0,1.0,-1.0,0.046333307393982406
2021-02-01,1.0,-1.0,0.0,0.025349580019676167
2021-02-02,1.0,1.0,1.0,0.009654329040450573
2021-02-03,1.0,1.0,1.0,0.007121327963684512
2021-02-04,0.0,-1.0,1.0,0.0019181827416789982
2021-02-05,1.0,-1.0,1.0,0.012753147626468448
2021-02-08,0.0,1.0,1.0,-0.0004301061104978167
2021-02-09,0.0,1.0,1.0,-0.00018533350154651584
2021-02-10,1.0,1.0,1.0,0.004412189536825283
2021-02-11,0.0,1.0,1.0,-0.0006592696849480349
2021-02-15,0.0,1.0,1.0,-8.162425746866536e-05
2021-02-16,-1.0,1.0,1.0,-0.006850744382448808
2021-02-17,-1.0,-1.0,1.0,-0.005931858918806256
2021-02-18,-1.0,-1.0,0.0,-0.009116130199794164
2021-02-19,-1.0,-1.0,0.0,-0.020639728948870298
2021-02-22,1.0,-1.0,-1.0,0.0021849005577883308
2021-02-23,1.0,-1.0,0.0,0.0184715152210019
2021-02-24,1.0,-1.0,0.0,0.007669751205100037
2021-02-25,-1.0,-1.0,0.0,-0.03836225551565555
2021-02-26,1.0,-1.0,-1.0,0.015868850993789412
2021-03-01,1.0,-1.0,0.0,0.010616444031444284
2021-03-02,1.0,-1.0,0.0,0.02164866559165988
2021-03-03,-1.0,-1.0,1.0,-0.010871840740940207
2021-03-04,-1.0,-1.0,0.0,-0.009504099842029849
2021-03-05,0.0,-1.0,0.0,0.0012109333359041415
2021-03-08,1.0,-1.0,0.0,0.009462848356829118
2021-03-09,1.0,-1.0,0.0,0.0050473793452542595
2021-03-10,-1.0,-1.0,0.0,-0.009524748600142347
2021-03-12,-1.0,-1.0,0.0,-0.006772287314813522
2021-03-15,0.0,-1.0,0.0,-0.0012768119643645321
2021-03-16,-1.0,-1.0,0.0,-0.012766884789164224
2021-03-17,-1.0,-1.0,-1.0,-0.011165057588712252
2021-03-18,1.0,-1.0,-1.0,0.01270585333767231
2021-03-19,0.0,-1.0,0.0,-0.0005155968147220087
2021-03-22,1.0,-1.0,0.0,0.005302682541282359
2021-03-23,-1.0,-1.0,0.0,-0.018073550440256294
2021-03-24,-1.0,-1.0,-1.0,-0.015550473880181296
2021-03-25,1.0,-1.0,-1.0,0.012652689241181039
2021-03-26,1.0,-1.0,-1.0,0.023017873453048527
2021-03-31,1.0,-1.0,0.0,0.011952892913079521
2021-04-01,-1.0,-1.0,0.0,-0.015560309410181656
2021-04-05,1.0,-1.0,0.0,0.0031171903704882375
2021-04-06,1.0,-1.0,0.0,0.009189100861723375
2021-04-07,1.0,-1.0,0.0,0.0036877606594222893
2021-04-08,-1.0,-1.0,0.0,-0.002622133440394992
2021-04-09,-1.0,-1.0,0.0,-0.03596464550090766
2021-04-12,1.0,-1.0,-1.0,0.01346513216216128
2021-04-13,1.0,-1.0,0.0,0.005270543809252156
2021-04-15,1.0,-1.0,0.0,0.0024932117451798913
2021-04-16,-1.0,-1.0,0.0,-0.017835122632966233
2021-04-19,-1.0,-1.0,-1.0,-0.004400504730724992
2021-04-20,1.0,-1.0,-1.0,0.007647441420956932
2021-04-22,-1.0,-1.0,0.0,-0.004508225741375628
2021-04-23,1.0,-1.0,0.0,0.009966658221529558
2021-04-26,1.0,-1.0,0.0,0.011534873699277236
2021-04-27,1.0,-1.0,0.0,0.014330678619181423
2021-04-28,1.0,-1.0,1.0,0.002039688940633703
2021-04-29,-1.0,-1.0,1.0,-0.017869472304921995
2021-04-30,0.0,-1.0,0.0,0.00020843833632333135
2021-05-03,-1.0,-1.0,0.0,-0.009450597532297881
2021-05-04,1.0,-1.0,0.0,0.00833614370438461
2021-05-05,1.0,-1.0,0.0,0.00728976241856127
2021-05-06,1.0,-1.0,0.0,0.00665700078709295
2021-05-07,1.0,-1.0,0.0,0.008009315295494882
2021-05-10,-1.0,-1.0,1.0,-0.006149094161166533
2021-05-11,-1.0,-1.0,0.0,-0.0104409988264523
2021-05-12,0.0,-1.0,0.0,-0.0012732220019680827
2021-05-14,1.0,-1.0,0.0,0.016577550301561973
2021-05-17,1.0,1.0,0.0,0.012317325341082912
2021-05-18,-1.0,-1.0,1.0,-0.005172840083098081
2021-05-19,-1.0,-1.0,1.0,-0.00829101294717533
2021-05-20,1.0,-1.0,0.0,0.017901935299818986
2021-05-21,0.0,-1.0,1.0,0.0014749945057214828
2021-05-24,0.0,-1.0,1.0,0.0007070938246309187
2021-05-25,1.0,-1.0,1.0,0.006096400711710557
2021-05-26,1.0,-1.0,1.0,0.0023760345128514245
2021-05-27,1.0,-1.0,1.0,0.006356139487801307
2021-05-28,1.0,0.0,1.0,0.00948797273161881
2021-05-31,0.0,0.0,1.0,-0.0005103080734601435
2021-06-01,0.0,0.0,1.0,8.667444601998165e-05
2021-06-02,1.0,0.0,1.0,0.00730176544363814
2021-06-03,0.0,0.0,1.0,-0.0012818634051846062
2021-06-04,1.0,0.0,1.0,0.005181111396264527
2021-06-07,0.0,0.0,1.0,-0.0007335254800309069
2021-06-08,-1.0,0.0,1.0,-0.0066772198768095935
2021-06-09,1.0,-1.0,0.0,0.0065279085353827145
2021-06-10,1.0,-1.0,1.0,0.003906515078371861
2021-06-11,0.0,0.0,1.0,0.0007908589772940088
2021-06-14,1.0,0.0,1.0,0.0036236155189037843
2021-06-15,-1.0,0.0,1.0,-0.006429243811976895
2021-06-16,-1.0,-1.0,0.0,-0.004841239057948083
2021-06-17,0.0,-1.0,0.0,-0.0005131515104754852
2021-06-18,1.0,-1.0,0.0,0.0040184782924328364
2021-06-21,0.0,-1.0,0.0,0.0016656491552922152
2021-06-22,-1.0,-1.0,0.0,-0.005454610993256628
2021-06-23,1.0,-1.0,0.0,0.0065761703950533955
2021-06-24,1.0,-1.0,0.0,0.004416957147551428
2021-06-25,-1.0,-1.0,0.0,-0.0028823968142633397
2021-06-28,-1.0,-1.0,0.0,-0.004197939514398237
2021-06-29,0.0,-1.0,0.0,-0.0017127454341774183
2021-06-30,-1.0,-1.0,0.0,-0.0026431873739428875
2021-07-01,1.0,-1.0,0.0,0.0026877113962504966
2021-07-02,1.0,-1.0,0.0,0.007107904518881885
2021-07-05,0.0,-1.0,0.0,-0.0010172940856974727
2021-07-06,1.0,-1.0,0.0,0.0038740785221350028
2021-07-07,-1.0,-1.0,0.0,-0.009602209976720955
2021-07-08,-1.0,0.0,0.0,-0.002425385606006873
2021-07-09,0.0,-1.0,0.0,0.00017844396906752612
2021-07-12,1.0,0.0,0.0,0.007602016616565908
2021-07-13,1.0,0.0,0.0,0.0026274003550276126
2021-07-14,1.0,0.0,0.0,0.004421284085811662
2021-07-15,0.0,1.0,0.0,-5.023926450783297e-05
2021-07-16,-1.0,0.0,0.0,-0.010796990837843464
2021-07-19,-1.0,-1.0,0.0,-0.007666242201175643
2021-07-20,1.0,-1.0,0.0,0.012204442218645537
2021-07-22,1.0,-1.0,0.0,0.002020196330389148
2021-07-23,0.0,-1.0,0.0,-0.0019949186710989724
2021-07-26,-1.0,0.0,0.0,-0.004941269251421819
2021-07-27,-1.0,0.0,0.0,-0.002355683736621079
2021-07-28,1.0,-1.0,0.0,0.004385825687307919
2021-07-29,0.0,0.0,0.0,-0.0009764913668472192
2021-07-30,1.0,0.0,0.0,0.007716116923125624
2021-08-02,1.0,0.0,0.0,0.015342677718794513
2021-08-03,1.0,0.0,1.0,0.007906912391925616
2021-08-04,1.0,0.0,1.0,0.0021994639228035033
2021-08-05,-1.0,0.0,1.0,-0.0034672734288667254
2021-08-06,0.0,0.0,1.0,0.001233981099116492
2021-08-09,0.0,0.0,1.0,0.001343030810369638
2021-08-10,0.0,0.0,1.0,0.00013205435130599847
2021-08-11,1.0,0.0,0.0,0.005032686256673825
2021-08-12,1.0,0.0,1.0,0.01001422022003885
2021-08-13,1.0,0.0,1.0,0.0020518468525620097
2021-08-16,1.0,0.0,1.0,0.003107516143149264
2021-08-17,-1.0,0.0,1.0,-0.002757400390098923
2021-08-18,-1.0,0.0,1.0,-0.007168554609066652
2021-08-20,1.0,-1.0,0.0,0.0027893343567396453
2021-08-23,1.0,0.0,0.0,0.0077383198591159386
2021-08-24,0.0,0.0,1.0,0.0006043431710507372
2021-08-25,0.0,0.0,0.0,0.00013525068735473022
2021-08-26,1.0,0.0,0.0,0.004096928239887572
2021-08-27,1.0,0.0,1.0,0.013429166104186735
2021-08-30,1.0,0.0,1.0,0.011810519440649946
2021-08-31,-1.0,0.0,1.0,-0.0032711245256615783
2021-09-01,1.0,0.0,1.0,0.009204271285332572
2021-09-02,1.0,0.0,1.0,0.005176853225117625
2021-09-03,1.0,0.0,1.0,0.003123795816542275
2021-09-06,0.0,0.0,1.0,-0.0009038598884199581
2021-09-07,0.0,0.0,1.0,-0.0004954545032160359
2021-09-08,0.0,0.0,1.0,0.0009071862729865194
2021-09-09,0.0,0.0,1.0,-0.0008034661788540212
2021-09-13,0.0,0.0,1.0,0.0014221845881971984
2021-09-14,1.0,0.0,1.0,0.007991572484174538
2021-09-15,1.0,0.0,1.0,0.006261942937460994
2021-09-16,-1.0,0.0,1.0,-0.0025188393721590984
2021-09-17,-1.0,-1.0,1.0,-0.010762766458321043
2021-09-20,1.0,-1.0,0.0,0.00944544750940251
2021-09-21,0.0,1.0,0.0,-0.0008744284373270665
2021-09-22,1.0,1.0,0.0,0.015623904173446654
2021-09-23,0.0,0.0,1.0,0.0016958111931557232
2021-09-24,0.0,0.0,1.0,0.00010641783572961581
2021-09-27,-1.0,0.0,1.0,-0.005982542131478065
2021-09-28,-1.0,1.0,0.0,-0.0021037856145795374
2021-09-29,-1.0,-1.0,0.0,-0.005273233285638534
2021-09-30,-1.0,-1.0,0.0,-0.004898986190713282
2021-10-01,1.0,-1.0,0.0,0.009039532585512345
2021-10-04,1.0,-1.0,0.0,0.0073803151105359625
2021-10-05,-1.0,1.0,0.0,-0.009941353376534637
2021-10-06,1.0,-1.0,0.0,0.008147046658443456
2021-10-07,1.0,-1.0,0.0,0.005876345003409079
2021-10-08,1.0,1.0,0.0,0.002831942274032983
2021-10-11,1.0,1.0,0.0,0.002559972904460075
2021-10-12,1.0,1.0,1.0,0.009393298528785267
2021-10-13,1.0,0.0,1.0,0.009687667374482732
2021-10-14,1.0,0.0,1.0,0.007524019892830094
2021-10-18,-1.0,0.0,1.0,-0.0031602539324889403
2021-10-19,-1.0,0.0,1.0,-0.00829491185970416
2021-10-20,-1.0,1.0,0.0,-0.00485668280747376
2021-10-21,-1.0,-1.0,0.0,-0.0034827687919410082
2021-10-22,0.0,-1.0,0.0,0.000579465417990845
2021-10-25,1.0,-1.0,0.0,0.007858521832249608
2021-10-26,-1.0,-1.0,0.0,-0.003149729778398594
2021-10-27,-1.0,-1.0,0.0,-0.01961347328760292
2021-10-28,-1.0,1.0,0.0,-0.010447927649083697
2021-10-29,1.0,0.0,-1.0,0.014494106489669145
2021-11-01,-1.0,1.0,0.0,-0.0022725632780962878
2021-11-02,-1.0,1.0,0.0,-0.0033456411226991806
2021-11-03,1.0,1.0,0.0,0.004901257503659256
2021-11-04,1.0,1.0,0.0,0.00843403771450868
2021-11-08,0.0,-1.0,0.0,-0.0013457834157164536
2021-11-09,0.0,0.0,0.0,-0.001500217272092116
2021-11-10,-1.0,0.0,0.0,-0.008002093364690321
2021-11-11,1.0,1.0,0.0,0.012739096598234837
2021-11-12,0.0,1.0,0.0,0.0003700410401166087
2021-11-15,-1.0,0.0,0.0,-0.006106589008761365
2021-11-16,-1.0,1.0,0.0,-0.005602021455896025
2021-11-17,-1.0,1.0,0.0,-0.007506319690276539
2021-11-18,-1.0,1.0,0.0,-0.019798067728082253
2021-11-22,1.0,0.0,-1.0,0.004971387591004055
2021-11-23,-1.0,0.0,-1.0,-0.005057516278800545
2021-11-24,1.0,0.0,-1.0,0.0069353921488597555
2021-11-25,-1.0,1.0,0.0,-0.029502149772621358
2021-11-26,0.0,-1.0,-1.0,0.001613831173843718
2021-11-29,-1.0,-1.0,-1.0,-0.004157228316412426
2021-11-30,1.0,-1.0,-1.0,0.010758491006561958
2021-12-01,1.0,-1.0,-1.0,0.01358191816862196
2021-12-02,-1.0,-1.0,0.0,-0.011847524364121427
2021-12-03,-1.0,-1.0,0.0,-0.016679293525066932
2021-12-06,1.0,-1.0,-1.0,0.015515602865605863
2021-12-07,1.0,-1.0,0.0,0.01691699951017999
2021-12-08,1.0,-1.0,0.0,0.0026924610252884998
2021-12-09,0.0,1.0,0.0,-0.0003168879913123273
2021-12-10,-1.0,1.0,0.0,-0.008202560070672313
2021-12-13,-1.0,1.0,0.0,-0.0024990537072034653
2021-12-14,-1.0,-1.0,0.0,-0.005991976545675948
2021-12-15,0.0,-1.0,0.0,0.0015665890444361708
2021-12-16,-1.0,-1.0,0.0,-0.015377008913403054
2021-12-17,-1.0,-1.0,-1.0,-0.02208462525426377
2021-12-20,1.0,-1.0,-1.0,0.009384508914368171
2021-12-21,1.0,1.0,-1.0,0.010947055769810723
2021-12-22,1.0,-1.0,0.0,0.006885523140111989
2021-12-23,-1.0,0.0,0.0,-0.004040931243418335
2021-12-24,1.0,-1.0,0.0,0.004840138519222991
2021-12-27,1.0,0.0,0.0,0.008566610759914585
2021-12-28,0.0,-1.0,0.0,-0.0011408881875360657
2021-12-29,0.0,-1.0,0.0,-0.0005607604406977799
2021-12-30,1.0,-1.0,0.0,0.008686899930872365
2021-12-31,1.0,1.0,0.0,0.015532155674438485
2022-01-03,1.0,1.0,1.0,0.01013529340916908
2022-01-04,1.0,0.0,1.0,0.006716975758933995
2022-01-05,-1.0,0.0,1.0,-0.010055830065243644
2022-01-06,1.0,-1.0,1.0,0.003757182711433793
2022-01-07,1.0,1.0,1.0,0.01064338838998579
2022-01-10,1.0,0.0,1.0,0.0029091191803581893
2022-01-11,1.0,0.0,1.0,0.00863574177947351
2022-01-12,1.0,0.0,1.0,0.0024924505947533245
2022-01-13,0.0,0.0,1.0,-0.00011228708258463262
2022-01-14,1.0,0.0,1.0,0.0028634859715560308
2022-01-17,-1.0,0.0,1.0,-0.010710911914286183
2022-01-18,-1.0,1.0,0.0,-0.009689006478082284
2022-01-19,-1.0,-1.0,0.0,-0.010163862100486327
2022-01-20,-1.0,-1.0,0.0,-0.007906944964905686
2022-01-21,-1.0,1.0,-1.0,-0.026927165310979384
2022-01-24,1.0,-1.0,-1.0,0.007485427978237365
2022-01-25,-1.0,-1.0,-1.0,-0.009759267410336796
2022-01-27,0.0,-1.0,-1.0,-0.0004793625738860481
2022-01-28,1.0,-1.0,-1.0,0.01381482870112138
2022-01-31,1.0,1.0,0.0,0.013575374518897244
2022-02-01,1.0,-1.0,0.0,0.011491534770912802
2022-02-02,-1.0,-1.0,0.0,-0.012439252422007897
2022-02-03,-1.0,-1.0,0.0,-0.002503101673277095
2022-02-04,-1.0,-1.0,0.0,-0.017432106933369305
2022-02-07,1.0,-1.0,-1.0,0.003082917783403323
2022-02-08,1.0,1.0,0.0,0.01134748021146286
2022-02-09,1.0,-1.0,0.0,0.008101066127662239
2022-02-10,-1.0,1.0,0.0,-0.013213230321500876
2022-02-11,-1.0,-1.0,0.0,-0.031094737081558063
2022-02-14,1.0,-1.0,-1.0,0.029810441021687707
2022-02-15,0.0,-1.0,0.0,-0.0017447909452098886
2022-02-16,0.0,-1.0,0.0,-0.0010165537396252585
2022-02-17,0.0,-1.0,0.0,-0.0016367420349265715
2022-02-18,-1.0,-1.0,0.0,-0.004039683073425889
2022-02-21,-1.0,-1.0,0.0,-0.006673717910992999
2022-02-22,0.0,1.0,0.0,-0.0016951910709848976
2022-02-23,-1.0,1.0,0.0,-0.04896028105156906
2022-02-24,1.0,-1.0,-1.0,0.024947846739819746
2022-02-25,1.0,-1.0,-1.0,0.008101131524734604
2022-02-28,-1.0,-1.0,-1.0,-0.011254660360669237
2022-03-02,-1.0,-1.0,-1.0,-0.006518872771080209
2022-03-03,-1.0,-1.0,-1.0,-0.015435478124563093
2022-03-04,-1.0,-1.0,-1.0,-0.02380790463144289
2022-03-07,1.0,-1.0,-1.0,0.009430184764144683
2022-03-08,1.0,1.0,-1.0,0.020514459110673795
2022-03-09,1.0,-1.0,-1.0,0.015151966019218735
2022-03-10,1.0,-1.0,0.0,0.002139933127338912
2022-03-11,1.0,-1.0,0.0,0.014378601088806696
2022-03-14,-1.0,1.0,1.0,-0.012423260902022252
2022-03-15,1.0,-1.0,0.0,0.018571599232414908
2022-03-16,1.0,1.0,1.0,0.018195374494415762
2022-03-17,-1.0,1.0,1.0,-0.009850492312713139
2022-03-21,1.0,1.0,1.0,0.011494880163363386
2022-03-22,-1.0,1.0,1.0,-0.004042116370829646
2022-03-23,0.0,1.0,1.0,-0.001328753488373596
2022-03-24,-1.0,-1.0,1.0,-0.004058098847076208
2022-03-25,1.0,1.0,0.0,0.004014550846285441
2022-03-28,1.0,1.0,0.0,0.005980224669388954
2022-03-29,1.0,-1.0,1.0,0.00993301498577251
2022-03-30,0.0,1.0,1.0,-0.001916312115762529
2022-03-31,1.0,1.0,1.0,0.011709189086995933
2022-04-01,1.0,1.0,1.0,0.02144027979090949
2022-04-04,-1.0,0.0,1.0,-0.005331746443847561
2022-04-05,-1.0,0.0,1.0,-0.008374145995435539
2022-04-06,-1.0,-1.0,1.0,-0.009484600202821923
2022-04-07,1.0,-1.0,0.0,0.00817531703084775
2022-04-08,-1.0,-1.0,1.0,-0.0061704741556992595
2022-04-11,-1.0,-1.0,0.0,-0.008217570617932296
2022-04-12,-1.0,-1.0,0.0,-0.003122328883991324
2022-04-13,-1.0,-1.0,0.0,-0.017432251023419793
2022-04-18,-1.0,-1.0,-1.0,-0.012598204259997624
2022-04-19,1.0,-1.0,-1.0,0.010435581223143465
2022-04-20,1.0,-1.0,-1.0,0.014831219041721086
2022-04-21,-1.0,-1.0,0.0,-0.01276758976251808
2022-04-22,-1.0,-1.0,0.0,-0.012776393616003143
2022-04-25,1.0,-1.0,-1.0,0.014455049340358107
2022-04-26,-1.0,-1.0,0.0,-0.00948627408669976
2022-04-27,1.0,1.0,0.0,0.012055525496746364
2022-04-28,-1.0,-1.0,0.0,-0.008297570577797668
2022-04-29,0.0,-1.0,0.0,-0.001957763858873641
2022-05-02,-1.0,-1.0,0.0,-0.023203309652967317
2022-05-04,0.0,-1.0,-1.0,0.000302755527226413
2022-05-05,-1.0,-1.0,-1.0,-0.016402181947133422
2022-05-06,-1.0,-1.0,-1.0,-0.006688476961240644
2022-05-09,-1.0,1.0,-1.0,-0.003798184758416227
2022-05-10,-1.0,1.0,-1.0,-0.00450210050671121
2022-05-11,-1.0,1.0,-1.0,-0.022462172034303025
2022-05-12,0.0,1.0,-1.0,-0.0016365864530401846
2022-05-13,1.0,1.0,-1.0,0.0038040233132169052
2022-05-16,1.0,1.0,-1.0,0.025981474896775072
2022-05-17,0.0,1.0,0.0,-0.0011692452931500745
2022-05-18,-1.0,1.0,0.0,-0.02689110763221448
2022-05-19,1.0,-1.0,-1.0,0.028481561554378136
2022-05-20,-1.0,-1.0,0.0,-0.003168023190952943
2022-05-23,-1.0,-1.0,0.0,-0.005538073236373267
2022-05-24,-1.0,1.0,0.0,-0.006180241406599101
2022-05-25,1.0,1.0,0.0,0.008967026426285264
2022-05-26,1.0,-1.0,0.0,0.011210783228271726
2022-05-27,1.0,0.0,0.0,0.018716933609406666
2022-05-30,-1.0,1.0,1.0,-0.004623127742067441
2022-05-31,-1.0,1.0,1.0,-0.0037333199493177205
2022-06-01,1.0,1.0,0.0,0.006349802260260305
2022-06-02,-1.0,1.0,1.0,-0.002631556695493478
2022-06-03,0.0,1.0,0.0,-0.000889791138776673
2022-06-06,-1.0,1.0,0.0,-0.009288884132275873
2022-06-07,-1.0,-1.0,0.0,-0.0036677021275259834
2022-06-08,1.0,-1.0,0.0,0.007422139276322272
2022-06-09,-1.0,-1.0,0.0,-0.016909879395574055
2022-06-10,-1.0,-1.0,0.0,-0.02673397433842731
2022-06-13,-1.0,-1.0,-1.0,-0.0026851618183916293
2022-06-14,-1.0,-1.0,-1.0,-0.0025426237076681558
2022-06-15,-1.0,-1.0,-1.0,-0.02135479785597345
2022-06-16,-1.0,1.0,-1.0,-0.0043778879281600415
2022-06-17,1.0,1.0,-1.0,0.0036973444439847482
2022-06-20,1.0,-1.0,-1.0,0.0186297598584063
2022-06-21,-1.0,1.0,0.0,-0.014524232766921568
2022-06-22,1.0,-1.0,-1.0,0.009257426877078428
2022-06-23,1.0,1.0,0.0,0.009124740571574834
2022-06-24,1.0,1.0,0.0,0.008423425943395693
2022-06-27,0.0,-1.0,0.0,0.0011457520842448876
2022-06-28,-1.0,-1.0,0.0,-0.0032291421550026864
2022-06-29,0.0,-1.0,0.0,-0.0011938182539383846
2022-06-30,0.0,-1.0,0.0,-0.0017886425993802585
2022-07-01,1.0,-1.0,0.0,0.0052742671509817375
2022-07-04,0.0,-1.0,0.0,-0.0015483694658309363
2022-07-05,1.0,-1.0,0.0,0.011254605733214696
2022-07-06,1.0,0.0,0.0,0.008909646239367608
2022-07-07,1.0,1.0,1.0,0.005421374182162639
2022-07-08,0.0,1.0,1.0,-0.0002836302220848392
2022-07-11,-1.0,0.0,1.0,-0.009772559284971526
2022-07-12,-1.0,1.0,0.0,-0.005723677957848531
2022-07-13,0.0,-1.0,0.0,-0.0017551947286701716
2022-07-14,1.0,-1.0,0.0,0.0069120269187908055
2022-07-15,1.0,-1.0,0.0,0.01418621464032833
2022-07-18,1.0,0.0,1.0,0.0038045298587748868
2022-07-19,1.0,0.0,1.0,0.010973470957583456
2022-07-20,1.0,0.0,1.0,0.005095690867800048
2022-07-21,1.0,0.0,1.0,0.006853801957183238
2022-07-22,-1.0,0.0,1.0,-0.005304288690666916
2022-07-25,-1.0,0.0,1.0,-0.008887309985909385
2022-07-26,1.0,1.0,0.0,0.009536488917606722
2022-07-27,1.0,0.0,1.0,0.01714596654805997
2022-07-28,1.0,0.0,1.0,0.01341553833962306
2022-07-29,1.0,0.0,1.0,0.010539747347198897
2022-08-01,0.0,0.0,1.0,0.0003113693066917206
2022-08-02,1.0,0.0,1.0,0.002458715567124006
2022-08-03,0.0,0.0,1.0,-0.0003537517131295328
2022-08-04,0.0,1.0,1.0,0.0008913297215996853
2022-08-05,1.0,0.0,1.0,0.00730762130159987
2022-08-08,0.0,0.0,1.0,0.0005504872521527912
2022-08-10,1.0,0.0,1.0,0.007060942140366637
2022-08-11,1.0,0.0,1.0,0.00221454591221288
2022-08-12,1.0,0.0,1.0,0.007155877104248459
2022-08-16,1.0,0.0,1.0,0.006653737907021656
2022-08-17,0.0,0.0,1.0,0.0006824370229270742
2022-08-18,-1.0,0.0,1.0,-0.011090707396812729
2022-08-19,-1.0,-1.0,1.0,-0.01519214788075593
2022-08-22,1.0,-1.0,0.0,0.004950363991350716
2022-08-23,0.0,-1.0,0.0,0.0015604374095596946
2022-08-24,-1.0,-1.0,0.0,-0.004697196586572179
2022-08-25,1.0,-1.0,0.0,0.0020780279616681788
2022-08-26,-1.0,-1.0,0.0,-0.014109055502046193
2022-08-29,1.0,1.0,0.0,0.025457433999052224
2022-08-30,-1.0,-1.0,0.0,-0.01226571304940768
2022-09-01,0.0,-1.0,0.0,-0.0001909797695519074
2022-09-02,1.0,-1.0,0.0,0.007177937523042408
2022-09-05,0.0,-1.0,0.0,-0.0005775535671594472
2022-09-06,0.0,-1.0,0.0,-0.0017687079440843621
2022-09-07,1.0,-1.0,0.0,0.009843924547387145
2022-09-08,0.0,-1.0,0.0,0.0019420696997862557
2022-09-09,1.0,-1.0,0.0,0.005759080153498418
2022-09-12,1.0,-1.0,1.0,0.0074264916511124004
2022-09-13,-1.0,-1.0,1.0,-0.0036758020863416896
2022-09-14,-1.0,-1.0,1.0,-0.007042724229622524
2022-09-15,-1.0,-1.0,0.0,-0.01957515923811545
2022-09-16,1.0,1.0,0.0,0.005200122092461122
2022-09-19,1.0,-1.0,0.0,0.010948654031257964
2022-09-20,-1.0,-1.0,0.0,-0.005510136469804691
2022-09-21,-1.0,-1.0,0.0,-0.005010173671356769
2022-09-22,-1.0,-1.0,0.0,-0.01730447403289598
2022-09-23,-1.0,-1.0,-1.0,-0.018114469805080784
2022-09-26,0.0,-1.0,-1.0,-0.0005231647471022982
2022-09-27,-1.0,-1.0,-1.0,-0.008787631108325747
2022-09-28,-1.0,1.0,-1.0,-0.002405224949281472
2022-09-29,1.0,-1.0,-1.0,0.016292312151434972
2022-09-30,-1.0,-1.0,0.0,-0.012183178617222033
2022-10-03,1.0,-1.0,-1.0,0.022655026911186513
2022-10-04,1.0,-1.0,0.0,0.003323116613248181
2022-10-06,0.0,-1.0,0.0,-0.0009900004993715066
2022-10-07,-1.0,-1.0,0.0,-0.004262695768817714
2022-10-10,-1.0,-1.0,0.0,-0.01504503966897207
2022-10-11,1.0,-1.0,-1.0,0.00821240045686677
2022-10-12,-1.0,-1.0,0.0,-0.0064005233452741625
2022-10-13,1.0,1.0,0.0,0.010020537033444438
2022-10-14,1.0,-1.0,0.0,0.0073107072473373395
2022-10-17,1.0,-1.0,0.0,0.010066538543434379
2022-10-18,0.0,1.0,1.0,0.0014457475831908754
2022-10-19,1.0,1.0,1.0,0.002947869919725599
2022-10-20,0.0,1.0,1.0,0.0007028977032589984
2022-10-21,1.0,1.0,0.0,0.00874901670915349
2022-10-24,-1.0,1.0,1.0,-0.004204928328390179
2022-10-25,1.0,1.0,0.0,0.004554542205983215
2022-10-27,1.0,0.0,1.0,0.0028065749095631263
2022-10-28,1.0,0.0,1.0,0.012592696923282446
2022-10-31,1.0,0.0,1.0,0.0073677789761327165
2022-11-01,-1.0,0.0,1.0,-0.0034531097777932285
2022-11-02,0.0,0.0,1.0,-0.0016687172048770696
2022-11-03,1.0,0.0,1.0,0.0035637453962944995
2022-11-04,1.0,0.0,1.0,0.004716424927414722
2022-11-07,-1.0,0.0,1.0,-0.0025192671149599894
2022-11-09,-1.0,0.0,1.0,-0.007118962667659443
2022-11-10,1.0,0.0,0.0,0.017676026972224347
2022-11-11,0.0,0.0,1.0,-0.0011205368843472386
2022-11-14,1.0,0.0,1.0,0.0040427414446846995
2022-11-15,0.0,0.0,1.0,0.0003395535039911678
2022-11-16,-1.0,0.0,1.0,-0.0035778894904250048
2022-11-17,0.0,1.0,0.0,-0.0019780888841003656
2022-11-18,-1.0,0.0,0.0,-0.008100385417505962
2022-11-21,1.0,0.0,0.0,0.004628601432195923
2022-11-22,0.0,0.0,0.0,0.0012626177849523763
2022-11-23,1.0,0.0,0.0,0.011801063995242344
2022-11-24,0.0,1.0,1.0,0.001548780813877488
2022-11-25,1.0,1.0,1.0,0.0026972005940332764
2022-11-28,1.0,0.0,1.0,0.0029746557780997683
2022-11-29,1.0,0.0,1.0,0.0075074463545009
2022-11-30,1.0,0.0,1.0,0.0028825558908002974
2022-12-01,-1.0,0.0,1.0,-0.006206596549144281
2022-12-02,0.0,1.0,0.0,0.00026472605687367874
2022-12-05,-1.0,1.0,0.0,-0.0031223414523407593
2022-12-06,-1.0,-1.0,0.0,-0.004421663914122268
2022-12-07,1.0,0.0,0.0,0.002628475935464882
2022-12-08,-1.0,0.0,0.0,-0.006077211175639539
2022-12-09,0.0,0.0,0.0,2.9734752494251067e-05
2022-12-12,1.0,0.0,0.0,0.005974929613628151
2022-12-13,1.0,0.0,0.0,0.002806676684070734
2022-12-14,-1.0,0.0,0.0,-0.013238152933783446
2022-12-15,-1.0,1.0,0.0,-0.007954485172163248
2022-12-16,1.0,0.0,0.0,0.00825582614174796
2022-12-19,0.0,1.0,0.0,-0.0019100282258184755
2022-12-20,-1.0,1.0,0.0,-0.01017928995978198
2022-12-21,-1.0,0.0,0.0,-0.003950294801933504
2022-12-22,-1.0,0.0,-1.0,-0.01784144069070276
2022-12-23,1.0,1.0,-1.0,0.011602133416483444
2022-12-26,1.0,1.0,-1.0,0.006512338041518727
2022-12-27,0.0,-1.0,0.0,-0.0005406180830502604
2022-12-28,1.0,-1.0,0.0,0.0037727060871833766
2022-12-29,-1.0,1.0,0.0,-0.004722253191470682
2022-12-30,1.0,1.0,0.0,0.005076761287723933
2023-01-02,0.0,-1.0,0.0,0.0019269838518420508
2023-01-03,-1.0,-1.0,0.0,-0.010453431463642316
2023-01-04,-1.0,-1.0,0.0,-0.00281947510358644
2023-01-05,-1.0,-1.0,0.0,-0.007402771759558915
2023-01-06,1.0,0.0,-1.0,0.013445454515296811
2023-01-09,-1.0,-1.0,0.0,-0.010387331059448432
2023-01-10,0.0,1.0,0.0,-0.0010304428324909225
2023-01-11,-1.0,-1.0,0.0,-0.002097674030007273
2023-01-12,1.0,1.0,0.0,0.005494948881159234
2023-01-13,-1.0,-1.0,0.0,-0.00344477342271146
2023-01-16,1.0,-1.0,0.0,0.008815531599927283
2023-01-17,1.0,-1.0,0.0,0.006187439757166874
2023-01-18,-1.0,-1.0,0.0,-0.00317038740242059
2023-01-19,-1.0,-1.0,0.0,-0.004438855512424057
2023-01-20,1.0,-1.0,0.0,0.005029584942406578
2023-01-23,0.0,0.0,0.0,-1.3798108831454769e-05
2023-01-24,-1.0,0.0,0.0,-0.012571586207360697
2023-01-25,-1.0,-1.0,0.0,-0.016204860425410094
2023-01-27,1.0,-1.0,-1.0,0.0025302609284759267
2023-01-30,0.0,-1.0,-1.0,0.0007476402952535127
2023-01-31,-1.0,1.0,-1.0,-0.0025993220119003902
2023-02-01,0.0,-1.0,-1.0,-0.00033497319108321866
2023-02-02,1.0,-1.0,0.0,0.013740736629151006
2023-02-03,-1.0,-1.0,0.0,-0.005022660210145283
2023-02-06,-1.0,-1.0,0.0,-0.00242912132880731
2023-02-07,1.0,-1.0,0.0,0.008439864444755188
2023-02-08,0.0,-1.0,0.0,0.0012162679413476782
2023-02-09,-1.0,-1.0,0.0,-0.0020671364943135387
2023-02-10,-1.0,-1.0,0.0,-0.004805299556804492
2023-02-13,1.0,-1.0,0.0,0.008904633672618059
2023-02-14,1.0,0.0,0.0,0.004785004275328774
2023-02-15,0.0,1.0,0.0,0.0011095178342057001
2023-02-16,-1.0,1.0,0.0,-0.0050945008816343056
2023-02-17,-1.0,0.0,0.0,-0.005566001494152447
2023-02-20,0.0,0.0,0.0,-0.0010036080267580851
2023-02-21,-1.0,0.0,0.0,-0.01539839927597453
2023-02-22,-1.0,-1.0,-1.0,-0.0024554026176142147
2023-02-23,-1.0,-1.0,-1.0,-0.0025988484209401182
2023-02-24,-1.0,-1.0,-1.0,-0.0041941051482731325
2023-02-27,-1.0,-1.0,-1.0,-0.0051157788177069495
2023-02-28,1.0,-1.0,-1.0,0.008456424108409272
2023-03-01,-1.0,-1.0,0.0,-0.007419626362913088
2023-03-02,1.0,-1.0,-1.0,0.015606230891244488
2023-03-03,1.0,-1.0,0.0,0.006633495312281151
2023-03-06,1.0,-1.0,0.0,0.0024220494360940436
2023-03-08,-1.0,0.0,0.0,-0.00932555422876939
2023-03-09,-1.0,-1.0,0.0,-0.010096507452669731
2023-03-10,-1.0,1.0,0.0,-0.014962439797248966
2023-03-13,-1.0,-1.0,-1.0,-0.006491706424752578
2023-03-14,-1.0,-1.0,-1.0,-0.004183399235659102
2023-03-15,0.0,-1.0,-1.0,0.000792160888359323
2023-03-16,1.0,-1.0,-1.0,0.006715461205305623
2023-03-17,-1.0,1.0,0.0,-0.006550629274632628
2023-03-20,1.0,-1.0,-1.0,0.0069862056382009536
2023-03-21,1.0,-1.0,0.0,0.0025919908029994904
2023-03-22,-1.0,0.0,0.0,-0.004382281589036814
2023-03-23,-1.0,-1.0,0.0,-0.007750917280890061
2023-03-24,1.0,-1.0,-1.0,0.0023960578205877384
2023-03-27,-1.0,1.0,0.0,-0.0020036898156717883
2023-03-28,1.0,-1.0,0.0,0.007581047344671876
2023-03-29,1.0,0.0,0.0,0.016205137079674727
2023-03-31,1.0,0.0,0.0,0.0022038227679195624
2023-04-03,1.0,0.0,0.0,0.009097447675193594
2023-04-05,1.0,0.0,1.0,0.002395026773333662
2023-04-06,0.0,0.0,1.0,0.0014138411131193697
2023-04-10,1.0,0.0,1.0,0.0055592870573658824
2023-04-11,1.0,0.0,1.0,0.005071110384239979
2023-04-12,0.0,0.0,1.0,0.0008754111062864357
2023-04-13,-1.0,0.0,1.0,-0.0068186847221795
2023-04-17,-1.0,0.0,0.0,-0.002640881451153317
2023-04-18,-1.0,1.0,0.0,-0.0023470130306909674
2023-04-19,0.0,0.0,0.0,0.00032346665738081727
2023-04-20,0.0,1.0,0.0,-2.269600124935328e-05
2023-04-21,1.0,1.0,0.0,0.006749169252810326
2023-04-24,0.0,0.0,0.0,0.0014558195215261978
2023-04-25,1.0,0.0,0.0,0.0024927751973571103
2023-04-26,1.0,0.0,0.0,0.005678931202210298
2023-04-27,1.0,0.0,1.0,0.008335222889282883
2023-04-28,1.0,0.0,1.0,0.004564711144417706
2023-05-02,-1.0,0.0,1.0,-0.003190068245158949
2023-05-03,1.0,0.0,1.0,0.009131830258481237
2023-05-04,-1.0,0.0,1.0,-0.010285075027649962
2023-05-05,1.0,0.0,0.0,0.01075604726542361
2023-05-08,0.0,0.0,1.0,8.486094444379597e-05
2023-05-09,1.0,0.0,1.0,0.0026871852817707963
2023-05-10,0.0,-1.0,1.0,-0.000988744238902929
2023-05-11,0.0,-1.0,0.0,0.0009723641778049823
2023-05-12,1.0,0.0,0.0,0.004578686501499633
2023-05-15,-1.0,0.0,1.0,-0.006125079970559869
2023-05-16,-1.0,0.0,0.0,-0.005744738948538704
2023-05-17,-1.0,0.0,0.0,-0.0028530768395788
2023-05-18,1.0,0.0,0.0,0.004043122919096419
2023-05-19,1.0,0.0,0.0,0.006079245839243774
2023-05-22,0.0,0.0,0.0,0.0018329410735294929
2023-05-23,-1.0,0.0,0.0,-0.0034176495183284154
2023-05-24,0.0,0.0,0.0,0.001953202985013659
2023-05-25,1.0,0.0,0.0,0.009679466130279842
2023-05-26,1.0,0.0,0.0,0.00535340110800121
2023-05-29,0.0,0.0,1.0,0.0018908217545032591
2023-05-30,-1.0,0.0,1.0,-0.005351354305298902
2023-05-31,-1.0,0.0,0.0,-0.002520114293168742
2023-06-01,1.0,0.0,0.0,0.0025039280433874476
2023-06-02,1.0,0.0,0.0,0.003218602243386475
2023-06-05,0.0,0.0,0.0,0.0002769349502884268
2023-06-06,1.0,0.0,0.0,0.006826477130569099
2023-06-07,-1.0,0.0,0.0,-0.004916908432305566
2023-06-08,-1.0,0.0,0.0,-0.003825484295202245
2023-06-09,1.0,0.0,0.0,0.0020503223927487504
2023-06-12,1.0,0.0,0.0,0.006144564876073942
2023-06-13,1.0,0.0,0.0,0.0021215820810404676
2023-06-14,-1.0,0.0,0.0,-0.0036214119270170913
2023-06-15,1.0,0.0,0.0,0.007351935466131494
2023-06-16,-1.0,0.0,0.0,-0.0037545162773133895
2023-06-19,1.0,0.0,0.0,0.0032603965574623172
2023-06-20,1.0,0.0,0.0,0.0021314697022533084
2023-06-21,-1.0,0.0,0.0,-0.0045497990950773125
2023-06-22,-1.0,0.0,0.0,-0.005649543898520234
2023-06-23,0.0,0.0,0.0,0.0013759247500199831
2023-06-26,1.0,0.0,0.0,0.006729148846371014
2023-06-27,1.0,0.0,0.0,0.008187505216794124
2023-06-28,1.0,0.0,0.0,0.011370324916684512
2023-06-30,1.0,0.0,1.0,0.006933003808714836
2023-07-03,1.0,0.0,1.0,0.0034330872964505156
2023-07-04,0.0,0.0,1.0,0.0004898485434720244
2023-07-05,1.0,0.0,1.0,0.005080250952215662
2023-07-06,-1.0,0.0,1.0,-0.008524586056305487
2023-07-07,0.0,0.0,0.0,0.0012458741727910268
2023-07-10,1.0,0.0,0.0,0.004304651797411916
2023-07-11,-1.0,0.0,1.0,-0.0028384742821917232
2023-07-12,0.0,1.0,0.0,0.0015181178258223326
2023-07-13,1.0,0.0,0.0,0.007735121594226721
2023-07-14,1.0,0.0,1.0,0.007482985679822449
2023-07-17,0.0,0.0,1.0,0.001915830766397027
2023-07-18,1.0,0.0,1.0,0.004239264200742216
2023-07-19,1.0,0.0,1.0,0.007334449629633137
2023-07-20,-1.0,0.0,1.0,-0.011788935034292592
2023-07-21,-1.0,0.0,0.0,-0.003686198197714694
2023-07-24,0.0,0.0,0.0,0.00041928242334364116
2023-07-25,1.0,1.0,0.0,0.004951998137413459
2023-07-26,-1.0,1.0,0.0,-0.006004348865560584
2023-07-27,0.0,1.0,0.0,-0.0007047279393175503
2023-07-28,1.0,1.0,0.0,0.005469577606164628
2023-07-31,0.0,1.0,0.0,-0.0010256450116385468
2023-08-01,-1.0,1.0,0.0,-0.010545154913078857
2023-08-02,-1.0,1.0,0.0,-0.007448335820864754
2023-08-03,1.0,0.0,0.0,0.006959138491705194
2023-08-04,1.0,1.0,0.0,0.004105920996260323
2023-08-07,0.0,0.0,0.0,-0.0013505873532751007
2023-08-08,1.0,0.0,0.0,0.0031476887690017655
2023-08-09,-1.0,0.0,0.0,-0.004566620104543575
2023-08-10,-1.0,0.0,0.0,-0.005891516961594456
2023-08-11,0.0,0.0,0.0,0.00032164393779061565
2023-08-14,0.0,1.0,0.0,0.0015655711297147335
2023-08-16,-1.0,1.0,0.0,-0.005137758290060533
2023-08-17,-1.0,1.0,0.0,-0.0028493583662490217
2023-08-18,1.0,0.0,0.0,0.004312250328000912
2023-08-21,0.0,0.0,0.0,0.00014694489979421606
2023-08-22,1.0,0.0,0.0,0.002448479549304461
2023-08-23,-1.0,0.0,0.0,-0.0029512752327599183
2023-08-24,-1.0,0.0,0.0,-0.0062557606509410085
2023-08-25,1.0,0.0,0.0,0.0020870149919961396
2023-08-28,0.0,0.0,0.0,0.0018939840636754115
2023-08-29,0.0,0.0,0.0,0.0002481254907391843
2023-08-30,-1.0,0.0,0.0,-0.004852183996052265
2023-08-31,1.0,0.0,0.0,0.009382556404132514
2023-09-01,1.0,0.0,0.0,0.004799298814420837
2023-09-04,1.0,0.0,0.0,0.002357834238565403
2023-09-05,0.0,0.0,0.0,0.0018450495779825536
2023-09-06,1.0,0.0,0.0,0.005897607470804029
2023-09-07,1.0,0.0,0.0,0.004698215838548732
2023-09-08,1.0,0.0,1.0,0.008860750704518585
2023-09-11,0.0,0.0,1.0,-0.00015754115795312492
2023-09-12,1.0,0.0,1.0,0.003833947067360447
2023-09-13,0.0,0.0,1.0,0.0016478692204573958
2023-09-14,1.0,0.0,1.0,0.0044297877773378114
2023-09-15,-1.0,0.0,1.0,-0.002928659163891997
2023-09-18,-1.0,0.0,1.0,-0.0115850796274781
2023-09-20,-1.0,0.0,0.0,-0.008024006475894206
2023-09-21,-1.0,1.0,0.0,-0.00345540040278986
2023-09-22,0.0,0.0,0.0,1.524824136976305e-05
2023-09-25,0.0,0.0,0.0,-0.000500772140080995
2023-09-26,1.0,0.0,0.0,0.0026281624476409476
2023-09-27,-1.0,0.0,0.0,-0.00983188348126239
2023-09-28,1.0,0.0,0.0,0.005860311931494425
2023-09-29,-1.0,0.0,0.0,-0.005594002391173672
2023-10-03,-1.0,0.0,0.0,-0.004755577121972701
2023-10-04,1.0,0.0,0.0,0.005625709872108961
2023-10-05,1.0,0.0,0.0,0.005497568008546022
2023-10-06,-1.0,0.0,0.0,-0.007207841070540643
2023-10-09,1.0,0.0,0.0,0.00905567610965498
2023-10-10,1.0,0.0,0.0,0.006151731247061281
2023-10-11,0.0,0.0,0.0,-0.0008761443143344063
2023-10-12,-1.0,0.0,0.0,-0.0021722069835914395
2023-10-13,0.0,0.0,0.0,-0.0009776409746631235
2023-10-16,1.0,0.0,0.0,0.004033563661320618
2023-10-17,-1.0,0.0,0.0,-0.007112023615253143
2023-10-18,-1.0,0.0,0.0,-0.0023615766348855094
2023-10-19,-1.0,0.0,0.0,-0.004189720265668789
2023-10-20,-1.0,0.0,0.0,-0.01344020396363619
2023-10-23,-1.0,1.0,-1.0,-0.008311703697890308
2023-10-25,-1.0,1.0,-1.0,-0.013949893667133624
2023-10-26,1.0,1.0,-1.0,0.010025278863763394
2023-10-27,1.0,1.0,-1.0,0.004904672666023684
2023-10-30,-1.0,1.0,0.0,-0.003207705423086861
2023-10-31,-1.0,-1.0,0.0,-0.0047519380175908114
2023-11-01,1.0,-1.0,-1.0,0.00755989582502197
2023-11-02,1.0,1.0,0.0,0.005075101114760032
2023-11-03,1.0,1.0,0.0,0.009375792466276
2023-11-06,0.0,1.0,0.0,-0.0002601855575629086
2023-11-07,0.0,0.0,0.0,0.0018944567083908723
2023-11-08,-1.0,0.0,0.0,-0.0024820553026905696
2023-11-09,0.0,0.0,0.0,0.001548145433003843
2023-11-10,1.0,0.0,0.0,0.0051449502336882525
2023-11-12,-1.0,1.0,0.0,-0.004208468813832688
2023-11-13,1.0,0.0,0.0,0.01185627017720115
2023-11-15,1.0,0.0,0.0,0.00455114988803013
2023-11-16,0.0,0.0,1.0,-0.0016912680943572324
2023-11-17,0.0,0.0,0.0,-0.0019175266745258626
2023-11-20,1.0,-1.0,0.0,0.0045291813962118265
2023-11-21,0.0,-1.0,0.0,0.00143704130651907
2023-11-22,0.0,0.0,0.0,-0.0004973008280183108
2023-11-23,0.0,0.0,0.0,-0.00036871759933041186
2023-11-24,1.0,0.0,0.0,0.004787784694880058
2023-11-28,1.0,0.0,0.0,0.010348636732111694
2023-11-29,0.0,-1.0,1.0,0.0018170637429511605
2023-11-30,1.0,-1.0,1.0,0.006670643444628036
2023-12-01,1.0,0.0,1.0,0.020457461991232925
2023-12-04,1.0,-1.0,1.0,0.00810270694380261
2023-12-05,1.0,0.0,1.0,0.003952839127870011
2023-12-06,0.0,0.0,1.0,-0.0017471803980189876
2023-12-07,1.0,0.0,1.0,0.0032600508207486305
2023-12-08,0.0,0.0,1.0,0.0013201007481038823
2023-12-11,-1.0,0.0,1.0,-0.004329000758647416
2023-12-12,0.0,0.0,1.0,0.0009537982328403815
2023-12-13,1.0,0.0,1.0,0.012175680378580502
2023-12-14,1.0,0.0,1.0,0.01284980983467759
2023-12-15,0.0,0.0,1.0,-0.0017725828134065394
2023-12-18,0.0,0.0,1.0,0.0016071192528823127
2023-12-19,-1.0,0.0,1.0,-0.014222159410509942
2023-12-20,1.0,1.0,0.0,0.00494751652994106
2023-12-21,1.0,1.0,0.0,0.004429122039579133
2023-12-22,1.0,0.0,1.0,0.0042976644029708395
2023-12-26,1.0,-1.0,1.0,0.009903529283836263
2023-12-27,1.0,0.0,1.0,0.005707598014420873
2023-12-28,-1.0,0.0,1.0,-0.0021742086840976452
2023-12-29,0.0,0.0,1.0,0.0004830551259819097
2024-01-01,-1.0,0.0,1.0,-0.003506293950845306
2024-01-02,-1.0,0.0,0.0,-0.0068753939803709255
2024-01-03,1.0,-1.0,0.0,0.006543017764368559
2024-01-04,1.0,0.0,0.0,0.0024072283779417876
2024-01-05,-1.0,0.0,0.0,-0.00915242902089806
2024-01-08,0.0,-1.0,0.0,0.0014794053028200293
2024-01-09,1.0,-1.0,0.0,0.003421872022129979
2024-01-10,0.0,-1.0,0.0,0.0013174349370812008
2024-01-11,1.0,-1.0,0.0,0.011361631573985991
2024-01-12,1.0,0.0,1.0,0.009224469846440882
2024-01-15,-1.0,0.0,1.0,-0.002952658799676969
2024-01-16,-1.0,0.0,1.0,-0.02111569879842982
2024-01-17,-1.0,-1.0,0.0,-0.005098281720792006
2024-01-18,1.0,-1.0,0.0,0.007434236443611493
2024-01-19,-1.0,-1.0,0.0,-0.0023429082212985306
2024-01-20,-1.0,-1.0,0.0,-0.015557208551848641
2024-01-23,1.0,1.0,-1.0,0.010079080002224091
2024-01-24,-1.0,-1.0,0.0,-0.004735265485242329
2024-01-25,1.0,-1.0,0.0,0.017869967895292525
2024-01-29,-1.0,-1.0,0.0,-0.009963165839113332
2024-01-30,1.0,-1.0,0.0,0.009415577400253396
2024-01-31,0.0,-1.0,0.0,-0.0013011494553287434
2024-02-01,1.0,-1.0,0.0,0.00718007734330033
2024-02-02,-1.0,1.0,0.0,-0.0037638581528382955
2024-02-05,1.0,-1.0,0.0,0.007217240963270505
2024-02-06,0.0,-1.0,0.0,5.015971309687693e-05
2024-02-07,-1.0,1.0,0.0,-0.009739254433202903
2024-02-08,1.0,-1.0,0.0,0.002967787569021457
2024-02-09,-1.0,-1.0,0.0,-0.007670800806730669
2024-02-12,1.0,-1.0,0.0,0.005867270223610988
2024-02-13,1.0,-1.0,0.0,0.004442075711187993
2024-02-14,1.0,-1.0,0.0,0.003231943714910831
2024-02-15,1.0,-1.0,0.0,0.005913360249649653
2024-02-16,1.0,0.0,0.0,0.0036931451676362253
2024-02-19,1.0,0.0,0.0,0.0033710026687649355
2024-02-20,-1.0,0.0,1.0,-0.006413291438377891
2024-02-21,1.0,0.0,0.0,0.007336415535777436
2024-02-22,0.0,0.0,0.0,-0.00021381877027633613
2024-02-23,-1.0,1.0,0.0,-0.004089348708477196
2024-02-26,1.0,-1.0,0.0,0.0034431131207391997
2024-02-27,-1.0,0.0,0.0,-0.011198431843397458
2024-02-28,0.0,-1.0,0.0,0.0014407994489542065
2024-02-29,1.0,-1.0,0.0,0.016062509231593233
2024-03-01,0.0,0.0,0.0,0.0017733692952736234
2024-03-04,-1.0,1.0,0.0,-0.002202767082468908
2024-03-05,1.0,1.0,0.0,0.005253149742597478
2024-03-06,0.0,1.0,0.0,0.0008672911706346735
2024-03-07,-1.0,1.0,0.0,-0.00717886820713181
2024-03-11,0.0,-1.0,0.0,0.00013656201783766265
2024-03-12,-1.0,-1.0,0.0,-0.01524839281915699
2024-03-13,1.0,-1.0,0.0,0.006748341079488168
2024-03-14,-1.0,-1.0,0.0,-0.005582989371484147
2024-03-15,0.0,-1.0,0.0,0.0014678177414507178
2024-03-18,-1.0,-1.0,0.0,-0.010860963573548457
2024-03-19,0.0,0.0,-1.0,0.0009918329219701341
2024-03-20,1.0,1.0,0.0,0.007883546470263552
2024-03-21,1.0,-1.0,0.0,0.0038450511793153485
2024-03-22,-1.0,-1.0,0.0,-0.004174471981014722
2024-03-26,1.0,-1.0,0.0,0.005391105178276993
2024-03-27,1.0,0.0,0.0,0.009145057440967922
2024-03-28,1.0,0.0,0.0,0.006032763016645629
2024-04-01,0.0,0.0,1.0,-0.0003873958365548433
2024-04-02,0.0,0.0,0.0,-0.0008309580220587544
2024-04-03,1.0,0.0,0.0,0.0035595697583823936
2024-04-04,0.0,0.0,0.0,-4.219563897600843e-05
2024-04-05,1.0,0.0,0.0,0.006755227104931126
2024-04-08,0.0,0.0,1.0,-0.0010395275169402805
2024-04-09,1.0,0.0,0.0,0.0048924520259116325
2024-04-10,-1.0,0.0,1.0,-0.010355004482994602
2024-04-12,-1.0,0.0,0.0,-0.011024426319883079
2024-04-15,-1.0,1.0,0.0,-0.005610049742502448
2024-04-16,-1.0,1.0,0.0,-0.006888884669556557
2024-04-18,1.0,0.0,-1.0,0.006848247937105312
2024-04-19,1.0,-1.0,0.0,0.008515587591357532
2024-04-22,0.0,1.0,0.0,0.0014137313223340777
2024-04-23,0.0,0.0,0.0,0.0015367299273513811
2024-04-24,1.0,0.0,0.0,0.007469002041045313
2024-04-25,-1.0,0.0,0.0,-0.006685910529919674
2024-04-26,1.0,0.0,0.0,0.009917231248162194
2024-04-29,0.0,0.0,0.0,-0.0017039337135533136
2024-04-30,0.0,-1.0,0.0,0.0019158935479583357
2024-05-02,-1.0,-1.0,0.0,-0.007638979130133127
2024-05-03,0.0,-1.0,0.0,-0.001476005170173867
2024-05-06,-1.0,-1.0,0.0,-0.006266614466335558
2024-05-07,0.0,-1.0,0.0,0.0
2024-05-08,-1.0,-1.0,0.0,-0.015590012996666094
2024-05-09,1.0,-1.0,-1.0,0.0044396349451461085
2024-05-10,1.0,1.0,0.0,0.0022124478982964036
2024-05-13,1.0,-1.0,0.0,0.005135170201418869
2024-05-14,0.0,1.0,0.0,-0.0007789565078779477
2024-05-15,1.0,1.0,0.0,0.009115755746059738
2024-05-16,1.0,-1.0,0.0,0.0027746872879504058
2024-05-17,0.0,0.0,0.0,0.0015966877687512294
2024-05-18,0.0,-1.0,0.0,0.001201393405374315
2024-05-21,1.0,-1.0,0.0,0.0030469688528972257
2024-05-22,1.0,-1.0,0.0,0.016234147702677632
2024-05-23,0.0,1.0,1.0,-0.00045944725602593643
2024-05-24,0.0,-1.0,1.0,-0.0010743187662915156
2024-05-27,0.0,-1.0,1.0,-0.0019336287086089532
2024-05-28,-1.0,-1.0,0.0,-0.008047357864970186
2024-05-29,-1.0,-1.0,0.0,-0.00956121402290562
2024-05-30,0.0,-1.0,0.0,0.0018680861553376123
2024-05-31,1.0,-1.0,0.0,0.03202397920857283
2024-06-03,-1.0,0.0,1.0,-0.061124179171720965
2024-06-04,1.0,-1.0,-1.0,0.03307131991776584
2024-06-05,1.0,1.0,0.0,0.008848748644383161
2024-06-06,1.0,-1.0,0.0,0.020331832162561177
2024-06-07,0.0,0.0,1.0,-0.0013297717180034533
2024-06-10,0.0,0.0,1.0,0.00024288513264755015
2024-06-11,1.0,0.0,1.0,0.00249421651679488
2024-06-12,1.0,0.0,1.0,0.003251158372345044
2024-06-13,1.0,0.0,1.0,0.0028465062056323236
2024-06-14,1.0,0.0,1.0,0.00392570176772377
2024-06-18,0.0,0.0,1.0,-0.0017801801450586289
2024-06-19,1.0,0.0,1.0,0.0021663878659495613
2024-06-20,-1.0,0.0,1.0,-0.002800199840690768
2024-06-21,0.0,-1.0,0.0,0.0015625351959234377
2024-06-24,1.0,-1.0,0.0,0.007763614937362357
2024-06-25,1.0,0.0,1.0,0.0061987880801539115
2024-06-26,1.0,0.0,1.0,0.00733411339077519
2024-06-27,0.0,0.0,1.0,-0.001410880660883107
2024-06-28,1.0,0.0,1.0,0.005455591688744926
2024-07-01,0.0,1.0,1.0,-0.000750013502250918
2024-07-02,1.0,1.0,1.0,0.0067196627176867064
2024-07-03,0.0,1.0,1.0,0.0006441833860869355
2024-07-04,0.0,1.0,1.0,0.0008925266910921613
2024-07-05,0.0,1.0,1.0,-0.00013567851613180805
2024-07-08,1.0,0.0,1.0,0.004621191209858602
2024-07-09,-1.0,0.0,1.0,-0.004460845850279831
2024-07-10,0.0,0.0,0.0,-0.00034950370829703764
2024-07-11,1.0,0.0,0.0,0.007628355177359564
2024-07-12,1.0,0.0,1.0,0.003444777525214419
2024-07-15,0.0,0.0,1.0,0.0010691123118667994
2024-07-16,1.0,0.0,1.0,0.00760316813758856
2024-07-18,-1.0,0.0,1.0,-0.010944379412161618
2024-07-19,0.0,-1.0,0.0,-0.0008829500483391605
2024-07-22,0.0,-1.0,0.0,-0.0012329476150728363
2024-07-23,-1.0,-1.0,0.0,-0.002681391716104508
2024-07-24,0.0,0.0,0.0,-0.00030315693109630526
2024-07-25,1.0,-1.0,0.0,0.01741480762361384
2024-07-26,0.0,0.0,1.0,5.0331229834195685e-05
2024-07-29,0.0,0.0,1.0,0.0008532320705021157
2024-07-30,1.0,1.0,0.0,0.003768441341371064
2024-07-31,1.0,0.0,1.0,0.0023918165281347566
2024-08-01,-1.0,0.0,1.0,-0.01179214365820847
2024-08-02,-1.0,-1.0,0.0,-0.027151768509934573
2024-08-05,-1.0,1.0,-1.0,-0.0026244521876233645
2024-08-06,1.0,-1.0,-1.0,0.012630098903435905
2024-08-07,-1.0,-1.0,0.0,-0.007456478381555143
2024-08-08,1.0,1.0,0.0,0.010333291215294636
2024-08-09,0.0,-1.0,0.0,-0.0008416385761983504
2024-08-12,-1.0,-1.0,0.0,-0.00857984886239657
2024-08-13,0.0,-1.0,0.0,0.0001967576418212346
2024-08-14,1.0,-1.0,0.0,0.016325753017997963
2024-08-16,0.0,-1.0,0.0,0.0012827353745464452
2024-08-19,1.0,-1.0,0.0,0.005122648020588943
2024-08-20,1.0,1.0,0.0,0.0028846339064908873
2024-08-21,0.0,1.0,0.0,0.001665937616169819
2024-08-22,0.0,1.0,0.0,0.00046943013455067465
2024-08-23,1.0,1.0,0.0,0.007523049502801839
2024-08-26,0.0,1.0,1.0,0.00028583793184004246
2024-08-27,0.0,0.0,1.0,0.0013820625685767348
2024-08-28,1.0,0.0,0.0,0.003967792825316532
2024-08-29,1.0,0.0,1.0,0.003332155576256976
2024-08-30,0.0,0.0,1.0,0.0016945599981708784
2024-09-02,0.0,0.0,1.0,4.5491810987265924e-05
2024-09-03,-1.0,0.0,1.0,-0.0032152298316295127
2024-09-04,-1.0,0.0,0.0,-0.002129359335315646
2024-09-05,-1.0,0.0,0.0,-0.011718778635040884
2024-09-06,1.0,-1.0,0.0,0.0033843154867430215
2024-09-09,1.0,-1.0,0.0,0.004189891577969935
2024-09-10,-1.0,-1.0,0.0,-0.004909982031582216
2024-09-11,1.0,-1.0,0.0,0.018703577686811725
2024-09-12,0.0,0.0,1.0,-0.0012769632085949123
2024-09-13,0.0,1.0,0.0,0.0010740980826790941
2024-09-16,0.0,0.0,0.0,0.0013700169261289907
2024-09-17,0.0,1.0,0.0,-0.0016142975111744227
2024-09-18,0.0,0.0,0.0,0.0015061029536485916
2024-09-19,1.0,0.0,0.0,0.014652627320371103
2024-09-20,1.0,0.0,1.0,0.005725900043797215
2024-09-23,0.0,0.0,1.0,5.204372830882163e-05
2024-09-24,1.0,0.0,1.0,0.0024545416990469533
2024-09-25,1.0,0.0,1.0,0.008115677958002051
2024-09-26,0.0,0.0,1.0,-0.0014161659013423675
2024-09-27,-1.0,0.0,1.0,-0.014160706565616464
2024-09-30,0.0,-1.0,0.0,-0.0005406164903432377
2024-10-01,-1.0,-1.0,0.0,-0.021424213560051142
2024-10-03,-1.0,1.0,-1.0,-0.009370461703002124
2024-10-04,-1.0,-1.0,-1.0,-0.00878738688905138
2024-10-07,1.0,-1.0,-1.0,0.008729419061179721
2024-10-08,0.0,1.0,-1.0,-0.0012481224780150524
2024-10-09,0.0,1.0,-1.0,0.0006602588454441217
2024-10-10,0.0,1.0,0.0,-0.001369021503702845
2024-10-11,1.0,1.0,0.0,0.006535970979785449
2024-10-14,-1.0,-1.0,0.0,-0.002813574754904617
2024-10-15,-1.0,-1.0,0.0,-0.003440032255851283
2024-10-16,-1.0,-1.0,0.0,-0.008907737021175087
2024-10-17,1.0,0.0,-1.0,0.004201288740118153
2024-10-18,-1.0,-1.0,0.0,-0.002939451277019082
2024-10-21,-1.0,1.0,0.0,-0.01254757271040544
2024-10-22,0.0,-1.0,-1.0,-0.0014967001787999864
2024-10-23,0.0,-1.0,-1.0,-0.0014784511312879243
2024-10-24,-1.0,-1.0,-1.0,-0.008999611999159645
2024-10-25,1.0,-1.0,-1.0,0.00652723517668224
2024-10-28,1.0,-1.0,-1.0,0.005232975101896011
2024-10-29,-1.0,-1.0,0.0,-0.005163131223478209
2024-10-30,-1.0,-1.0,0.0,-0.005582325779352925
2024-10-31,1.0,-1.0,-1.0,0.004081663561917463
2024-11-01,-1.0,-1.0,0.0,-0.012795285095394087
2024-11-04,1.0,-1.0,-1.0,0.009042007396008536
2024-11-05,1.0,-1.0,0.0,0.01111981616471547
2024-11-06,-1.0,-1.0,0.0,-0.011696111838928169
2024-11-07,-1.0,-1.0,0.0,-0.002115930138503043
2024-11-08,0.0,-1.0,0.0,-0.0002857764129660236
2024-11-11,-1.0,-1.0,0.0,-0.01073831629523262
2024-11-12,-1.0,1.0,-1.0,-0.01367571506132014
2024-11-13,0.0,1.0,-1.0,-0.001119092102119271
2024-11-14,-1.0,1.0,-1.0,-0.0033584146152224673
2024-11-18,1.0,1.0,-1.0,0.002754816814055903
2024-11-19,-1.0,-1.0,-1.0,-0.007194644035988204
2024-11-21,1.0,-1.0,-1.0,0.023589058766826355
2024-11-22,1.0,-1.0,0.0,0.01307542239477766
2024-11-25,0.0,1.0,0.0,-0.0011318480070857482
2024-11-26,1.0,1.0,0.0,0.0033175600994260466
2024-11-27,-1.0,1.0,0.0,-0.014972560750343969
2024-11-28,1.0,-1.0,0.0,0.009031131050783837
2024-11-29,1.0,-1.0,0.0,0.005988802614002176
2024-12-02,1.0,-1.0,0.0,0.007432339089484512
2024-12-03,0.0,1.0,1.0,0.0004210560802611515
2024-12-04,1.0,1.0,0.0,0.009799604002543387
2024-12-05,0.0,1.0,1.0,-0.0012392127321359235
2024-12-06,-1.0,0.0,1.0,-0.0023855515118706054
2024-12-09,0.0,0.0,0.0,-0.00036360645182499104
2024-12-10,0.0,0.0,0.0,0.0012892918498735822
2024-12-11,-1.0,0.0,0.0,-0.003785288263568475
2024-12-12,1.0,-1.0,0.0,0.008905710055423979
2024-12-13,-1.0,0.0,0.0,-0.004047618071851404
2024-12-16,-1.0,0.0,0.0,-0.01356025614827435
2024-12-17,-1.0,-1.0,0.0,-0.005651624144595778
2024-12-18,-1.0,-1.0,0.0,-0.010265808823608006
2024-12-19,-1.0,-1.0,-1.0,-0.015322391854064712
2024-12-20,1.0,-1.0,-1.0,0.007010872394205524
2024-12-23,0.0,-1.0,-1.0,-0.0010867483078192092
2024-12-24,0.0,-1.0,-1.0,0.000949916716770124
2024-12-26,1.0,-1.0,-1.0,0.0026574959504618452
2024-12-27,-1.0,-1.0,0.0,-0.007101000585328371
2024-12-30,0.0,-1.0,-1.0,-4.229250767129392e-06
2024-12-31,1.0,-1.0,0.0,0.004140320806365605
2025-01-01,1.0,-1.0,0.0,0.018599976460843735
2025-01-02,-1.0,-1.0,0.0,-0.007631787447708154
2025-01-03,-1.0,-1.0,0.0,-0.01632516180719982
2025-01-06,1.0,-1.0,0.0,0.003881760306713088
2025-01-07,0.0,-1.0,0.0,-0.0007996312417274388
2025-01-08,-1.0,-1.0,0.0,-0.0068812492953755225
2025-01-09,-1.0,-1.0,0.0,-0.004046174437066828
2025-01-10,-1.0,-1.0,-1.0,-0.014857063581440453
2025-01-13,1.0,-1.0,-1.0,0.003895210493337629
2025-01-14,0.0,-1.0,-1.0,0.0016016645210618786
2025-01-15,1.0,-1.0,-1.0,0.004238587753573933
2025-01-16,-1.0,-1.0,0.0,-0.004669469948432585
2025-01-17,1.0,-1.0,0.0,0.006081919239174112
2025-01-20,-1.0,-1.0,0.0,-0.013806738277095545
2025-01-21,1.0,-1.0,-1.0,0.005660474187066116
2025-01-22,1.0,-1.0,0.0,0.0021570001913706685
2025-01-23,-1.0,-1.0,0.0,-0.004887957366329596
2025-01-24,-1.0,-1.0,0.0,-0.011456670033394137
2025-01-27,1.0,-1.0,-1.0,0.0055955626228530505
2025-01-28,1.0,-1.0,0.0,0.008926704456753254
2025-01-29,1.0,-1.0,0.0,0.0037231312102430775
2025-01-30,1.0,-1.0,0.0,0.011074177663955638
2025-01-31,0.0,1.0,0.0,-0.0011172460305538994
2025-02-01,-1.0,-1.0,0.0,-0.005170452479175173
2025-02-03,1.0,-1.0,0.0,0.016059690853104273
2025-02-04,0.0,1.0,1.0,-0.0018108786231885072
2025-02-05,-1.0,0.0,0.0,-0.003930266699640655
2025-02-06,0.0,0.0,0.0,-0.0018404145702315485
2025-02-07,-1.0,0.0,0.0,-0.007598848278210316
2025-02-10,-1.0,-1.0,0.0,-0.013338295712820561
2025-02-11,0.0,-1.0,-1.0,-0.0011514180951839536
2025-02-12,0.0,-1.0,0.0,-0.0006011721953363763
2025-02-13,-1.0,-1.0,0.0,-0.0044451141660866375
2025-02-14,0.0,-1.0,-1.0,0.001318406118349223
2025-02-17,0.0,-1.0,0.0,-0.0006186717054829174
2025-02-18,0.0,-1.0,0.0,-0.0005405617614442019
2025-02-19,0.0,-1.0,0.0,-0.0008615791860687675
2025-02-20,-1.0,-1.0,0.0,-0.005130286329146502
2025-02-21,-1.0,-1.0,0.0,-0.01069708155537406
2025-02-24,0.0,1.0,-1.0,-0.0002572010772278274
2025-02-25,0.0,-1.0,-1.0,-0.0001108829387776427
2025-02-27,-1.0,-1.0,-1.0,-0.01882089817720615
2025-02-28,0.0,1.0,-1.0,-0.000244100896248747
2025-03-03,0.0,1.0,-1.0,-0.0016582982605433554
2025-03-04,1.0,1.0,-1.0,0.011465694568782813
2025-03-05,1.0,1.0,0.0,0.009242078172597142
2025-03-06,0.0,-1.0,0.0,0.00034591948403792664
2025-03-07,-1.0,-1.0,0.0,-0.0040966182483126905
2025-03-10,0.0,-1.0,0.0,0.0016726652208703832
2025-03-11,0.0,-1.0,0.0,-0.0012186336801356743
2025-03-12,-1.0,-1.0,0.0,-0.003267386793235836
2025-03-13,1.0,-1.0,0.0,0.004968171453735085
2025-03-17,1.0,-1.0,0.0,0.014359668968781786
2025-03-18,1.0,0.0,0.0,0.0032049417598595076
2025-03-19,1.0,0.0,0.0,0.01228044696739064
2025-03-20,1.0,0.0,1.0,0.006864934391553793
2025-03-21,1.0,0.0,1.0,0.01310200357491904
2025-03-24,0.0,0.0,1.0,0.00043526951476421065
2025-03-25,-1.0,0.0,1.0,-0.007710697617041672
2025-03-26,1.0,0.0,1.0,0.004464862086427852
2025-03-27,-1.0,0.0,1.0,-0.0030820655541120134
2025-03-28,-1.0,0.0,1.0,-0.015150750180769317
2025-04-01,1.0,-1.0,0.0,0.007168073222718935
2025-04-02,-1.0,-1.0,0.0,-0.003531376536686799
2025-04-03,-1.0,-1.0,0.0,-0.01497821827338226
2025-04-04,-1.0,-1.0,0.0,-0.03297015338730526
2025-04-07,1.0,1.0,-1.0,0.016746313096183522
2025-04-08,-1.0,-1.0,-1.0,-0.00608436282244175
2025-04-09,1.0,-1.0,-1.0,0.018988933890639957
2025-04-11,1.0,-1.0,0.0,0.0216659867627985
2025-04-15,1.0,1.0,1.0,0.004646571282831792
2025-04-16,1.0,1.0,1.0,0.017528893682587383
2025-04-17,1.0,1.0,1.0,0.011418047561345738
2025-04-21,0.0,1.0,1.0,0.001726965939596701
2025-04-22,1.0,1.0,1.0,0.006668588435125756
2025-04-23,-1.0,1.0,1.0,-0.003386473618159028
2025-04-24,-1.0,1.0,1.0,-0.008588454617289994
2025-04-25,1.0,1.0,1.0,0.011956431581801425
2025-04-28,0.0,1.0,1.0,0.0003061783317472563
2025-04-29,0.0,1.0,1.0,-7.191266107682891e-05
2025-04-30,0.0,-1.0,1.0,0.0005135484460936932
2025-05-02,1.0,-1.0,1.0,0.004689827958917901
2025-05-05,-1.0,-1.0,1.0,-0.0033394276617622325
2025-05-06,0.0,-1.0,1.0,0.0014264051276974533
2025-05-07,-1.0,-1.0,0.0,-0.005775542773460358
2025-05-08,-1.0,-1.0,0.0,-0.011010471243807775
2025-05-09,1.0,-1.0,0.0,0.037472171529076455
2025-05-12,-1.0,1.0,1.0,-0.013993305528556882
2025-05-13,1.0,1.0,0.0,0.0035962898121936287
2025-05-14,1.0,1.0,1.0,0.015894480888894447
2025-05-15,0.0,1.0,1.0,-0.0016892334379733957
2025-05-16,-1.0,1.0,1.0,-0.002976070564100508
2025-05-19,-1.0,1.0,1.0,-0.010540231594245037
2025-05-20,1.0,-1.0,0.0,0.005234635624772639
2025-05-21,-1.0,-1.0,0.0,-0.008245170706062392
2025-05-22,1.0,-1.0,0.0,0.00984383091051175
2025-05-23,1.0,-1.0,0.0,0.005937318737656441
2025-05-26,-1.0,1.0,0.0,-0.007022276678678118
2025-05-27,-1.0,-1.0,0.0,-0.0029750731170425774
2025-05-28,1.0,-1.0,0.0,0.003273100900270562
2025-05-29,-1.0,-1.0,0.0,-0.0033438034717525197
2025-05-30,0.0,-1.0,0.0,-0.0013786887661705169
2025-06-02,-1.0,-1.0,0.0,-0.007068774092320617
2025-06-03,1.0,-1.0,0.0,0.0031609356156210005
2025-06-04,1.0,-1.0,0.0,0.005294607789761705
2025-06-05,1.0,-1.0,0.0,0.010135965436883998
2025-06-06,1.0,0.0,0.0,0.003997510624608427
2025-06-09,0.0,1.0,0.0,4.1826462015294284e-05
2025-06-10,0.0,0.0,0.0,0.0014787352445249067
2025-06-11,-1.0,0.0,0.0,-0.010122094193621185
2025-06-12,-1.0,-1.0,0.0,-0.006837798882833083
2025-06-13,1.0,-1.0,0.0,0.009177535114667245
2025-06-16,-1.0,-1.0,0.0,-0.0037389676871053394
2025-06-17,0.0,-1.0,0.0,-0.0016651418462635466
2025-06-18,0.0,-1.0,0.0,-0.0007579835582129375
2025-06-19,1.0,0.0,0.0,0.012790309347901757
2025-06-20,-1.0,0.0,0.0,-0.005610555346030624
2025-06-23,1.0,0.0,0.0,0.00289706048224268
2025-06-24,1.0,0.0,0.0,0.007969960122065977
2025-06-25,1.0,0.0,0.0,0.011979963629751521
2025-06-26,1.0,0.0,1.0,0.0034696479984903748
2025-06-27,-1.0,0.0,1.0,-0.004720968755390688
2025-06-30,0.0,1.0,1.0,0.0009694696194091494
2025-07-01,-1.0,1.0,0.0,-0.00346699644467661
2025-07-02,0.0,0.0,0.0,-0.00189151568330066
2025-07-03,1.0,0.0,0.0,0.0021900559806014813
2025-07-04,0.0,0.0,0.0,1.1782657107136236e-05
2025-07-07,1.0,0.0,0.0,0.0024007637482767337
2025-07-08,0.0,0.0,0.0,-0.0018196582966253595
2025-07-09,-1.0,0.0,0.0,-0.004754948577867101
2025-07-10,-1.0,0.0,0.0,-0.008133876873290554
2025-07-11,-1.0,0.0,0.0,-0.0026895142142431107
2025-07-14,1.0,0.0,0.0,0.004514895861271375
2025-07-15,0.0,0.0,0.0,0.0006447408712298642
2025-07-16,-1.0,0.0,0.0,-0.003998137411285263
2025-07-17,-1.0,0.0,0.0,-0.005712892073823927
2025-07-18,1.0,0.0,0.0,0.004886234204324308
2025-07-21,0.0,0.0,0.0,-0.0011883969208231818
2025-07-22,1.0,0.0,0.0,0.006324502791954096
2025-07-23,-1.0,0.0,0.0,-0.0062766205821811125
2025-07-24,-1.0,0.0,0.0,-0.009022268014894983
2025-07-25,-1.0,0.0,0.0,-0.006304811677771728
2025-07-28,1.0,0.0,-1.0,0.005664432744894037
2025-07-29,0.0,0.0,0.0,0.0013668533203841048
2025-07-30,-1.0,0.0,0.0,-0.003494322767861102
2025-07-31,-1.0,0.0,0.0,-0.00822971501161462
2025-08-01,1.0,0.0,-1.0,0.006386958924001023
2025-08-04,-1.0,0.0,0.0,-0.0029652276128395885
2025-08-05,-1.0,0.0,0.0,-0.003061532648549035
2025-08-06,0.0,0.0,0.0,0.000892814529815726
2025-08-07,-1.0,0.0,0.0,-0.009512024978203826
2025-08-08,1.0,-1.0,-1.0,0.009060632975224126
2025-08-11,-1.0,-1.0,0.0,-0.003979835076118552
2025-08-12,1.0,0.0,0.0,0.005374019561891618
2025-08-13,0.0,0.0,0.0,0.00048527279272500415
2025-08-14,1.0,0.0,0.0,0.00992368003121088
2025-08-18,1.0,0.0,0.0,0.004159853243583131
2025-08-19,1.0,0.0,0.0,0.0027942582021172405
2025-08-20,0.0,0.0,0.0,0.001324442740923701
2025-08-21,-1.0,0.0,0.0,-0.008553947402635646
2025-08-22,1.0,0.0,0.0,0.003918713385990051
2025-08-25,-1.0,0.0,0.0,-0.010294013179196964
2025-08-26,-1.0,-1.0,0.0,-0.00858112735289117
2025-08-28,-1.0,-1.0,0.0,-0.003026914441741975
2025-08-29,1.0,-1.0,0.0,0.008081280384829359
2025-09-01,0.0,-1.0,0.0,-0.0018473869004707994
2025-09-02,1.0,-1.0,0.0,0.005495539207320317
2025-09-03,0.0,0.0,0.0,0.0007785744796407111
2025-09-04,0.0,0.0,0.0,0.0002708422198937796
2025-09-05,0.0,0.0,0.0,0.0012986188601915426
2025-09-08,1.0,0.0,0.0,0.003845558129143585
2025-09-09,1.0,0.0,0.0,0.004193282055946326
2025-09-10,0.0,0.0,0.0,0.0012965551071398326
2025-09-11,1.0,0.0,0.0,0.004329658895022681
2025-09-12,0.0,0.0,0.0,-0.0017854585559052094
2025-09-15,1.0,0.0,0.0,0.006754378340182724
2025-09-16,1.0,0.0,0.0,0.0036049543335288465
2025-09-17,1.0,0.0,1.0,0.003678542820501287
2025-09-18,-1.0,0.0,1.0,-0.0038048819662613634
2025-09-19,-1.0,0.0,0.0,-0.004935750401067799
2025-09-22,0.0,0.0,0.0,-0.0013043001063899793
2025-09-23,-1.0,0.0,0.0,-0.00448370532782927
2025-09-24,-1.0,0.0,0.0,-0.006648972645988584
2025-09-25,-1.0,0.0,0.0,-0.009532714372741127
2025-09-26,0.0,0.0,-1.0,-0.0008034149623869672
2025-09-29,0.0,0.0,0.0,-0.0009665760408142669
2025-09-30,1.0,0.0,0.0,0.0091087319879058
2025-10-01,1.0,0.0,0.0,0.0023305604393949906
2025-10-03,1.0,0.0,0.0,0.0073401581061951155
2025-10-06,0.0,0.0,0.0,0.0012214575517932756
2025-10-07,-1.0,0.0,0.0,-0.0024783456627061593
2025-10-08,1.0,0.0,0.0,0.005401388262863396
2025-10-09,1.0,0.0,0.0,0.004103665268029542
2025-10-10,-1.0,0.0,0.0,-0.0022964531885856635
2025-10-13,-1.0,0.0,0.0,-0.003249769351339534
2025-10-14,1.0,0.0,0.0,0.007055838724218008
2025-10-15,1.0,0.0,0.0,0.010283174989422342
2025-10-16,1.0,0.0,1.0,0.004856219146269568
2025-10-17,1.0,-1.0,1.0,0.005171388554416238
2025-10-20,0.0,0.0,1.0,0.0009843024865632758
2025-10-21,0.0,0.0,1.0,0.0008809892378157639
2025-10-23,-1.0,-1.0,1.0,-0.0037243774737084727
2025-10-24,1.0,0.0,0.0,0.006603425771068816
2025-10-27,0.0,0.0,1.0,-0.0011502392783005436
2025-10-28,1.0,0.0,0.0,0.004527792832853673
2025-10-29,-1.0,0.0,1.0,-0.006780078638207486
2025-10-30,-1.0,0.0,0.0,-0.00603684588865223
2025-10-31,0.0,0.0,0.0,0.0016023948057699113
2025-11-03,-1.0,0.0,0.0,-0.006452388967753966
2025-11-04,-1.0,0.0,0.0,-0.003441778406436964
2025-11-06,0.0,0.0,0.0,-0.0006823262097594648
2025-11-07,1.0,0.0,0.0,0.0032134502892125225
2025-11-10,1.0,0.0,0.0,0.004704578468485324
2025-11-11,1.0,0.0,0.0,0.007013694443554249
2025-11-12,0.0,0.0,0.0,0.00012945621644613778
2025-11-13,0.0,0.0,0.0,0.001193299130579461
2025-11-14,1.0,0.0,0.0,0.003982787627285557
2025-11-17,-1.0,0.0,0.0,-0.0039827876272854204
2025-11-18,1.0,0.0,0.0,0.005488566143699687
2025-11-19,1.0,0.0,0.0,0.005340257079196831
2025-11-20,-1.0,0.0,0.0,-0.0047454849169532316
2025-11-21,-1.0,-1.0,0.0,-0.00417663138516151
2025-11-24,-1.0,0.0,0.0,-0.0028817074082925676
2025-11-25,1.0,0.0,0.0,0.012305756544011975
2025-11-26,0.0,0.0,0.0,0.00039106577366173836
2025-11-27,0.0,0.0,0.0,-0.0004807463106602343
2025-11-28,0.0,0.0,0.0,-0.0010385902072783048
2025-12-01,-1.0,0.0,0.0,-0.005499176342188014
2025-12-02,0.0,0.0,0.0,-0.0017763018384990476
2025-12-03,0.0,0.0,0.0,0.0018358417105443499
2025-12-04,1.0,0.0,0.0,0.005848328242029099
2025-12-05,-1.0,0.0,0.0,-0.008664023360980337
2025-12-08,-1.0,0.0,0.0,-0.004667944121110324
2025-12-09,-1.0,0.0,0.0,-0.0031648754605488705
2025-12-10,1.0,0.0,0.0,0.005441724111835208
2025-12-11,1.0,0.0,0.0,0.005713696228777995
2025-12-12,0.0,0.0,0.0,-0.000754691654038437
2025-12-15,-1.0,0.0,0.0,-0.006444746844794009
2025-12-16,0.0,0.0,0.0,-0.0016080144877245483
2025-12-17,0.0,0.0,0.0,-0.00011620227730800423
2025-12-18,1.0,0.0,0.0,0.005826371032253734
2025-12-19,1.0,0.0,0.0,0.007902025820313957
2025-12-22,0.0,0.0,0.0,0.00018147242958299996
2025-12-23,0.0,0.0,0.0,-0.0013398512113031755
2025-12-24,-1.0,0.0,0.0,-0.0038249025253447363
2025-12-26,-1.0,0.0,0.0,-0.0038550074287673655
2025-12-29,0.0,0.0,0.0,-0.00012528683473419944
2025-12-30,1.0,0.0,0.0,0.007326926511113775
2025-12-31,0.0,0.0,0.0,0.0006484793005603324
2026-01-01,1.0,0.0,0.0,0.006936651088835027
2026-01-02,-1.0,0.0,0.0,-0.0029764841859812588
2026-01-05,-1.0,0.0,0.0,-0.0027313145210397867
2026-01-06,0.0,0.0,0.0,-0.0014507035779470466
2026-01-07,-1.0,0.0,0.0,-0.010146652830525118
2026-01-08,-1.0,0.0,0.0,-0.0075077713756043106
2026-01-09,1.0,-1.0,0.0,0.004155538287351518
2026-01-12,-1.0,0.0,0.0,-0.002249501410035875
2026-01-13,-1.0,0.0,0.0,-0.0025954382355152226
2026-01-14,0.0,0.0,0.0,0.0011195494934444548
2026-01-16,-1.0,0.0,0.0,-0.004245338606983875
2026-01-19,-1.0,0.0,0.0,-0.013892938636022806
2026-01-20,-1.0,-1.0,-1.0,-0.0029767833055262707
2026-01-21,1.0,-1.0,-1.0,0.0052490437166370345
2026-01-22,-1.0,-1.0,-1.0,-0.0095851726789208
2026-01-23,1.0,-1.0,-1.0,0.005047393393883541
2026-01-27,1.0,-1.0,0.0,0.006625365820343461
2026-01-28,1.0,-1.0,0.0,0.003000298734334582
2026-01-29,-1.0,-1.0,0.0,-0.003872723459155161
2026-01-30,-1.0,-1.0,0.0,-0.019750931697309907
2026-02-01,1.0,-1.0,-1.0,0.010536251263282424
2026-02-02,1.0,-1.0,0.0,0.025156814253504294
2026-02-03,0.0,0.0,0.0,0.0018814242626680484
2026-02-04,-1.0,0.0,0.0,-0.005180995976337489
2026-02-05,0.0,-1.0,0.0,0.001982995205336413
2026-02-06,1.0,-1.0,0.0,0.006733797093786909
2026-02-09,1.0,0.0,0.0,0.0026195687192277595
2026-02-10,0.0,0.0,0.0,0.0007207693657447325
2026-02-11,-1.0,0.0,0.0,-0.005666438080087869
2026-02-12,-1.0,-1.0,0.0,-0.013109046639111787
2026-02-13,1.0,-1.0,0.0,0.008275084192569436
2026-02-16,0.0,-1.0,0.0,0.0016592703602544172
2026-02-17,1.0,-1.0,0.0,0.0036453801421163674
2026-02-18,-1.0,-1.0,0.0,-0.014237559048147537
2026-02-19,1.0,-1.0,0.0,0.0045820217508651916
2026-02-20,1.0,-1.0,0.0,0.00552802706402003
2026-02-23,-1.0,-1.0,0.0,-0.011277524723351435
2026-02-24,1.0,-1.0,0.0,0.0022727661989268987
2026-02-25,0.0,-1.0,0.0,0.0005512068332278377
2026-02-26,-1.0,-1.0,0.0,-0.012546735694086916
2026-02-27,-1.0,-1.0,-1.0,-0.012507069408217645
2026-03-02,-1.0,-1.0,-1.0,-0.0156124615192116
2026-03-04,1.0,-1.0,-1.0,0.01159082471886308
2026-03-05,-1.0,-1.0,-1.0,-0.012819086331517163
2026-03-06,-1.0,-1.0,-1.0,-0.017426722768128327
2026-03-09,1.0,-1.0,-1.0,0.00967295563446049
2026-03-10,-1.0,-1.0,-1.0,-0.01640438669258749
2026-03-11,-1.0,-1.0,-1.0,-0.009586230948536357
2026-03-12,-1.0,1.0,-1.0,-0.02086194028260835
2026-03-13,1.0,1.0,-1.0,0.011069724441647895
2026-03-16,1.0,1.0,-1.0,0.007335644020453904
2026-03-17,1.0,-1.0,-1.0,0.00830470820044442
2026-03-18,-1.0,1.0,-1.0,-0.033164682443435636
2026-03-19,1.0,1.0,-1.0,0.004872436409479938
2026-03-20,-1.0,1.0,-1.0,-0.026382752785782303
2026-03-23,1.0,1.0,-1.0,0.01760087528150646
2026-03-24,1.0,1.0,-1.0,0.0170518975708834
2026-03-25,-1.0,1.0,0.0,-0.02111033050076872
2026-03-27,-1.0,1.0,-1.0,-0.02162605598499356
2026-03-30,1.0,1.0,-1.0,0.015463263671631812
2026-04-01,0.0,1.0,-1.0,0.001484827061367576
2026-04-02,1.0,1.0,-1.0,0.011170976924161889
2026-04-06,1.0,1.0,0.0,0.006743075847341262
2026-04-07,1.0,1.0,0.0,0.03708750426888331
2026-04-08,-1.0,0.0,1.0,-0.00930459306345838
2026-04-09,1.0,0.0,1.0,0.011521129744069802
2026-04-10,-1.0,0.0,1.0,-0.008683950527812815
2026-04-13,1.0,0.0,1.0,0.01616919214838677
2026-04-15,0.0,0.0,1.0,-0.0014268592628351902
2026-04-16,1.0,0.0,1.0,0.006459302833343473
2026-04-17,0.0,0.0,1.0,0.0004638904480705276
2026-04-20,1.0,0.0,1.0,0.008653250825069151
2026-04-21,-1.0,0.0,1.0,-0.00810958244527831
2026-04-22,-1.0,0.0,1.0,-0.008446812039192703
2026-04-23,-1.0,0.0,0.0,-0.011445695045189528
2026-04-24,1.0,-1.0,0.0,0.008116208847357668
2026-04-27,-1.0,0.0,0.0,-0.004034242418425959
2026-04-28,1.0,-1.0,0.0,0.0075540050761180024
2026-04-29,-1.0,-1.0,0.0,-0.007476910901378273
2026-04-30,1.0,-1.0,0.0,0.005060608075224643
2026-05-04,-1.0,-1.0,0.0,-0.00359278590325008
2026-05-05,1.0,-1.0,0.0,0.012329638502128454
2026-05-06,0.0,0.0,0.0,-0.00017674525711061125
2026-05-07,-1.0,-1.0,0.0,-0.006205847209279645
2026-05-08,-1.0,-1.0,0.0,-0.015015284604692003
2026-05-11,-1.0,-1.0,0.0,-0.0184896167679287
2026-05-12,0.0,-1.0,-1.0,0.0014126303448764603
2026-05-13,1.0,-1.0,-1.0,0.01176179428291933
2026-05-14,0.0,-1.0,0.0,-0.0019478975421618667
2026-05-15,0.0,-1.0,0.0,0.00027276504632216535
2026-05-18,0.0,-1.0,0.0,-0.0013518675917124454
2026-05-19,0.0,-1.0,0.0,0.0017344590510618102
2026-05-20,0.0,-1.0,0.0,-0.0001817655356414274
2026-05-21,1.0,-1.0,0.0,0.002727236038343331
2026-05-22,1.0,-1.0,0.0,0.013084729415427099
2026-05-25,-1.0,-1.0,0.0,-0.004922275682328171
2026-05-26,0.0,-1.0,0.0,-0.00027393908895216
2026-05-27,-1.0,-1.0,0.0,-0.01514730288021764
2026-05-29,-1.0,-1.0,0.0,-0.007038118476696354
2026-06-01,1.0,-1.0,-1.0,0.004308020015633729
2026-06-02,-1.0,-1.0,0.0,-0.0033248660643112335
2026-06-03,0.0,-1.0,0.0,0.0004677273555198729
2026-06-04,-1.0,-1.0,0.0,-0.0021311054219877008
2026-06-05,-1.0,-1.0,0.0,-0.010484138733110175
2026-06-08,1.0,-1.0,-1.0,0.005137496175313403
2026-06-09,0.0,-1.0,0.0,-0.0011688216574620206
2026-06-10,-1.0,-1.0,0.0,-0.0023007327424504793
2026-06-11,1.0,-1.0,0.0,0.019720845592834733
2026-06-12,1.0,-1.0,0.0,0.009731145438595707
2026-06-15,1.0,0.0,1.0,0.005653918815470908
2026-06-16,1.0,0.0,1.0,0.0040166585983226755
2026-06-17,1.0,0.0,1.0,0.0034111406919150548
2026-06-18,-1.0,0.0,1.0,-0.006429929315920653
2026-06-19,1.0,0.0,0.0,0.0037326504390581355
2026-06-22,-1.0,0.0,0.0,-0.01163449182671296
2026-06-23,1.0,-1.0,0.0,0.0082578336678394
2026-06-24,0.0,-1.0,0.0,0.001428938637593024
2026-06-25,-1.0,-1.0,0.0,-0.004572710289054184
2026-06-29,-1.0,-1.0,0.0,-0.003367358657511833
2026-06-30,1.0,-1.0,0.0,0.005853173906078908
2026-07-01,1.0,-1.0,0.0,0.007050445806988955
2026-07-02,1.0,0.0,0.0,0.0039280453342234525
2026-07-03,1.0,0.0,0.0,0.006550170027634872
2026-07-06,0.0,0.0,1.0,-0.0012963596233162159
2026-07-07,-1.0,0.0,1.0,-0.02140272145527121
2026-07-08,1.0,-1.0,0.0,0.00337549711920856
2026-07-09,1.0,-1.0,0.0,0.010135088634260337
2026-07-10,0.0,-1.0,0.0,0.00016935885322568231
2026-07-13,-1.0,-1.0,0.0,-0.0065868433383303275
2026-07-14,0.0,-1.0,0.0,0.0010990941372017902
2026-07-15,0.0,-1.0,0.0,-0.00023883076876853854
2026-07-16,1.0,-1.0,0.0,0.010806382345822582
2026-07-17,-1.0,0.0,0.0,-0.003944599620345806
2026-07-20,-1.0,-1.0,0.0,-0.0020980386086102407
2026-07-21,-1.0,-1.0,0.0,-0.007946671350022303
2026-07-22,-1.0,-1.0,0.0,-0.005291885365423704
2026-07-23,-1.0,-1.0,0.0,-0.00428868523843681
2026-07-24,1.0,-1.0,0.0,0.009568068572280364
2026-07-27,0.0,-1.0,0.0,-0.00044183880688715383
2026-07-28,1.0,-1.0,0.0,0.010981637470987526
2026-07-29,1.0,0.0,0.0,0.0027569979588118235
2026-07-30,1.0,0.0,0.0,0.002728912439235497
2026-07-31,1.0,0.0,0.0,0.015896050358084092
2026-08-03,-1.0,0.0,1.0,-0.006454874889860209
2026-08-04,0.0,0.0,1.0,0.00039602312074043145
2026-08-05,0.0,0.0,0.0,0.0004608140656221344
2026-08-06,-1.0,0.0,0.0,-0.002656146615182092
2026-08-07,0.0,0.0,0.0,0.0005350482128762298
2026-08-10,-1.0,0.0,0.0,-0.004570341557169676
2026-08-11,0.0,0.0,0.0,-0.0014619392412955027
2026-08-12,0.0,0.0,0.0,-0.0016423727576609119
2026-08-13,0.0,0.0,0.0,-0.001224317934149194
2026-08-14,-1.0,0.0,0.0,-0.003220727231259317
2026-08-17,-1.0,0.0,0.0,-0.005480732632777031
2026-08-18,-1.0,0.0,0.0,-0.0031762381263601685
2026-08-19,1.0,0.0,0.0,0.006356863602188143
2026-08-20,0.0,0.0,0.0,0.00083120466547691
