trade_date,ret_5_under_trunc,DD_log_5_under_trunc,sortino_5_under_trunc,ret_20_under_trunc,DD_log_20_under_trunc,sortino_20_under_trunc,ret_60_under_trunc,DD_log_60_under_trunc,sortino_60_under_trunc,vix_log_under_trunc,vix_chg_5_under_trunc,ret_5_under_full,DD_log_5_under_full,sortino_5_under_full,ret_20_under_full,DD_log_20_under_full,sortino_20_under_full,ret_60_under_full,DD_log_60_under_full,sortino_60_under_full,vix_log_under_full,vix_chg_5_under_full,euclidean_distance
2010-11-24,-1.6149956612723497,1.3919465375525157,-1.0970577134579638,-0.6708169538999271,0.6688527446888579,-0.726472501023591,0.3943266589086389,-0.21769527458724267,0.2528944994015144,1.2673030984749036,1.9239108373351186,-1.8357088794291176,1.4561740042165006,-1.163471470818414,-0.8294351117356606,0.8046767565244296,-0.8678867189787229,0.20445924518902633,0.12399161938951185,0.047384897301896906,1.4532429256771138,1.929594272301075,0.5920268812919691
2010-11-25,-1.9466397329327652,1.392303268744633,-1.2637350488336472,-0.9749051820007115,0.7192865718050206,-0.9499644982142541,0.09003487434451325,-0.13920926006314824,-0.04380484838555698,0.690297242047295,0.19649487447714772,-2.1964080305373566,1.4564781491287084,-1.3239580886933735,-1.1435166707766853,0.843960267765176,-1.0851559397752266,-0.10689363205645534,0.1726112543750935,-0.2626027048653928,0.9654337790303918,0.20455447840575924,0.6261229638258413
2010-11-26,-2.092536874459899,1.3209722896710299,-1.369110621376554,-1.1813927996393967,0.7171180157050759,-1.1060873123253723,-0.12935143342070574,-0.1203192591541001,-0.25081768017714545,0.8783137556800322,0.6560724556273173,-2.3550871072791257,1.3956621766333543,-1.4254198093642194,-1.3567901449775037,0.8422711534782084,-1.2369317643992375,-0.3313708004059313,0.18431302002906588,-0.47888700688208646,1.124385675356914,0.6634998817784036,0.6224665132825326
2010-11-29,-1.197456530802835,1.161327576270924,-0.9467582210346581,-0.7632769034715626,0.6564373554640659,-0.7988926169124485,0.20913264215178556,-0.16650887800716796,0.07093226993394944,0.6251010808853591,-0.07622734405741093,-1.3815894701455467,1.259550929805363,-1.0187543912408485,-0.9249335968025966,0.7950062613417617,-0.9382904128333229,0.01496780016533406,0.15569999358892367,-0.14272686269477436,0.9103159957587481,-0.06779259361803308,0.6181340058377942
2010-11-30,-0.7887059886889807,1.001682918659809,-0.7481776883213054,-0.5838737279231841,0.5958438812492317,-0.6668966571409045,0.3405929238891909,-0.2124225717154114,0.20095053274374658,0.5001756755636354,-0.38449036981479606,-0.9370286106151954,1.1234397305424235,-0.827549522269664,-0.7396346477933962,0.7478092794440409,-0.8099696689662216,0.14947861852696884,0.12725789415923106,-0.006885480410071685,0.8047022403944966,-0.37563158425597487,0.6315593830378381
2010-12-01,0.0848018485556334,0.8420383096158022,-0.22103488218166326,-0.09944042798645669,0.5353343856065569,-0.2870998056211213,0.7456880601072553,-0.25806673064484054,0.5963058159880673,0.16902272791639586,-1.1821175346428667,0.013006569579863956,0.9873285726872418,-0.31998581599980347,-0.23928128967166074,0.7006777094607441,-0.4407476519457569,0.5639739898046148,0.09898276310780725,0.40617655417528686,0.5247407200704592,-1.172161562909096,0.655625307472186
2010-12-02,0.46348205201357817,0.6823937428518937,0.04526924551110127,0.1377395408486473,0.47490578717054127,-0.09381942267825473,0.9386642163633158,-0.3034475430742043,0.792691383501597,0.07693145362741867,-1.2629567828119845,0.4248626514477643,0.851217450879586,-0.06357273690165914,0.005693186487085978,0.6536091512794237,-0.25284885142888164,0.7614281589211529,0.0708707669892189,0.6113576293203202,0.446885416828574,-1.252889611623888,0.6766660930003884
2010-12-03,0.2464861968075384,0.5471037031434606,-0.09016266478398935,0.03802791800403008,0.4244408916231773,-0.1720826195076336,0.8384130455296055,-0.3386885312103024,0.7032577692054183,0.03014839847491799,-1.2170510345084176,0.18885595796171545,0.7358707187772056,-0.19397444500800848,-0.09729528548746351,0.6143014404659676,-0.3289329350019329,0.6588506590684543,0.04904007536730828,0.5179185575609763,0.40733434129398616,-1.2070470095553167,0.6985618065379172
2010-12-06,0.20121267011805394,0.38748272352478963,-0.10890230709900217,0.028086324940911324,0.3641739900292115,-0.17730279198194737,0.81589108147796,-0.3835519709055023,0.6910917945870102,0.20758193914779538,-0.6016517050139674,0.13961605277416145,0.5997797070983414,-0.21201806088742117,-0.10756359172252399,0.5673588298891711,-0.3340077601418681,0.6358060727062438,0.02124857550068359,0.5052077062290924,0.5573392382945451,-0.592494200422971,0.7049818809899882
2010-12-07,0.04284981674176613,0.24970232522738475,-0.22670176861523575,-0.0527418490250475,0.311288062230253,-0.2434475552536355,0.7317049491643449,-0.42118012563263757,0.6158883381210446,0.17812611093224887,-0.5968825384377819,-0.032620847146650374,0.4823097239006101,-0.325442223348503,-0.19104804310106796,0.5261653480940549,-0.39831082851325433,0.5496664006886146,-0.0020608912763901603,0.426636117452608,0.5324368525292442,-0.5877315941344289,0.7273722535882127
2010-12-08,-0.5479730935848384,0.5353739754606562,-0.6686515453689862,-0.4016399239000118,0.40871626214298273,-0.5347493208628915,0.41391673489020026,-0.3154434475882465,0.28540837302076855,0.44063325355747135,0.15657139385214983,-0.6752052936080276,0.7258700878395684,-0.7509771335505185,-0.5514120466258012,0.6020533384625439,-0.6815017634288107,0.22450390900094525,0.06343967875864533,0.08135496766294158,0.7543642104688854,0.16468591503148847,0.6783523349312646
2010-12-09,-1.5908734733109011,1.361720408342971,-1.0950303205456202,-1.053787951174641,0.8411952786117894,-0.9857008156162256,-0.17022037553168712,0.1336192828710346,-0.2973473340066407,0.8821864199084836,1.2719997531425071,-1.8094733653220632,1.430403554034513,-1.1615193791865654,-1.2249917850169172,0.9389164177943655,-1.119897236706047,-0.3731881065631125,0.34162001665637726,-0.5275005812895048,1.1276596820441704,1.2785799326783738,0.5581434214639461
2010-12-10,-0.6595358820714712,1.2020760021496768,-0.6419280177733125,-0.5843293780631238,0.7811937543742751,-0.649893113523271,0.20451103273298346,0.08969891016679332,0.041305186461753275,0.690297242047295,0.6173521109362574,-0.7965420113154393,1.2942925691275164,-0.7252461692784349,-0.7401052720830089,0.8921805128150082,-0.7934395617631842,0.010238946272318044,0.31441271733994464,-0.1736808524263164,0.9654337790303918,0.6248327993491594,0.5491987544286595
2010-12-13,-0.18145996009966242,1.0424316119775046,-0.3851535676997441,-0.33022663986371,0.7212546580296866,-0.4639959413411457,0.40087051645754823,0.04600357254336264,0.2237250511660994,0.8763761370612785,1.0174761278172577,-0.2765822292600243,1.1581815978799441,-0.47800881720458166,-0.477651889166081,0.8454932336682265,-0.6127183983390327,0.21115495299150935,0.28734482022853297,0.016909038886702917,1.1227475843836385,1.0244064205579135,0.5367621209764091
2010-12-14,0.1219755626241145,0.8827872357525285,-0.19944261090038784,-0.15245174019551774,0.6613757398230296,-0.3298375241707429,0.5356024363464155,0.0025284301733620174,0.3527295111612453,0.6557828103301597,0.32210943804257797,0.05343704385582537,1.022070638523591,-0.29919552329228005,-0.2940347264930102,0.798852827992943,-0.4822954072328285,0.34901332788748457,0.2604133272002212,0.1516912132360726,0.936254776260522,0.32999625126320753,0.5627613832698461
2010-12-15,-0.31410592410535326,0.8727910426415592,-0.4737375006783602,-0.3978749754308996,0.6681642289752752,-0.5176788050462008,0.3126209643968752,0.023720077161515696,0.14622111162710072,0.6476220356490202,0.2619503944495773,-0.42084920311317836,1.0135479992273089,-0.5633025721698666,-0.5475233696708488,0.8041404633989513,-0.6649065487602394,0.12085756954728068,0.273540890722905,-0.06406606454849137,0.9293555386031616,0.2699199602065283,0.569763418305751
2010-12-16,0.1654799475738842,0.7131466891283141,-0.16085389759991264,-0.12352388387901835,0.6083992551991373,-0.3070807288231142,0.5276516942985077,-0.019328638502317905,0.34883018499384916,0.39976287741757643,-0.4055895553226403,0.10075281417038018,0.8774370592347165,-0.26204006918221145,-0.2641562064715459,0.7575888104036262,-0.46017223837149906,0.34087808882278664,0.24687355572233433,0.14761724820138447,0.7198117998029566,-0.3967017465112737,0.596352657723666
2010-12-20,0.1215761698276219,0.5536997771853351,-0.1812354410045362,-0.133149376997542,0.548762840997662,-0.314055426475856,0.5065955019407365,-0.06210138361725577,0.3359713989418327,0.5149354956526423,-0.055022167627529824,0.05300266056673967,0.7414944556544751,-0.2816646027800585,-0.2740980246868916,0.7111372939988624,-0.466952736748851,0.3193332873953765,0.22037717585861752,0.134182556535303,0.8171804070579244,-0.046616586237856104,0.6055306816990164
2010-12-21,0.5183486881253369,0.39405544088435884,0.13653099290711895,0.11580659536761342,0.4891037907218569,-0.11257685312862536,0.7032802999517465,-0.10474141645179684,0.5261869105068212,0.2969907537304679,-0.6047569518020424,0.48453611092072657,0.605383530336865,0.024299373292169236,-0.016960547115392646,0.6646681460850254,-0.2710840112973572,0.5205821573209761,0.19396300710818148,0.33291723783757354,0.6329267510700595,-0.5955951757493958,0.6362910554108625
2010-12-22,0.31478775044773005,0.2576238158515209,-0.0031772848621232632,0.030245466515852623,0.4366796585794834,-0.17908744714476613,0.6229259548001858,-0.14079139321690373,0.4574441641004349,0.2502790699662679,-0.6438717085294656,0.2631413576495385,0.48906349571443264,-0.11021986975778943,-0.10533349371352412,0.6238343624509194,-0.3357427244425598,0.4383631891094219,0.17163117229422079,0.2610957145216456,0.5934360139456181,-0.6346561276765185,0.6585626823107013
2010-12-23,0.230427430546551,0.09991989621314802,-0.05509550110708499,0.0027645822623790076,0.3776650616961437,-0.1990978395043555,0.5901794863869837,-0.1825644036785579,0.43376313574305364,0.13012058433123463,-0.8664189211369985,0.1713902956654364,0.35460694732974885,-0.16020974338082467,-0.1337174894507622,0.5778671869935599,-0.3551959595044456,0.40485683870077294,0.145754096827852,0.23635408548837786,0.49185228184472596,-0.8568972126398166,0.6888563636432885
2010-12-24,0.4391681509423601,-0.05972442175837501,0.16111547517061095,0.14338006276442616,0.3181511340644965,-0.07708907138348291,0.697156205830599,-0.22462255234674194,0.5432008910537197,-0.1991711590977134,-1.5968826934508442,0.3984186283943444,0.21849603763961983,0.04797074049864523,0.011519074349228834,0.531511076843245,-0.2365843299464153,0.5143159535591076,0.11970038714701854,0.3506932224239603,0.2134642506479588,-1.586356186236135,0.7346048170789953
2010-12-27,0.2676356035532631,-0.19571226686078885,0.018457693464097456,0.06994578578024219,0.2641393654906823,-0.13614391882753502,0.62865452429989,-0.26195637215222844,0.4844653586840321,-0.005270207675788387,-0.8900526219335071,0.2118582478004345,0.1025543646826683,-0.08938845622728636,-0.06432849247798388,0.48944066420105126,-0.2939948898309355,0.4442246900986403,0.09657325166222466,0.28932710558852565,0.3773909363019433,-0.880498403799091,0.7379496607974578
2010-12-28,0.20748408881788408,-0.35470422801212326,-0.021955433157513887,0.05185312613189062,0.20485062217547448,-0.148339613775454,0.6050916614040661,-0.30353477152545133,0.46914923504787037,-0.08180226752387391,-0.9687678110662998,0.1464369055937147,-0.033000353084273876,-0.12830056143124974,-0.08301573593046477,0.4432599528085128,-0.3058510152032713,0.4201150508283446,0.07081673168769793,0.2733250197198407,0.312689619340017,-0.9591053152539366,0.7660206386586599
2010-12-29,0.6731249678648361,-0.5143485338907201,0.5353377344606863,0.3405259420343885,0.14546688276096262,0.11324149009505434,0.8339734243245523,-0.34504574030195906,0.7003312200892959,-0.3299785176321569,-1.4778055678966446,0.6528722202750136,-0.16911125246411307,0.4082936637780633,0.21514381019102946,0.3970052478178632,-0.051553217843890185,0.654308016426776,0.04510198286206988,0.5148609372800493,0.10287780645334223,-1.4674428587340478,0.8051427125333992
2010-12-30,0.8975757328316973,-0.6739928367338852,0.873582136105369,0.5121441879254482,0.08612350111164585,0.2775599863047375,0.9706872936930026,-0.3863815505183407,0.844253981824781,-0.3581577738379685,-1.356342540195149,0.8969869423739489,-0.3052221492559781,0.7339750163911306,0.39240199136430765,0.35078197797329214,0.10819009324869419,0.7941943319518657,0.019495739294474974,0.6652295583789233,0.07905465323960897,-1.3461469110426598,0.8293041176449225
2010-12-31,1.0230649459486019,-0.8336371369345523,1.12514289048584,0.6364407454754698,0.026819050438610628,0.403750360769886,1.0709875969498865,-0.4275456608556821,0.9541666489078113,-0.47800565327091327,-1.4858636174621553,1.0334701679533767,-0.44133304379487975,0.9761923194791488,0.520783339180917,0.3045890319318472,0.23086689902564503,0.8968221043459118,-0.006004141560009498,0.7800648769295118,-0.02226648785861622,-1.4754898239471563,0.8618390993272464
2011-01-03,1.058166248219737,-0.9932814348347947,1.2785924245643472,0.7126196366135531,-0.032447843863809854,0.4888678453030088,1.1337049881584909,-0.4685414396765734,1.0280604881285447,-0.3658746366926804,-1.0032614902109547,1.0716466680445835,-0.5774439363724656,1.123942442093244,0.5994657171345146,0.25842533899673126,0.31361442364905756,0.9609948529927433,-0.03139974629681878,0.8572681947184311,0.0725307050993719,-0.9935515461802389,0.876087397934558
2011-01-04,0.8262146567979392,-1.1178927805840917,1.0205250232338086,0.63137222401095,-0.08724674057285282,0.4247091380036952,1.0695872039676366,-0.5061589407285428,0.9741472870350202,-0.3555885085891735,-0.8445093578978947,0.8193739779127502,-0.6836861368037611,0.8754601614642238,0.5155482495704055,0.21574182283421686,0.25124211270523117,0.8953892152361302,-0.05470261345482711,0.8009403865961889,0.08122674746458501,-0.8350177873786367,0.8944216751023165
2011-01-05,0.19871115372549678,-0.3592160183998344,-0.03081045909899074,0.302264707947035,0.008572370697380267,0.09661747668493688,0.8038596192706136,-0.4341477852240865,0.6903111671058614,-0.14253878847075224,-0.18592977176826758,0.13689538047400163,-0.036847053685995806,-0.13682669464150007,0.1756251871649295,0.29037647481081114,-0.067714362249636,0.623495420346393,-0.010093951430820218,0.5043921168357482,0.2613420807953981,-0.1773441187614368,0.8071869160839322
2011-01-06,-0.08051537855671108,-0.363762550125663,-0.33126493798947276,0.1419670355732036,-0.015936051748515263,-0.05052929019251644,0.6700232278314385,-0.4492967339441498,0.5601707904167755,-0.06494608496760733,0.03975658961622075,-0.16679397135683058,-0.04072337435309245,-0.4261217150702431,0.010059610476002361,0.27128657139283807,-0.2107640632862004,0.48655335464314287,-0.01947825208171726,0.36842315156539235,0.3269400813360217,0.048031796882855214,0.8094338913615472
2011-01-07,-1.2085139952700443,1.0985174161415436,-0.9704073983218457,-0.5334573885844964,0.5504744527213229,-0.6313318946310095,0.12018741948961667,0.005539684461852644,-0.02764991833685914,0.5233473712456627,1.5469038364242789,-1.3936156704836482,1.205999709557627,-1.0415251925006084,-0.6875614631142831,0.7124704888450785,-0.7753951502565181,-0.07604139692086032,0.2622787051945419,-0.24572424501596282,0.8242919290797888,1.5531058681576206,0.6034906747766766
2011-01-10,-2.202817642456451,1.6700283684974289,-1.270720879301499,-1.1924301722103936,0.9690919278572704,-1.0587336166879848,-0.4250333211960367,0.3947618355766373,-0.5218047195555513,0.9892519667607075,2.5448497090761695,-2.4750294876773844,1.6932633755085023,-1.3306844519526995,-1.368190241608888,1.0385366478180853,-1.1908965565067922,-0.6339139881561222,0.5033896729287272,-0.7620107251573623,1.218174453191559,2.5496790036923422,0.5449540257180121
2011-01-11,-1.9981100776935865,1.5128127200083574,-1.2401855614579407,-1.1990982802824055,0.9117065468718237,-1.0757952919400466,-0.4575140719967487,0.3562765230383034,-0.550016938341795,0.8296139210831539,1.8082029519173053,-2.252387652212869,1.5592231214908923,-1.301283274669633,-1.375077485459766,0.9938384881126152,-1.2074831767620848,-0.6671484549734936,0.47954922365549524,-0.7914864827503414,1.083214126590285,1.8140455503343216,0.5544343519069732
2011-01-12,-0.8656133181135561,1.3531684317163457,-0.7268993308524274,-0.6448006821077367,0.8526680369107851,-0.6872542254667268,-0.043014538686438814,0.31637172435428595,-0.19339417854088517,0.64557946079971,1.1043031097193023,-1.020673731417628,1.4231122371051732,-0.8070614840104876,-0.8025638604019258,0.9478526864729827,-0.8297604134360991,-0.2430304575128112,0.454829447043645,-0.4188916826151505,0.9276287161054265,1.111113966502463,0.5284348524853327
2011-01-13,-1.6634772630091523,1.6155405792825779,-1.0472849894838632,-1.1575267592135157,1.058585206054067,-1.0161621641784702,-0.4675996424104336,0.5201432593436933,-0.5557279885056052,0.9873628827493495,1.8409955419699193,-1.8884379166263767,1.646807713000299,-1.115547401747937,-1.3321397886256214,1.1082440327428442,-1.1495104378484726,-0.6774680611089691,0.5810595494601108,-0.7974533133461644,1.2165773940815703,1.8467930321232844,0.5155014459625329
2011-01-14,-2.259198221890064,1.7395780001061372,-1.2668241806390146,-1.5942948586015786,1.189549860296888,-1.2766562461306938,-0.8384102275632785,0.66067212832081,-0.8526318697359012,1.110324761900427,1.9207341930030348,-2.5363495258703725,1.7525605916396974,-1.3269324841892933,-1.7832615122515754,1.2102539685591083,-1.402751479672339,-1.056883308108806,0.6681127952648974,-1.1076546093826893,1.3205311558512134,1.9264219976424397,0.5382127764305923
2011-01-17,-1.9741382236524818,1.5799337138087137,-1.2026387120261903,-1.5442242094141496,1.130593062106359,-1.2597796193911257,-0.8304495551657136,0.6211922368673246,-0.8490927577628402,1.066010252427414,1.5608482036751428,-2.226315642664118,1.6164497089545413,-1.265130987596048,-1.731545378229538,1.164331813194979,-1.3863447555503507,-1.0487379082606278,0.6436562354130836,-1.1039569914320155,1.2830670247522067,1.5670310540570451,0.5304153979207027
2011-01-18,-1.1553426889644458,1.420289428011951,-0.8591655261961336,-1.161196892695978,1.0716616209289318,-1.016041253011146,-0.559444125988228,0.5818487931528972,-0.6299153700943376,0.6557828103301597,0.30846069858979275,-1.33578606734398,1.480338826696243,-0.9344150579205546,-1.3359305346642294,1.1184294087116806,-1.1493928932587767,-0.771443796477682,0.6192842006745377,-0.8749633203660147,0.936254776260522,0.31636628650728993,0.526735945824743
2011-01-19,-1.2864916720372424,1.3035608641536647,-0.955753981991969,-1.2863378259193454,1.0354641329076184,-1.1091710973324707,-0.6813070110439579,0.5632378402084064,-0.7307210351350725,0.5797083022354336,0.07577291644046466,-1.478424910927786,1.3808173954580343,-1.0274160322971826,-1.4651840070926896,1.0902347522899722,-1.2399296863562579,-0.8961345105102227,0.6077552965203181,-0.9802837621665208,0.8719402802084125,0.08399858099139618,0.5439736931318829
2011-01-20,-0.9596591828672866,1.1439165791721795,-0.8182976867478451,-1.1486576654758571,0.9765807839253169,-1.026582438396151,-0.5989244471690309,0.5241598776584815,-0.6644611991966901,0.5630843431846784,0.025781886632909437,-1.1229588813136444,1.2447065138948321,-0.8950651288007401,-1.3229792275417456,1.044369807392746,-1.1596405762347253,-0.8118402587476918,0.5835477190725639,-0.91105635126814,0.8578861433428946,0.03407631697968514,0.5404189077620328
2011-01-21,-0.9688637223395911,0.9958662096976679,-0.8568884723097145,-1.187851822873463,0.9227805836247218,-1.065408273185423,-0.6521511074777347,0.4896091203595329,-0.7101764136670065,0.5672462597311184,0.03560758410617244,-1.1329698233376648,1.118480471369911,-0.9322225782044207,-1.3634614327807442,1.0024641878093867,-1.1973853678938307,-0.8663020440273086,0.5621446038992918,-0.9588190100738034,0.861404688148494,0.04388849859002084,0.5493535999294813
2011-01-24,-0.46848400262236023,0.8362219253340484,-0.5750463079426854,-0.9279492788361884,0.8639420355091899,-0.8905212545816868,-0.47302690609162334,0.45078713697706657,-0.561511081397952,0.3846085847433314,-0.43524602106385996,-0.5887522251452524,0.9823695903334942,-0.6608485750631288,-1.0950176434904173,0.9566341388432047,-1.027367797971444,-0.6830212644763515,0.538095597551895,-0.8034954132435184,0.7070001402762641,-0.4263174179244615,0.559203992328498
2011-01-25,-0.8760230097026978,0.8672920704022528,-0.8290721187985404,-1.1706823935561688,0.8773426501870326,-1.0628873078341483,-0.6796337278158547,0.47266481679915623,-0.733967086682249,0.5149354956526423,-0.04194736961501459,-1.0319954079991005,1.0088596387309068,-0.9054393776777228,-1.3457277600190574,0.9670720379167264,-1.1949345947815426,-0.8944223987348005,0.5516481369913244,-0.9836751944130885,0.8171804070579244,-0.03355977342977242,0.5589977355272164
2011-01-27,-1.4632358710810545,1.0932763414855322,-1.1177606210989532,-1.5410080234996841,0.9768733396402499,-1.3004155008316232,-0.9877015382208544,0.5680476806862359,-0.9822133191923408,0.7823463854703286,0.6522549103369273,-1.6706535319286961,1.2015312295750769,-1.18340543256547,-1.7282234979565332,1.04459768253872,-1.4258491960132633,-1.2096389245233852,0.6107348424915199,-1.2430396147828056,1.0432534642251905,0.6596875877609134,0.5492329037982279
2011-01-28,-2.0618421254214128,1.3331656227900759,-1.3477312594624322,-1.949614810300753,1.1056858759246286,-1.5389463632809517,-1.3297468111088238,0.6920798742672774,-1.244573407003541,0.8783137556800322,0.8165959506262612,-2.321703215125615,1.406058072234751,-1.404834518159578,-2.150258436417514,1.1449313079330692,-1.6577385489732752,-1.5596213600151407,0.6875689130573015,-1.517150006772475,1.124385675356914,0.823802566645454,0.5654869706844999
2011-01-31,-1.8572950285361403,1.1753357187386577,-1.3075996672826438,-1.9196433380822024,1.0477881566811569,-1.5392342479985486,-1.339598378260161,0.6544892953176498,-1.2581464999409424,1.036215848870577,1.118614032415348,-2.0992359060047727,1.271494110988249,-1.36619349066562,-2.119302003871769,1.099834081829726,-1.658018418002403,-1.5697015328411656,0.6642827233009531,-1.5313309969399302,1.2578784024669973,1.1254052036270723,0.5520422547012095
2011-02-01,-2.3889983969292525,1.3787376151730995,-1.4931058024094892,-2.3056915662627255,1.162261881547374,-1.7542165349668628,-1.6673676991735191,0.7665688724096142,-1.500671300886467,1.0956030855378198,1.1287049326944525,-2.6775213933967006,1.44491222889037,-1.5448095703771147,-2.5180370359025974,1.1889990354866142,-1.8670148678162546,-1.9050767428073274,0.7337125212158007,-1.784717740361947,1.3080852364490876,1.1354822232401622,0.5764450724266571
2011-02-02,-1.960610479479997,1.2190933319015462,-1.3450311648822526,-2.157426485924741,1.1035402033540584,-1.6794119615885046,-1.5911989711455168,0.7284620521127219,-1.447527843953907,1.0567212832107098,0.8852893338641784,-2.2116027433350416,1.308801348785036,-1.4022347102964463,-2.364899481467366,1.1432600179008687,-1.7942931078685573,-1.8271405189897256,0.7101065360663409,-1.7291941508823117,1.2752139950188826,0.8924014578277811,0.5614874625328544
2011-02-03,-0.9033907238790198,1.0594490487389538,-0.804216789766063,-1.614449791938493,1.0448357089962756,-1.3315014957796507,-1.2114790893180747,0.6904672415154646,-1.1498830646284937,0.8995711041491432,0.36985668528491816,-1.0617607863511072,1.1726904687726012,-0.8815072234733095,-1.8040788024320027,1.0975343850101766,-1.4560696512641962,-1.438609235032654,0.6865699374278935,-1.4182187741959011,1.1423569470540322,0.3776778191733029,0.5298542490415173
2011-02-04,-1.922569458423001,1.635377517808796,-1.1583033447666518,-2.223274091691375,1.343646127336282,-1.6285089190515498,-1.6999251881066322,0.9633532635711972,-1.487331477067439,1.2191858086549632,1.1447283970915365,-2.1702289779791544,1.6637204586750454,-1.2224423213314348,-2.432911054317363,1.3302813942878038,-1.7448073789512024,-1.938389728465921,0.8556143062299822,-1.770780466721689,1.4125638687411242,1.1514836463573268,0.5569210261707959
2011-02-07,-1.6805708040991925,1.4757332348236378,-1.101099706363266,-2.151552150740361,1.2849742368851673,-1.605459606168864,-1.6797674670554037,0.9255767192171538,-1.4792522073540688,1.2690750952422247,1.1270630195106903,-1.9070290095705151,1.5276095788138886,-1.1673633363164102,-2.358832096470048,1.28458115697003,-1.722399837236661,-1.9177642473770973,0.8322129167130462,-1.7623393512814631,1.4547409975273362,1.1338425686109292,0.5431582442320102
2011-02-08,-2.2043682459979026,1.5849232775735431,-1.3072306066584332,-2.5111336792186605,1.366040995772453,-1.7989452556685217,-1.9844036167911234,1.0115633373385509,-1.6927698024814783,1.2779243273931327,1.0063581437953906,-2.476715938390363,1.6207037536434916,-1.3658381376643447,-2.7302306467269415,1.347725025204828,-1.9104981889921049,-2.2294694807900406,0.8854789413934497,-1.9854197450461706,1.4622222671469187,1.0133037300201453,0.5790370254475478
2011-02-09,-2.4527809885987124,1.558651732725408,-1.4347893029298422,-2.737123752800703,1.3771916253211791,-1.9341632552149595,-2.1924266287522256,1.0359961955549393,-1.8434013848039552,1.36544573378748,1.1031847761570264,-2.7468919283665363,1.598304936612731,-1.488659058091203,-2.963647491179464,1.356410383946489,-2.041951260101641,-2.4423196679882797,0.9006143340533814,-2.142797654243058,1.5362141375776202,1.1099971712781191,0.5949452513694264
2011-02-10,-2.3931576865231214,1.4310907134590645,-1.4687948616316906,-2.7943141716252615,1.3344059575112062,-1.9904384324561049,-2.2757336089288294,1.0124361664969697,-1.9124973585526295,1.2920459666490458,0.774484938384424,-2.682045075120335,1.4895478784602503,-1.5214015847983116,-3.0227173736895927,1.3230841154782118,-2.09665954524412,-2.527559787138298,0.8860196317998159,-2.2149882248712647,1.4741609064483105,0.7817494807412371,0.5977764429378032
2011-02-11,-1.3414287061995822,1.2714464307102897,-0.993801337602221,-2.266200849433506,1.2757927794498198,-1.6821332084211804,-1.9195594625857546,0.9750742880618726,-1.6520400155391346,1.047412546008858,0.048876573834356916,-1.5381749359698451,1.3534369988006314,-1.0640502357850916,-2.4772485253218526,1.2774296099431275,-1.7969385859454572,-2.16312061759838,0.8628751148702114,-1.9428657957867248,1.2673442531432841,0.05713923599089341,0.5594810701377642
2011-02-14,0.0975634584775175,1.111802148002802,-0.22470862009066564,-1.4510060112275813,1.2171930346240698,-1.1758902264384803,-1.3406157918441899,0.9378117462419656,-1.2171891849391934,0.8783137556800322,-0.3889481416425783,0.026886214231891345,1.2173261191762133,-0.3235231042018612,-1.635263726025202,1.2317855677159715,-1.3047911282660427,-1.5707425555134988,0.8397921338715689,-1.4885393293366898,1.124385675356914,-0.3800832241391141,0.52297344353176
2011-02-15,0.29067450241700993,0.95215786533126,-0.10030259818562456,-1.2818618872828442,1.158606259602997,-1.078667480211156,-1.233161426276051,0.9006468822508251,-1.1396762632455746,0.930307630867678,-0.20267868355011728,0.23691556669359753,1.0812152395824421,-0.20373776173873162,-1.4605609745145975,1.1861516278248259,-1.2102753935550308,-1.4607947107494634,0.8167696612375008,-1.4075548414637014,1.1683420539683391,-0.19406999136500516,0.5173037263116202
2011-02-16,0.24999325357906083,0.7925135826910081,-0.1110905796186797,-1.2402870163019377,1.1000320071368923,-1.0636130038456528,-1.218261891028112,0.8635780721506356,-1.132894418227712,0.9684270351673773,-0.07612950761295922,0.19267026525218872,0.9451043600153487,-0.21412505674789734,-1.4176198176794017,1.1405274419015428,-1.1956400849509297,-1.4455494316969533,0.7938066909892437,-1.4004692583943845,1.2005687530130318,-0.06769489175374488,0.5194119881081872
2011-02-17,0.7603025943751381,0.632869300077998,0.26079869282107615,-0.8820240624064203,1.0414698455792808,-0.830934922035316,-0.9669577715956547,0.8266037259161799,-0.941072638210691,0.8763761370612785,-0.3000345263991984,0.7476874109113619,0.8089934804714811,0.14395153130957467,-1.0475831746665292,1.0949126737315187,-0.9694405513352848,-1.18841379866954,0.7709022381558298,-1.2000563687994559,1.1227475843836385,-0.2912919151482185,0.5237129151456752
2011-02-18,-0.09429398445865288,0.9919763755182265,-0.3344379379851645,-1.2930952818027126,1.149385285910948,-1.088136388065713,-1.2816200604598045,0.9203896439763463,-1.1743687057137189,1.1777753322253528,0.5148054628316234,-0.18177971021657507,1.1151640434792425,-0.4291768637302457,-1.4721635350154063,1.178969301112877,-1.2194806548494581,-1.5103778278293736,0.8289996855867111,-1.4438010520948905,1.377554849431635,0.522427210588476,0.5052151659623313
2011-02-21,0.41946882179394746,0.8323320929495739,-0.005972642282758963,-0.9571194549799752,1.0908460708820624,-0.8745027213708921,-1.0484186955541992,0.8835995865541509,-0.998943056357738,1.3078785058096347,0.7845462758693839,0.37699345632460246,0.9790531639731936,-0.11291140221586676,-1.1251464467590047,1.1333724062685688,-1.0117952751394825,-1.2717650238559144,0.8062093939174022,-1.260518625597862,1.487545965423265,0.7917969782256593,0.4901892528935132
2011-02-22,-0.06635828500258803,0.8366526538239738,-0.3175711696901247,-1.1763254622981807,1.0857712490204252,-1.0234483036877358,-1.220668544140603,0.8882826268445275,-1.1316132235346146,1.6359262068345712,1.5273793146317436,-0.15139658583576265,0.9827368244908894,-0.41293655971980353,-1.35155627840445,1.129419566814461,-1.1565937064831087,-1.4480119312093187,0.8091103911322752,-1.399130682917947,1.7648822650704594,1.5336082035689618,0.48393458403817596
2011-02-23,-0.34123421931419223,0.7487892218922334,-0.5002909556698675,-1.3017429456286764,1.050077403255887,-1.1163717208407054,-1.3265397116606323,0.8691365416889381,-1.2161897522235159,1.5867776677342131,1.2060067203688307,-0.45035418718797693,0.9078254728018229,-0.5888697806621117,-1.4810953892785095,1.1016172033712288,-1.2469298200458254,-1.5563398398050663,0.7972499892847352,-1.4874951350930186,1.7233313749877923,1.2126776774589172,0.49718082701893496
2011-02-24,-1.8400313451235248,1.9173863712439598,-1.0286291524074163,-2.156381396142316,1.6000750672277297,-1.4953157250782336,-1.9702804270041774,1.3321555641708211,-1.6099295902712356,1.8505063713297432,1.7292119814782476,-2.0804597647013696,1.9041579641838686,-1.0975844784189983,-2.363820046626195,1.5300169630257567,-1.615322735949458,-2.215018562299591,1.0840758142543427,-1.8988693736428885,1.9462914583458408,1.7351632369276884,0.5824199369476177
2011-02-25,-1.247603957756238,1.7577420887344015,-0.825259169261201,-1.8768799427562288,1.5415771927443154,-1.3506114549352382,-1.7927601510458422,1.2957163993841962,-1.4909386471627337,1.7038194051360598,1.13138708712992,-1.4361302742123716,1.768047084728203,-0.9017680484355303,-2.075133263905229,1.4844522688268402,-1.474647524241211,-2.0333789272755576,1.061502889614867,-1.774549190909288,1.8222801627826481,1.1381606882040376,0.5538246051144797
2011-02-28,-0.8327784306329233,1.5980978062351676,-0.6707332446211328,-1.6657390997970902,1.4830887802924089,-1.241513246398389,-1.6611212075841786,1.259361445470734,-1.4032654103929398,1.217393481663973,-0.2609646734084357,-0.9849622049558316,1.6319362052813398,-0.7529815144800363,-1.8570536442237218,1.438894944717452,-1.3685869804317883,-1.8986853013432838,1.0389821309815244,-1.6829493385900383,1.4110486094240007,-0.25227580518985115,0.5536934582726214
2011-03-01,0.9025947631635225,1.438453523744918,0.15956095622413394,-0.6618745275489105,1.424609504654299,-0.6439276365549598,-0.9468921375397423,1.2230893535096323,-0.8917981902008676,0.8080130181222248,-1.2753457955515357,0.9024456860536174,1.4958253258421366,0.04647395938212256,-0.8201988080895821,1.3933447373816263,-0.7876401839381307,-1.1678825414553096,1.016512702740002,-1.1485750692933856,1.0649524089269542,-1.2652615824996478,0.535109477876954
2011-03-03,0.8948140096024091,1.278809241262493,0.1898600308784894,-0.576325949553695,1.3661390518862775,-0.5960096160430348,-0.88866920573447,1.1868988013359238,-0.8522421031480966,0.9513144005862783,-0.7399986814699469,0.8939832667182592,1.3597144464096043,0.07564766800338367,-0.7318388248100757,1.3478014022848537,-0.7410563638926415,-1.1083085461691542,0.9940937858503925,-1.1072473863440828,1.1861014827437735,-0.7306508719387392,0.5203894242047925
2011-03-04,0.791563193468646,1.119164958786876,0.16797713056922642,-0.549860765950645,1.3076771189213523,-0.5836937880927566,-0.8722359011471754,1.1507884928670862,-0.842840363579711,0.9417783733511552,-0.6661978827562439,0.7816867268035782,1.2236035669828766,0.054577540790149696,-0.7045039089592788,1.3022647033646284,-0.7290834504288187,-1.0914939066505929,0.9717245774300481,-1.0974245716775106,1.1780395865669036,-0.6569515908508387,0.519424986749433
2011-03-07,0.03432664242727093,1.242581165981533,-0.26390183023206465,-0.912617587358647,1.3570572303635546,-0.8063346984908526,-1.138125708651694,1.1997601968538174,-1.0330108345065514,1.3619782948739907,0.5009350431271573,-0.04189073014077147,1.3288268060258512,-0.3612606029750346,-1.0791821026275656,1.3407274628621602,-0.9455252815801641,-1.3635536887290445,1.0020610187297385,-1.2961121951095036,1.5332827142677927,0.5085758705159626,0.508565824591918
2011-03-08,0.5140315053587675,1.0829368835170072,0.016062620604863694,-0.600306325335595,1.2986114694103794,-0.616341249839911,-0.919484142678712,1.1638065886352484,-0.8765564982337586,1.0845292214958646,-0.27348139139204064,0.47984070312620647,1.1927159266085798,-0.09169457146410705,-0.7566072739506735,1.2952033605153397,-0.7608218959389572,-1.13983854390955,0.9797888812208986,-1.1326507486600712,1.298723230659696,-0.26477530564309487,0.513912476905748
2011-03-09,0.5251623232755117,0.9232926010569739,0.04703576382753337,-0.5351680409015401,1.2401733805600585,-0.5790784674600351,-0.8753440759861811,1.1279294859453806,-0.8467900322165669,1.011857567255443,-0.42210392054975254,0.49194668335256503,1.0566050471951385,-0.06187183048040304,-0.6893283330456511,1.2496852340612081,-0.7245966360005511,-1.0946742067053337,0.9575641364979248,-1.101551133866562,1.2372855567686458,-0.41319339519359627,0.5183610835130138
2011-03-10,0.13618844239374006,0.8491638880547958,-0.1886224027697291,-0.7041461731975701,1.208573114251879,-0.6914015450565851,-0.9993274608947593,1.1122585027442782,-0.9397702248397697,1.0585806558041961,-0.24506955072407388,0.06889510297939298,0.9934037589245172,-0.2887771985471756,-0.8638596378806005,1.2250714086247854,-0.8337922575603156,-1.221534626802495,0.947856451788455,-1.198695624325652,1.2767859356638918,-0.23640254724333606,0.5220682896585456
2011-03-11,-0.3109545674384041,0.8498288985796882,-0.4732733675390154,-0.9304419707622441,1.1994822754424843,-0.8401887511567661,-1.1668636203115084,1.1131319768594625,-1.0637651859562853,1.168720942819083,0.07180337945262566,-0.4174217585370794,0.9939707392508246,-0.5628556778299179,-1.097592253402923,1.2179904455296364,-0.9784367224191478,-1.3929584638008605,0.9483975417253964,-1.328243939696131,1.3699001368832646,0.08003450435056647,0.5256210967295304
2011-03-14,0.4568896889917164,0.6901846161299361,0.039538903231607,-0.4761102321709849,1.141065659452127,-0.5468608179130146,-0.8478143443655951,1.0774772937948183,-0.8299620383478373,1.015613835378342,-0.32794772345905754,0.4176927366234834,0.857859859846149,-0.06909024322385396,-0.6283296921068386,1.1724890445429932,-0.6932760352588417,-1.0665056474977843,0.9263105790143845,-1.0839694657315952,1.240461160494667,-0.3191667158554166,0.5223770185123282
2011-03-15,-0.31172908637067076,0.9787735599899158,-0.465386829686442,-0.8729285798370415,1.2213611199195589,-0.7996356685796014,-1.1335817056414697,1.1431389459364703,-1.0358378485645572,1.5999380355714252,1.21661175885078,-0.4182641324712406,1.1039074747841395,-0.5552620611942214,-1.0381887848755698,1.2350321392121342,-0.9390127754179489,-1.3589042421017816,0.9669859219915375,-1.2990658224621439,1.7344573414450024,1.2232681280455184,0.501236900471329
2011-03-16,0.24682160928440242,0.8191292775449893,-0.115535181855236,-0.5423998396180668,1.1629576200094314,-0.5893243521187358,-0.903482781643067,1.1076268517675885,-0.8691351320244716,1.3043651128815377,0.3030378549446159,0.18922075566507937,0.9677965953835781,-0.2184045778905689,-0.6967977922540647,1.1895409544972793,-0.7345572404255392,-1.1234658711953383,0.9449872886485922,-1.1248970022053495,1.4845756919208424,0.3109509023235492,0.504417214420473
2011-03-17,-0.34730585699315303,0.9304779332383061,-0.49033643383866465,-0.8512414761708226,1.1912683673462663,-0.7895331682659789,-1.1261371565722404,1.1348155610614399,-1.0312550393531024,1.368910426214417,0.43194245504480655,-0.45695775632664204,1.0627311787859999,-0.5792849889587206,-1.0157889722517386,1.211592534257009,-0.9291915630308016,-1.3512869422268607,0.96182984498951,-1.2942777632727838,1.539143238967754,0.4396781860642251,0.5130849951171579
2011-03-18,-0.9449362856011218,1.087043747673436,-0.8223046254742329,-1.1962420739416972,1.2439017121385112,-1.0050434660175986,-1.378754319279144,1.1803190961685304,-1.2110617744238537,1.4766667881734934,0.6550583946791985,-1.106946122456923,1.1962173917619152,-0.8989232420995922,-1.3721274148633629,1.2525892761267454,-1.1387013220141227,-1.6097660877057596,0.9900178639744868,-1.4821374908853704,1.6302420352580602,0.6624872157346986,0.5287869303269526
2011-03-21,-0.9099865741325216,0.932243284988161,-0.8357711260333053,-1.206729597942918,1.1872151216004305,-1.0231711740217897,-1.3975389488966992,1.146243751684894,-1.2297523380087325,1.3602435441233867,0.27395168680434157,-1.0689344939206826,1.0642362973874566,-0.911889570871681,-1.382959593107671,1.208435412659806,-1.1563242930484596,-1.6289866147659768,0.9689092521938013,-1.501665147525148,1.5318161307420446,0.2819047440312,0.5349487877827702
2011-03-22,-0.37318531264308424,0.7725990025496661,-0.5194662010297738,-0.9225777374154287,1.1288352627505243,-0.8454894409979077,-1.2066827935706583,1.1110039340265614,-1.0935097530719025,0.8158802395960629,-1.1560975564626457,-0.4851044909790609,0.9281254179923788,-0.6073328204497206,-1.089469575699623,1.1629626422495565,-0.9835898230489045,-1.433701641213723,0.9470792856463139,-1.3593206748033861,1.0716034724315673,-1.1461773768402659,0.5541491368280065
2011-03-23,0.2388159160352636,0.6129547201122941,-0.10204824109617937,-0.5640779458442342,1.0704608168767409,-0.6108946136931483,-0.959010105353658,1.075829613218859,-0.9130137253453727,0.5547486113427025,-1.6741345355165527,0.18051368985039437,0.7920145385982584,-0.20541856810692133,-0.7191883117526195,1.1174940880711604,-0.7555269126445011,-1.180281706784848,0.925289892352414,-1.1707407832297059,0.8508389943560796,-1.6635017635495362,0.5649477719833721
2011-03-24,0.5588311217311663,0.453310437675902,0.15554747350647655,-0.34147692335389285,1.0120915986401555,-0.46180178983605785,-0.8027212938882419,1.040719798114786,-0.7986762979052539,0.31245111707200707,-2.0767755044918137,0.528565179081999,0.6559036592049734,0.04260954514844983,-0.48927189366385143,1.0720296057619119,-0.6105853394652816,-1.0203662125143171,0.9035404583274865,-1.0512825328678783,0.6459971671923102,-2.065588874627138,0.5862277535152202
2011-03-25,1.5860216290496287,0.2936661552403589,1.0220675514056514,0.30843879505937866,0.9537274290792355,-0.0070388932253084196,-0.3409743223900618,1.0056735156888614,-0.4518867068418417,0.4491890977724518,-1.454528252432758,1.645747048672565,0.5197927798124122,0.8769453971665939,0.182002174916186,1.0265690559265324,-0.1684845867055031,-0.5479043997799387,0.8818303808126323,-0.6889612989584911,0.761597445658545,-1.4441975626770258,0.578951543214406
2011-03-28,1.645074896273836,0.13402187280555836,1.169671973063741,0.45092137161442736,0.8953681353882772,0.10076870883025602,-0.2289572044477466,0.9706898106224209,-0.3665679200555841,0.5651657964527487,-0.9661128548089386,1.709973926756941,0.3836819004204841,1.0190675061018206,0.32916719363489777,0.9811123039645923,-0.06367871450879348,-0.4332879239455854,0.8601590680177723,-0.5998213452209633,0.8596458342215431,-0.9564540110553682,0.5776070036001736
2011-03-29,1.8269555607891352,-0.025622409628597843,1.445887254695052,0.6643196680903114,0.8370135507037146,0.26385922375247595,-0.06515769333750324,0.9357677449007056,-0.240444077174345,0.6065882078982879,-0.7322606315076692,1.9077890149785262,0.2475710210291054,1.285023619777823,0.549578454118255,0.9356592199040639,0.09487080646676843,-0.2656874442000337,0.8385259388720561,-0.4680488019967112,0.8946649435671569,-0.7229234661493458,0.5857020191144288
2011-03-30,1.9997124540091407,-0.18526669206219148,1.744976590523624,0.8787930133705398,0.7786635138979283,0.4333230031633156,0.10209626642759348,0.900906397421272,-0.1099812087821378,0.7724343622841493,-0.20935609277343606,2.0956810053903365,0.11146014163820632,1.5730042011892422,0.771100093015872,0.8902096782407171,0.259616138597891,-0.0945523552979252,0.8169304227812848,-0.3317429016083139,1.0348736956004343,-0.20073821539327624,0.5872778138897722
2011-03-31,2.10455335366611,-0.34491097449529623,2.0052818126627083,1.0594717146253971,0.7203178693803896,0.5830731856994495,0.2482617341097268,0.8661048636134253,0.005834467328042586,0.800131621466898,-0.10869019643415696,2.209706934810279,-0.02465073775227593,1.8236411856486552,0.9577164856663141,0.8447635577832276,0.40519676735751126,0.05500488293626453,0.7953719593921615,-0.21074019634944283,1.058289361517657,-0.10021079130597489,0.6000594526415198
2011-04-01,1.7610109323550571,-0.49403611795346114,1.7688948315062056,0.9814432742954832,0.6634321036955018,0.539103682336773,0.21501130315131384,0.8322194290015197,-0.01710295122885539,0.37157727234363824,-1.1919915258524185,1.836067028882915,-0.1517931202164138,1.5960340726001379,0.8771237763022526,0.8004545544118654,0.3624515243308983,0.02098287552852779,0.7743809908463848,-0.23470491157848697,0.6959832791637309,-1.1820219718246583,0.6381142544686658
2011-04-04,2.18385255346949,-0.6536804003857701,2.4358144020082237,1.3253222596706777,0.6050947981785362,0.8227118556729722,0.47604705051886925,0.7975348731120138,0.19115396254495165,0.3606881107322638,-1.0631532275748243,2.2959534758970435,-0.2879039996062176,2.2381829647890163,1.2323037466768052,0.7550149293016755,0.6381630827170706,0.2880759589754966,0.7528949916246115,-0.017120808960801634,0.6867774234966331,-1.0533608987042649,0.6616179233920579
2011-04-05,1.90482182736536,-0.8133246828177559,2.2679456078180897,1.2816540206665208,0.5467614495154577,0.8084946794471732,0.47030286910608593,0.762907512723475,0.1909404289899268,0.32565950343541683,-1.0129450803400495,1.9924770846714195,-0.42401487899574586,2.0765491411764714,1.1872004269177254,0.7095783862323107,0.6243417609725129,0.2821984837986628,0.7314444232295492,-0.01734390602925869,0.657163729210253,-1.0032218159239683,0.6745120103668473
2011-04-06,1.503481984124743,-0.8886310014560913,1.8105440815117602,1.1474855470915912,0.49730917121988677,0.7175502929576212,0.40037727610963936,0.7332236166490643,0.13898064422633216,0.4256201386860102,-0.6227964204468229,1.5559761695848588,-0.4882201802900075,1.6361363891829792,1.0486227397189893,0.6710594151094152,0.5359295751368648,0.21065026699837625,0.7130561765993838,-0.07163081029153029,0.7416719047108493,-0.6136098299740146,0.6687188916749593
2011-04-07,1.2515325744635324,-1.0380682637611782,1.5893476846032135,1.074477874191396,0.4399890034801505,0.6760168745259144,0.37093839936172934,0.6992501645099924,0.11930350872191578,0.41701802389734866,-0.5617705710493661,1.2819536678949315,-0.6156286716938545,1.4231556528041165,0.9732157965773081,0.6264120507811235,0.49555258816147135,0.1805282609394013,0.6920106839441958,-0.09218922438319979,0.7343995517049478,-0.5526679254586103,0.6829545096748333
2011-04-08,0.7303213330300511,-0.7054556638381948,0.6808485655406025,0.8287002966246595,0.43555875598094634,0.4757956067334494,0.21986357940737442,0.693480796958015,-0.001249380936036459,0.46412167395324433,-0.3656797489924364,0.7150795145537262,-0.33204699384176983,0.5483999421245143,0.7193611662234409,0.622961278008448,0.3009061606070875,0.02594774888414091,0.6884367409152924,-0.21814130846471005,0.7742216628356258,-0.35684683862194705,0.6448108080947283
2011-04-11,0.17174176008624709,-0.27133944251948877,-0.06956265409329783,0.5304583600881266,0.4674814275775918,0.22576418399571227,0.02866437854769437,0.7073676994406568,-0.15544822781041476,0.6107089561637739,0.060344626817849197,0.1075632192118457,0.03807550438250411,-0.17413955842018627,0.4113180269547853,0.6478262287807361,0.05783646202398831,-0.16968823057541257,0.697039243334104,-0.37924624905882776,0.8981486841090257,0.06859151394848147,0.5982782017717536
2011-04-13,1.1510942994158633,-0.43098372495039033,1.035481806109665,1.0932330869172182,0.40916592424822473,0.7009186583036815,0.4310529337297966,0.6730139767569483,0.17063760179344667,0.4363490475731551,-0.39246689270855156,1.1727160736056976,-0.09803537500609977,0.8898614205953825,0.9925873667622609,0.6024035856552689,0.5197610216886138,0.24203775343713843,0.6757581849518486,-0.038556034626084534,0.7507422803931544,-0.38359713494237696,0.6254869060392483
2011-04-15,0.296829212740421,0.3404781103745135,-0.02862740816844822,0.6459756195815695,0.5580195997626091,0.30196762547739187,0.1406045711977258,0.7509388319759442,-0.06917413509893744,0.6822006660006367,0.2917796571369064,0.24360948640655006,0.5597041144508291,-0.13472472643027403,0.5306315603475421,0.7183474941321601,0.1319181408351175,-0.055150465085210876,0.724030199272168,-0.2891082041717784,0.9585888158327329,0.2997081908727921,0.5421655729712097
2011-04-18,-0.5269796983177956,0.8525911493081108,-0.6104278400486035,0.1674883950050279,0.7335468402770321,-0.09001500839730057,-0.17784782393529255,0.8513661086376726,-0.32454803834167273,0.853057517854386,0.6949823426052135,-0.652372683292425,0.9963258024576772,-0.6949159688699384,0.03641968501508335,0.8550677614623338,-0.2491503649649353,-0.3809925499525579,0.786241760956069,-0.5559195217993748,1.1030336844126403,0.7023562457671848,0.5122263951268707
2011-04-19,-0.37237222014608257,0.6929468668775794,-0.525935870259375,0.21135122697708372,0.6752406463123658,-0.052076248864523646,-0.1418602288057669,0.8171672008182821,-0.2954408574929774,0.7783842711049418,0.41585578917804406,-0.48422016408012786,0.860214923069389,-0.6135621936940681,0.08172399270164016,0.8096523695123925,-0.21226794937382915,-0.3441698624627416,0.7650566055475997,-0.5255087195362971,1.0399038350906402,0.4236136484149662,0.5231889140042851
2011-04-20,0.5657607823470797,0.5333025844471381,0.14437995091399614,0.7200906796674278,0.6169373458979477,0.3483307997509414,0.21560509925806162,0.7830184162412878,-0.012429035494137706,0.5589184629075937,-0.19873741266278863,0.5361019418804834,0.7241040436811775,0.03185680587007254,0.607182283029482,0.7642392313833528,0.17699040684325104,0.021590450677485287,0.7439024999225138,-0.2298216654839358,0.8543642475417348,-0.19013414194289233,0.5362308326152578
2011-04-21,0.7480878769973811,0.3736583020167786,0.3204081784599332,0.8432847597294277,0.5586368401961296,0.4578455369895731,0.31410469933145857,0.7489190349955874,0.06869947866127239,0.45772823949908953,-0.4302263108887723,0.7344025716343453,0.5879931642930358,0.2013470057565568,0.7344249223521515,0.7188282700893882,0.2834558817804691,0.12237573455989807,0.7227789981183652,-0.14505965384487127,0.7688165603215332,-0.42130461267544606,0.5551734846924897
2011-04-25,0.560686127891424,0.22374113974110676,0.2069257554547116,0.7613977396432531,0.50310086762825,0.4053860554562074,0.2728905814475201,0.716383497000694,0.039091033863795796,0.5422151530245887,-0.1552224323356798,0.5305827008907126,0.46017551569282544,0.0920795386752437,0.6498468277165206,0.6755706367233707,0.23245705041551712,0.08020524282388311,0.7026242483713816,-0.17599417013258206,0.8402430263280525,-0.1466790191995312,0.5608593020896667
2011-04-26,0.4302389823423431,0.0680804052270236,0.12717216924178854,0.7012811032217606,0.44582996009824105,0.36911389099159464,0.2453107406462234,0.6829303081481044,0.02013611312383429,0.7064455721931933,0.2888381713519518,0.38870718227078355,0.3274609634497269,0.015288154376582173,0.587754562555546,0.6309616417616964,0.1971948262245282,0.05198541165178505,0.6819010425750506,-0.19579802367414262,0.9790858122991883,0.2967707512859603,0.562706226202982
2011-04-27,0.08845944017966903,0.04690213773865665,-0.17698634210050943,0.5107826498684559,0.4213402837860033,0.217435389713324,0.1271860527388311,0.6668171797607106,-0.07361995873188924,0.6333039411614223,0.06621753082367483,0.01698459996432123,0.3094046161263183,-0.2775733235993203,0.39099570872619077,0.6118863399314747,0.049739569666965355,-0.06888036034522578,0.6719194627302695,-0.2937531426184461,0.917250813190416,0.07445633940662702,0.5749199405251562
2011-04-28,-0.32387260242552607,0.15371073249043624,-0.538533886640155,0.26017577906998207,0.4309652440266691,0.01002119437447187,-0.0349410466817123,0.6686490680268428,-0.2044329848772344,0.5443065582570259,-0.16827761024436033,-0.431471532532776,0.4004683957779203,-0.6256922954642195,0.13215307881455202,0.6193833365987126,-0.15189950989685927,-0.23476962007781216,0.673054260303745,-0.43042488325248296,0.842011130742181,-0.1597162388924631,0.5812894962019608
2011-04-29,-0.5838644026084775,0.13741126138491688,-0.7655646093225881,0.0755489453032086,0.410738368894075,-0.14038093827030587,-0.15544462274644819,0.6547716707996629,-0.3011314172434031,0.2547493554450847,-0.8871394642271802,-0.7142410123295311,0.38657165414734157,-0.844290659512263,-0.0585411948587364,0.6036283815998328,-0.2981139362594531,-0.3580694823460904,0.6644576460938558,-0.5314541420159249,0.597215258333517,-0.8775892533238385,0.6139352446053015
2011-05-02,-0.912880473517949,0.2303474046413472,-1.0219924733914512,-0.16235278514261997,0.42205948513411423,-0.33695851149769324,-0.31499476283256345,0.6574391628687035,-0.4300887659301458,0.535934930897215,-0.04817583552774713,-1.0720819255828569,0.465807941178749,-1.0911942984536582,-0.3042611520687167,0.6124465344647548,-0.48921812208291937,-0.5213219843874756,0.6661100741284565,-0.6661870950857878,0.8349336351622968,-0.03977967169712885,0.5941406484798186
2011-05-03,-1.9385351543660176,1.2816253193422622,-1.3059228809305319,-0.821039277267895,0.8627453647131421,-0.8135054452009141,-0.7652794904024375,0.9092330625926399,-0.7783441367240014,0.680174178144,0.3307217790769591,-2.187593416139216,1.3621154021972335,-1.364578983390574,-0.9845942305902672,0.9557020376453372,-0.95249637034311,-0.9820555717546144,0.8220885318244543,-1.0300397565070132,0.956875593512675,0.3385967454825181,0.5667638526689613
2011-05-04,-1.9344787659691516,1.1591777682679318,-1.357507371340195,-0.936849984882586,0.8239814158281554,-0.9035651363495916,-0.8542019250302374,0.8875006476624347,-0.8483955551988189,0.5983350470341756,0.08035783703145062,-2.1831816507065054,1.257718028223494,-1.414247526399079,-1.1042108557665988,0.9255083341563732,-1.0400484937614443,-1.073041452009966,0.8086259794491212,-1.1032285633021333,0.8876876012864622,0.0885771947366433,0.5784220849608465
2011-05-05,-2.3536454439680297,1.2852707360328437,-1.5230709165740577,-1.2939428406980602,0.9139188263887995,-1.1427749920027066,-1.108976114077772,0.9455854243093085,-1.038963039443873,0.6842262154511939,0.2928708017933526,-2.6390711956939668,1.3652234425475522,-1.573661722444877,-1.473038947460316,0.995561659092137,-1.272597934447939,-1.3337276776386355,0.8446076846728343,-1.302330981061985,0.9603012448106371,0.3007978345913507,0.5936054162677987
2011-05-06,-1.276308497614625,1.1256264536028893,-1.0010774897898043,-0.802136279851442,0.8556415218532627,-0.8008189211154262,-0.7907621295944685,0.9119430389786954,-0.7977910226140531,0.5547486113427025,-0.07485397788072473,-1.4673495965058045,1.229112563159756,-1.0710561376558931,-0.9650700190277589,0.9501687694641261,-0.94016308218372,-1.0081295357415563,0.823767277566718,-1.050357608809824,0.8508389943560796,-0.0664211165926304,0.5599613819732686
2011-05-09,-1.1231070866386155,0.9659888866581249,-0.9572496173022265,-0.7823253330644121,0.7973691825616845,-0.7942256841087607,-0.7864088834116658,0.8783447449694564,-0.7965643701831048,0.6639283880291711,0.21751956335707368,-1.300726328943785,1.0930074093174087,-1.0288561168292314,-0.9446080199171359,0.9047797473240299,-0.933753423292253,-1.0036752724550368,0.8029541836572803,-1.0490760183762813,0.9431411661680702,0.22555024650792227,0.5521098634787633
2011-05-10,-1.070218828720613,0.8124493199089897,-0.9669737239483166,-0.8098784360041089,0.7416058325966233,-0.8223930539423326,-0.8138129593236731,0.846275806455698,-0.8199569189421166,0.7124858594043298,0.3164628416110889,-1.2432045718410356,0.9621013403185679,-1.0382190514116023,-0.9730666076821631,0.8613450069834117,-0.961136517866356,-1.031715260112538,0.7830884777175892,-1.0735162476941815,0.9841923589956261,0.324357422079141,0.5543161732994042
2011-05-11,-0.7393662701755965,0.6528050374790824,-0.7840185416858354,-0.671274838528378,0.6833340565505118,-0.725175557545044,-0.728802934071407,0.8127583683067843,-0.755574391214115,0.6107089561637739,0.016775890187200878,-0.8833662776972712,0.8259904609308116,-0.8620591772582148,-0.8299080439463647,0.8159564235619471,-0.866625886812278,-0.9447325767156868,0.762325471488604,-1.006250223886825,0.8981486841090257,0.02508270884674675,0.560605901488066
2011-05-12,-1.323605383632696,0.9218243800239324,-1.0932822135202123,-1.0433790108865022,0.7904355183841718,-0.9877910959098436,-0.9876736056424417,0.8759911465526341,-0.9526538746555032,0.6086490672816707,0.011799604225652158,-1.5187901259606769,1.0553532588260146,-1.159836200225498,-1.2142407730027984,0.899379033354227,-1.1219293164957014,-1.2096103437693233,0.8014962029377547,-1.2121562933272179,0.8964072240760427,0.020113268078541947,0.5695899956521469
2011-05-13,-0.6621232888327826,0.7621800975940476,-0.7114182417444281,-0.7240647170601703,0.7321671207408369,-0.7593085734436552,-0.783791059060329,0.8425541389098594,-0.7967998858456283,0.48324609870599805,-0.30908341585530463,-0.7993560987728277,0.9192423794382776,-0.7921553923912299,-0.8844327700576181,0.8539930814110982,-0.8998085235999355,-1.000996701473965,0.7807830208955867,-1.0493220820634548,0.7903897297882021,-0.3003283572895294,0.5652387884519621
2011-05-16,-0.9747411738838444,0.7514785684151074,-0.9209087802925685,-0.9309967328501655,0.729788881803708,-0.9150819382218452,-0.9309724351309758,0.8416682647575615,-0.911640491017451,0.6557828103301597,0.17621189207633764,-1.1393621938452334,0.9101183787213788,-0.9938650485518343,-1.0981652467823757,0.852140642653978,-1.0512446287475108,-1.1515934222569018,0.7802342495228899,-1.1693060459453093,0.936254776260522,0.18429939651894647,0.5626846880941525
2011-05-17,-1.373510607520109,0.8439735816634494,-1.1517179674688605,-1.2043123369414683,0.7686123686707675,-1.111516230382681,-1.1256979573260448,0.8650996337321255,-1.0608328588744287,0.5672462597311184,-0.07133926499301171,-1.5730675077390799,0.9889785633806164,-1.2161015376395732,-1.3804628930259673,0.8823807209893844,-1.2422095229360377,-1.3508375513595297,0.7947492508726661,-1.3251802826720944,0.861404688148494,-0.06291123841286035,0.5815190664559928
2011-05-18,-1.3635474780778758,0.7087102423301495,-1.1952925376730308,-1.261174263785593,0.7195748485208826,-1.1656567273913379,-1.1780917316440729,0.8371574151557383,-1.1049155620197686,0.5001756755636354,-0.23175424552781798,-1.5622315162672509,0.8736545957110365,-1.2580576643178651,-1.4391934882378288,0.8441848099475872,-1.294842564595114,-1.4044471235240739,0.7774399190622934,-1.3712373149743133,0.8047022403944966,-0.22310555808422228,0.5941972420950653
2011-05-19,-1.1311280870581593,0.5490659599002932,-1.0895499235912323,-1.1863239128878558,0.6613125431188311,-1.1226354387285233,-1.14236613190232,0.8038747111002152,-1.0809302713732132,0.4363490475731551,-0.3630782230634306,-1.309450042978181,0.7375437163233239,-1.1562425347383414,-1.3618833106898267,0.7988036033240706,-1.2530191347500756,-1.367892511026571,0.7568223232737354,-1.3461777966765274,0.7507422803931544,-0.35424889125496745,0.6007068149238931
2011-05-20,-0.49224929109685295,0.38942167747044104,-0.6481518621105753,-0.8608360866999785,0.6030516331419861,-0.8823006341349793,-0.936794943924792,0.7706292669366971,-0.9223452828061007,0.2256105023729827,-0.8544409793621914,-0.6145995720785914,0.6014328369356148,-0.7312388480407646,-1.0256988929751083,0.7534234836139398,-1.0193760675230548,-1.1575510424021138,0.7362278088246984,-1.1804902725471318,0.5725808479665754,-0.8449357472749154,0.6102763342886305
2011-05-23,-1.3001182791382488,0.9911236114678381,-1.0562975265534436,-1.337559515963132,0.8218833292951165,-1.1968488936027128,-1.265683321337654,0.8966257041928481,-1.1652933799468417,0.5693257339610666,0.14076759678505843,-1.4932453344897405,1.1144369866561483,-1.124225195819396,-1.5180890089276722,0.9238741094580402,-1.3251662349407631,-1.4940712765805457,0.8142786670065368,-1.4343192703035124,0.8631627059195184,0.14890385707813128,0.5781869598617545
2011-05-24,-1.0685316416054456,0.8314793290379962,-0.9605665050709422,-1.2558316733015775,0.7636250690039368,-1.1509780207371163,-1.2261027644060338,0.8634532581964489,-1.1389999764010281,0.33224876999954495,-0.4834133251012833,-1.241369571573566,0.9783261072684479,-1.0320498089930292,-1.433675322805982,0.8784960536197702,-1.280572562997059,-1.453572252588521,0.7937293726423961,-1.4068482658042605,0.6627343910395379,-0.47441846481518163,0.5965009546043643
2011-05-25,-1.3407202502871174,0.8209793948370048,-1.1389298917839603,-1.4516684822315722,0.7636541907963296,-1.2966380799387478,-1.3713298540035317,0.8643409188449167,-1.2516579992131018,0.4896023710189433,-0.014517441497814372,-1.5374044127853228,0.9693739841115288,-1.2037884357341893,-1.635947967986992,0.8785187369322258,-1.4221769513497762,-1.6021693376690072,0.7942792506936802,-1.524551896152262,0.7957634148873949,-0.006167576898502504,0.5952276323076122
2011-05-26,-0.6226010636217493,0.6613351124071669,-0.7016414527745046,-1.0869451412352586,0.7053984025319346,-1.037270254143725,-1.1435296553663394,0.8312394947240221,-1.0786307354859126,0.16446392191717743,-0.844600105481535,-0.756371362117787,0.8332631047238319,-0.7827417322080763,-1.2592386284830404,0.8331426065851896,-1.1700308068858523,-1.3690830340595344,0.7737739521634973,-1.3437752716250955,0.5208866391466105,-0.8351084101332861,0.6076721651610415
2011-05-27,-0.0008863957712808733,0.5016908299773332,-0.2687381673660594,-0.7366572956704538,0.6471437874175449,-0.7796543268279144,-0.9201558285157773,0.7981728595783119,-0.9068609354926608,-0.2994431478323629,-1.923368460210328,-0.08018875525718314,0.6971522253361384,-0.3659173092259982,-0.8974391818709476,0.7877673900187256,-0.9195877820963577,-1.140525816220483,0.7532902043170285,-1.1643124287782824,0.12869285238164707,-1.9123928513533954,0.6476299449829882
2011-05-30,-0.03557193432922667,0.3429183211434249,-0.2926026280117473,-0.7322982437982336,0.5891517240436066,-0.7838272460903299,-0.9230910779139851,0.7652844817669157,-0.9119683577112112,-0.14498587886202333,-1.275504417947905,-0.11791306689931534,0.5617846100914659,-0.38889539780537236,-0.8929368773374297,0.7425966781435982,-0.9236445131112866,-1.1435291780985375,0.7329168813224317,-1.1696485967833454,0.2592732749726567,-1.2654199867009654,0.6421998809865391
2011-05-31,0.7013824512709611,0.18327403871359524,0.33587638905986994,-0.2832154759311399,0.5308993365750218,-0.4335255865033897,-0.6288638396714429,0.7322860176982283,-0.6805003515774224,-0.409862559788653,-1.787695647328882,0.6836053198477414,0.4256737307037759,0.21624069720036432,-0.42909578506269846,0.6972231967170992,-0.5830964416863996,-0.8424743950322466,0.7124753633292881,-0.9278138481227242,0.03534267487545316,-1.776906664932499,0.6709787386239178
2011-06-01,0.8699040859421924,0.023629756283767622,0.5364928641484394,-0.1237549449190189,0.4726480062870757,-0.3057536300638162,-0.5216299826941866,0.6993209501417957,-0.5959370996208853,-0.43333061348451574,-1.6140265843208508,0.8668910039998974,0.28956285131608767,0.4094058897227403,-0.26439486093091213,0.6518505387412461,-0.4588820905497554,-0.7327521757622644,0.6920545334325584,-0.8394632673041653,0.015502440813159012,-1.6034764946093598,0.6838968038942896
2011-06-02,0.3969884357226557,0.08681154906789637,0.09407423701477875,-0.3290396941890037,0.4675318336053652,-0.47245904036609865,-0.6553444089682794,0.6939780011432034,-0.7033288339753286,-0.11814288607906093,-0.5937038136891514,0.35254358109570577,0.34343092129171304,-0.016580456852382505,-0.47642593658535437,0.6478654906387363,-0.6209458559383602,-0.8695694460980468,0.6887447433810022,-0.9516647482761131,0.28196673164564595,-0.5845572419209901,0.651249891444376
2011-06-03,0.05125448617096348,0.07128175047678989,-0.21169658594798282,-0.4890748053175173,0.4446277866484174,-0.6042330868893793,-0.7617902816485596,0.6793298521873524,-0.789620886077058,-0.20909555124005139,-0.7477905960559121,-0.02347985115875588,0.33019039359615776,-0.310994362087489,-0.6417203234101154,0.630025254480979,-0.7490508653758591,-0.978485395890727,0.6796706725447355,-1.0418215568994569,0.20507402512769374,-0.738432068257653,0.665815369552188
2011-06-06,0.1656897146466863,-0.08836253195303365,-0.09446776117134056,-0.40277000443133326,0.3863794164944273,-0.5369634038081376,-0.7065498545026851,0.6464623017684332,-0.7469543223711251,-0.0625433527125687,-0.27239222602133095,0.10098095877345227,0.19407951420847303,-0.1981196418176072,-0.5525792652890694,0.584654902188874,-0.6836541987837198,-0.921963114302435,0.6593102514693668,-0.997244088581556,0.3289713861449669,-0.2636876384876412,0.6637402255779794
2011-06-07,0.3394257057769115,-0.24800681438285924,0.09982835969696087,-0.27643216538969156,0.3281319665448506,-0.4333626504060549,-0.6234844806032712,0.613626388775387,-0.6810739038074516,-0.10599576924660929,-0.3461667297508192,0.28993782510268845,0.05796863482078654,-0.011040053377491576,-0.42208955281351257,0.5392852666549942,-0.5829380422835013,-0.836970207904714,0.6389694287913326,-0.9284130879991529,0.29223608096030007,-0.33736066076172644,0.6801453302243768
2011-06-08,0.03801067540020272,-0.26162914982874885,-0.20853360133265267,-0.41687514850119467,0.2990568528393921,-0.55409678682954,-0.7158251399536434,0.5950604084694826,-0.7573224792202025,0.025442455083609282,0.038452757630832765,-0.03788394190138481,0.04635438826817909,-0.30794885681731704,-0.5671479503961168,0.5166383127872335,-0.7003105302204666,-0.9314536328077758,0.6274683837822825,-1.0080766033966762,0.4033558682779673,0.04672975840011096,0.6746183531121757
2011-06-09,-0.02529549042185241,-0.4150777959135236,-0.270649670211808,-0.43708980703244016,0.24199137750309688,-0.5752604912328441,-0.7303459825394433,0.5628529261604426,-0.7710714033688838,0.025442455083609282,0.03595696618899414,-0.10673631172548312,-0.08447416281776025,-0.3677578151716992,-0.588026928535551,0.47218933141866565,-0.7208849652010204,-0.9463114316326557,0.6075168542879497,-1.0224412997164278,0.4033558682779673,0.044237400075882026,0.69068867182436
2011-06-10,-0.3320132468445628,-0.3369224606783724,-0.5991237646093837,-0.6025041581573097,0.22859552685804058,-0.7204638903319076,-0.8413742907436286,0.5513442416479517,-0.8632585369542985,0.01601535238231746,0.00959029016395843,-0.44032537248450343,-0.01783982273500846,-0.6840317485807506,-0.758877334727005,0.4617551431072697,-0.8620454084196792,-1.0599161523929899,0.6003875836331154,-1.1187572124542162,0.39538605848688574,0.017906993066859927,0.6921362463197195
2011-06-13,-0.32378906350534253,-0.494768062316387,-0.6095483616257212,-0.6026908942978455,0.17068558952532722,-0.727177824385261,-0.8452396530822087,0.5187867521784865,-0.8689496617640269,0.10245044065205777,0.23266000416627616,-0.4313806748327006,-0.15241716756333018,-0.6940691559708465,-0.759070207626147,0.41664840018806115,-0.868572403742052,-1.0638712104877628,0.5802192356331495,-1.1247032253004208,0.4684595397687625,0.24066986069151441,0.7013407782219142
2011-06-14,-0.13949531176099894,-0.6544123447462085,-0.40493517007844326,-0.5001664096767543,0.1124422908699115,-0.6413113426473136,-0.7810981628095303,0.48610280459327054,-0.8179519193992137,0.008931668307377145,-0.03498483364713507,-0.23094109068477875,-0.28852804695101314,-0.49705569274257294,-0.6531764340631748,0.37128199814686197,-0.7850967365403073,-0.9982413165495552,0.559972550779592,-1.0714214503672355,0.3893974089000247,-0.026606814866654678,0.723521391795176
2011-06-15,-0.5854006179092096,-0.24074087910516728,-0.8466629886530744,-0.752698083552346,0.16279669232018845,-0.8615068820532854,-0.9502165892521413,0.5030052376740637,-0.9574949357957432,0.15533203141817817,0.34775155757260934,-0.7159118142592003,0.06416348768471784,-0.9223768887200586,-0.9140071223586711,0.4105036437863435,-0.9991612841347659,-1.1712841370895843,0.5704430802330158,-1.2172141707576907,0.5131664060467805,0.35560309845011245,0.6863238337886612
2011-06-16,-0.9584388060944533,0.004222782797507232,-1.1362870228707098,-0.9878405336035274,0.20333439257172783,-1.0619435176588963,-1.1112977770604433,0.5163847715363197,-1.089892910873099,0.27258495185962195,0.6061381779613493,-1.121631588279913,0.2730166888900732,-1.2012437280664165,-1.1568771202210146,0.44207894343269954,-1.1940170829307826,-1.33610321482471,0.5787312836359344,-1.355541845328408,0.6122937310560937,0.6136342918421508,0.6682584467611471
2011-06-17,-1.1083955891709791,-0.02126933335790073,-1.2846993159052789,-1.1136247137815702,0.18076750187298934,-1.178068440922569,-1.2033707390775783,0.5004830009304095,-1.168420358358964,0.4062415366522592,0.8731755898850648,-1.2847259686130839,0.2512824037997768,-1.3441437024780556,-1.2867949787969908,0.42450132231759513,-1.3069086938595968,-1.4303127304763152,0.5688806333363646,-1.4375862964942754,0.7252889525865558,0.8803043770630198,0.6673662360202207
2011-06-20,-1.933644337158958,0.9443857570437303,-1.458422958243041,-1.6379009949430177,0.5442258598035903,-1.5088155985874858,-1.5598172584374062,0.6799599556560787,-1.4314193387223015,0.800131621466898,1.7735152322939367,-2.182274118236559,1.0745888294310044,-1.511414913893006,-1.8283006884518966,0.7076033850744838,-1.6284467271217429,-1.7950305934504696,0.6800610019663321,-1.7123641950752364,1.058289361517657,1.7794055458441498,0.5998075286781723
2011-06-21,-1.532262812729212,0.7847414746139109,-1.277333091668178,-1.4950685404058417,0.48598605149854196,-1.4137913756515645,-1.4838282513096905,0.6474181595163775,-1.3759398060424255,0.6251010808853591,1.0972136154006327,-1.7457278703042738,0.9384779500433231,-1.3370510740072665,-1.6807742936194592,0.6622397017089381,-1.5360683013454146,-1.7172782609577213,0.6599023754940735,-1.6543999041758208,0.9103159957587481,1.1040342242277266,0.6056904753424887
2011-06-22,-1.3211525998443425,0.6250971921840913,-1.197906652126384,-1.4372945075782813,0.4277468715299993,-1.3850081612124376,-1.46162679803314,0.6149036791877418,-1.3635281756779056,0.5380293403029515,0.7341986308510439,-1.5161224556903121,0.8023670706556418,-1.260574685521804,-1.6211016176467694,0.6168765077622129,-1.5080865093715723,-1.6945616228250595,0.6397606703137342,-1.641432394929911,0.8367042793482443,0.741518589549745,0.615983805311481
2011-06-23,-0.7894559027898461,0.46545290975427395,-0.8610267609393552,-1.1797800219734784,0.3695082984816482,-1.1878279152441016,-1.3070403873358072,0.58241615588701,-1.2424510597314438,0.2368407369378525,-0.1313393953221017,-0.9378442241077931,0.6662561912679623,-0.9362071628179464,-1.3551243661775094,0.5715137865528851,-1.316396431263518,-1.536388033542621,0.6196356641703498,-1.514932606071224,0.5820750516712806,-0.12282883480078692,0.6352683319563076
2011-06-24,0.6208260397375465,0.3058086273244545,0.23696448471792986,-0.3817684322801408,0.3112703116675422,-0.523457049256139,-0.793480190474911,0.5499552360899542,-0.8238781411175998,0.19627623639406439,-0.21596148526517184,0.595991423688063,0.5301453118802811,0.12100257163500132,-0.5308875129816669,0.5261515219684235,-0.6705239070229344,-1.0109106692409915,0.5995271380667012,-1.077613089392046,0.5477812326848899,-0.2073345217534939,0.6262387438951994
2011-06-27,1.0043332997642833,0.14616434489463714,0.6082648232429271,-0.10039374432999876,0.25303289110718546,-0.28295420718036846,-0.6080580903097419,0.5175205714408095,-0.6722920694658077,0.345397599420718,0.19718547704216619,1.0130974568003732,0.3940344324926016,0.4785120999184587,-0.2402659350994336,0.48078969844578073,-0.436717481048008,-0.8211858481321287,0.5794348762072707,-0.9192379422143694,0.673850602751941,0.20524413100365005,0.6257939765388687
2011-06-28,1.0239776514153986,-0.013479937535182307,0.6930699217055882,-0.010777080198016773,0.19479601750143555,-0.20293380606003653,-0.5445960231265868,0.48511181866369113,-0.6206121629094665,0.23459699543684012,-0.11021974875128439,1.0344628348369942,0.2579235531049204,0.5601673735652858,-0.14770417510489672,0.435428300952624,-0.3589251197206087,-0.7562511433003019,0.5593586659433679,-0.8652434510464052,0.5801781599591563,-0.10173823962799004,0.6496709358076533
2011-06-29,1.3473352873144577,-0.17312421996499971,1.0866812326438051,0.2533361159337663,0.13655967220926316,0.036293509320280186,-0.3655446124246733,0.45272863947583963,-0.4712051229161258,0.22785885706669504,-0.11076290285296773,1.3861495819849576,0.12181267371724085,0.9391592017428988,0.12508864204054418,0.3900673149692327,-0.1263587054450273,-0.5730448435418046,0.5392982977193873,-0.7091449276762564,0.5744816397389316,-0.10228064658715177,0.6669420194160467
2011-06-30,1.5561069980003008,-0.3327685023948171,1.4096958104614263,0.46628509610008523,0.07832383722526089,0.2371750070877101,-0.21645007340408529,0.4203707005026523,-0.3452588945342514,-0.014763806541484247,-0.7166159721276179,1.6132116200391315,-0.014298205670438652,1.2501763955408067,0.34503582021498663,0.34470672647097944,0.06892956903904654,-0.4204905648512271,0.5192535650201734,-0.577557953760393,0.3693649096859338,-0.7073003269791626,0.705062633627581
2011-07-01,1.177259200246091,-0.4179114485143208,1.0566896052993395,0.34698016322132696,0.03569443426068516,0.13438322499243235,-0.28206562256593737,0.3949847041376786,-0.40040175561664776,-0.0625433527125687,-0.7439912210321725,1.2011732610688828,-0.0868901024399215,0.9102815212458442,0.22181013813621175,0.31150217456005497,-0.031000140663588027,-0.48762872322395084,0.5035277330424085,-0.6351704945734026,0.3289713861449669,-0.7346379195124723,0.7163775936069064
2011-07-04,1.2099504630164735,-0.5775557309441383,1.1941612268037771,0.4418922043216373,-0.02254043168837316,0.23195370390495398,-0.20934876908313663,0.36267626468826114,-0.337882293085933,-0.07216221081697304,-0.6698861696540979,1.2367285799711525,-0.223000981827601,1.0426471817557514,0.31984129845679893,0.26614234085471133,0.06385364467343299,-0.41322447472102447,0.4835136637523668,-0.5698509769430761,0.3208394635459905,-0.6606348042788159,0.7351100561688126
2011-07-05,0.8910232985370854,-0.6609120946616908,0.8587864988970404,0.3321804244754723,-0.06703704655460906,0.13513453866680117,-0.2692259434759685,0.3362681975131925,-0.3886639190171892,-0.052945600183218346,-0.5313698729235927,0.8898604544016897,-0.29406965898578935,0.7197289176668048,0.2065240317067406,0.23148339525760522,-0.030269746114092774,-0.47449109930388084,0.4671546908256373,-0.6229069562500598,0.33708546578369963,-0.5223090453991759,0.7433138544380068
2011-07-06,0.7111187927088936,-0.8094849309646301,0.7019628700766759,0.2828682023656416,-0.12341366867046262,0.09547663826005552,-0.2913147210666799,0.3047869025248441,-0.4072939808254304,-0.031427346542745455,-0.40487743585956776,0.6941946545944158,-0.4207411507205777,0.5687300206930169,0.15559124914963454,0.18757096990264543,-0.0688234358573913,-0.49709244711073947,0.447653011698625,-0.6423714014240666,0.35527731050894246,-0.39599060661317115,0.7594080502396472
2011-07-07,1.4665920705923232,-0.9691292133944476,1.8345948342238827,0.7639912788023928,-0.18164720142525365,0.5773047312565666,0.03203481296727417,0.2725503300604243,-0.12589643227615677,0.03484928443011758,-0.1798903011857562,1.5158543593894247,-0.5568520301082572,1.659293850582369,0.6525255990310964,0.14221217463826458,0.3995889262815012,-0.1662395852049615,0.42768346176148064,-0.3483709191812006,0.41130853867993106,-0.17131295584937511,0.7789038119046648
2011-07-08,0.7041839822035902,-0.16905145949467962,0.44704184359253424,0.40547494626892955,-0.04642218222191827,0.20158733729707543,-0.18579415631374224,0.3212159319257885,-0.3165999993698995,0.046579444209405546,-0.12401711724694797,0.686652290728733,0.12528506245997173,0.3232772524840685,0.28222725053185654,0.24754055968564825,0.03433278086511413,-0.3891232770213915,0.4578302823561393,-0.5476155145234292,0.42122538643497986,-0.1155166289782187,0.6968812078080019
2011-07-11,0.23274132830269678,-0.042715503416294084,-0.03601008897255507,0.17063790461517922,-0.024493357705741244,-0.022817344153769726,-0.32815772489677286,0.3237632460477513,-0.4392100918196032,0.27925459578509687,0.49166233060262365,0.17390691220621893,0.23299764582587998,-0.14183320023945123,0.039672697782954014,0.2646211834184747,-0.18382371196142022,-0.5347903930651375,0.45940826390552003,-0.6757169372042426,0.6179323450761779,0.4993159131888881,0.6701740276632819
2011-07-12,-0.5650495082414663,0.6270008204416777,-0.6670217398860162,-0.2807612185823805,0.2255784733700953,-0.43991747474013293,-0.61496577444149,0.43346861005789034,-0.681480705308382,0.525447814964445,1.062335543633379,-0.6937777596852288,0.8039900822174948,-0.7494078621845806,-0.42656087281305116,0.45940512405488554,-0.589310358041672,-0.8282538251154822,0.5273673109596406,-0.928838108892431,0.8260676747617864,1.0692041294349786,0.599039423787104
2011-07-13,0.000532281658052194,0.46735653801186033,-0.26690416943590856,0.013704645674527696,0.1673465156217801,-0.18003167435487874,-0.42258373857170717,0.4013236011230532,-0.5196546507555573,0.24132477009353565,0.19811787540632372,-0.07864578860050543,0.6678792028298153,-0.36415142951394147,-0.1224178998745537,0.41404755558188927,-0.33666066115964505,-0.6314075629523396,0.5074544817696675,-0.759764361365949,0.5858659185452355,0.20617524679539806,0.6254248766520238
2011-07-14,0.11196504625679075,0.3077122555820429,-0.17335098063544468,0.0773087417061146,0.10911491866238213,-0.11968280422839345,-0.37632132189576384,0.36920075110794914,-0.4805208313061142,0.34101904654228143,0.4308115276528108,0.0425495139272155,0.5317683234421359,-0.2740729864661031,-0.05672356580656437,0.3686902681316965,-0.277992108579908,-0.5840716266206478,0.4875553793384759,-0.7188778580916433,0.6701489104391427,0.4385488143337641,0.6308239292817625
2011-07-15,-0.068743740802995,0.1858967729486317,-0.3188481631396959,-0.02224570452532377,0.06424403979274296,-0.2078566943586338,-0.4353066472888953,0.34322913169471675,-0.5311874387642849,0.3366361063355774,0.36627662185848003,-0.1539910295654671,0.4279098437527222,-0.41416612317129636,-0.15954969583180417,0.33373980382531543,-0.3637109380861405,-0.6444257068424298,0.47146677217053057,-0.7718136676006725,0.66644350901519,0.3741026803485711,0.6462233854443599
2011-07-18,-0.18732651414040047,0.05027368507454844,-0.4255927459569249,-0.0959544021898668,0.013817750844412835,-0.27433546780290896,-0.47894961401595426,0.31466415089090666,-0.5691860336204357,0.39110971146937457,0.46114670337511054,-0.28296274754226136,0.3122791586141594,-0.5169460064361558,-0.23568070169793853,0.294462164153667,-0.42833871665229123,-0.6890814088735014,0.45377165860829155,-0.8115141030517066,0.7124962874039686,0.46884226211989916,0.658572712477003
2011-07-19,0.21868347184622308,-0.10937059735526895,-0.04124572931739828,0.12805088636720294,-0.044412835850506274,-0.061198460956500736,-0.33038723213444793,0.282606086486552,-0.44095112977168477,0.18039899950524566,-0.13684007342205148,0.15861745786782327,0.1761682792264799,-0.14687437881036902,-0.004313868779562846,0.24910566361056177,-0.22113616809341696,-0.5370716360316017,0.4339126888397922,-0.6775359509097779,0.5343583856001234,-0.12832194637312805,0.6873832334147487
2011-07-20,-0.20949311283518593,0.03013518852562339,-0.44666181669885024,-0.10867620608335955,-0.014133860234116943,-0.2856826586664315,-0.4776879503206427,0.28942077336770033,-0.5686011685154259,0.1484705806617309,-0.19858623732729017,-0.3070713447263926,0.2951093080369866,-0.5372325312808117,-0.24882058555874384,0.272690319921594,-0.4393699631762708,-0.6877904682645918,0.438134174549208,-0.8109030436313015,0.5073656357409405,-0.18998317455854627,0.6836028162237927
2011-07-21,-0.406709956472329,-0.04115749935766674,-0.6354725488865471,-0.23558382293981134,-0.0454951867517025,-0.40523838467959783,-0.5571342382557833,0.2692162588865269,-0.6381027149424425,0.06528251475785518,-0.38389349640610365,-0.521566202807266,0.2343259821701682,-0.71903046894882,-0.37989880060640024,0.24826260754631263,-0.5555968516517482,-0.7690803077865862,0.42561810878778517,-0.8835173512950012,0.4370372344123969,-0.37503553188407895,0.7026266497230167
2011-07-22,0.41341443079683526,-0.20080178178748412,0.16563034758596748,0.2167666739226186,-0.10372486297532298,0.029260142765233695,-0.26303325412293793,0.23722052561699145,-0.3818149920426948,-0.13520572060022257,-0.846255063540599,0.3704086448361829,0.09821510278248871,0.05231792185023304,0.0873174088959488,0.20290681618019313,-0.13319623918314802,-0.4681547085573629,0.4057977512107893,-0.615751286828885,0.26754156307166577,-0.836761091693777,0.7271776039638304
2011-07-25,0.7357964643991742,-0.3604460642173015,0.5475261532701838,0.42671529039393363,-0.16195425615150033,0.24147787958862924,-0.11966608635987666,0.20524504164405522,-0.2550942846045148,0.16902272791639586,0.04655393571583011,0.7210343179282034,-0.03789577660519079,0.42002938122021516,0.3041656216388699,0.15755124528311298,0.07311263495287365,-0.3214607048086093,0.3859899374406785,-0.483355147313624,0.5247407200704592,0.054819792806723694,0.7197621130777437
2011-07-26,-0.24892229566964302,0.6949107229134539,-0.4417153922123498,-0.10399235140564897,0.21337402517279241,-0.28538463963339494,-0.45281350837890544,0.36980262531883173,-0.5457842841714033,0.19174576062881843,0.10132643787133573,-0.3499548876345342,0.8618892841424277,-0.5324698265338043,-0.2439828041402229,0.4498989333618495,-0.4390802420054714,-0.6623388147487753,0.4879282216164,-0.7870642609730804,0.5439511025530556,0.10951695195138117,0.6210279496558619
2011-07-27,-0.46275122633280713,0.5961118118294318,-0.5990116718837284,-0.24364542184734322,0.18356977372854927,-0.4083164998319916,-0.5405036926485964,0.35170956580887214,-0.6211456609792944,-0.052945600183218346,-0.5372906357985052,-0.5825172047790431,0.7776544686794735,-0.6839238191949808,-0.38822532994643727,0.4266840453872516,-0.5585892616220792,-0.7520638502690856,0.4767201362717608,-0.8658008428595666,0.33708546578369963,-0.5282216638935331,0.655400244253772
2011-07-28,-0.9147650157725103,0.7082185634755361,-0.8917081386935487,-0.5326541329982041,0.25182489813118825,-0.6573634986035803,-0.7266958615063834,0.38193059464959345,-0.7787401962742111,0.008931668307377145,-0.30645332612605863,-1.074131571120148,0.8732353959736004,-0.9657489750650414,-0.686731809929657,0.47984877826651234,-0.800701945946292,-0.9425766095191854,0.4954411198767257,-1.0304535543505227,0.3893974089000247,-0.29770188541360765,0.6496695692134982
2011-07-29,-0.8546580474227177,0.5512389492607962,-0.8884878635656402,-0.5488740001500478,0.19480626823085861,-0.677020477335424,-0.7406704725238367,0.35062949332580773,-0.7925911034432155,0.2969907537304679,0.47498116518095507,-1.0087586779732456,0.739396382064035,-0.9626483071623538,-0.7034847148161986,0.435436285368393,-0.819811607616359,-0.9568755014689074,0.47605106509770545,-1.0449248011974914,0.6329267510700595,0.48265769375613493,0.6371075136917331
2011-08-01,-0.45576260746545316,0.39159466683097877,-0.6195056082938497,-0.3636470349607996,0.13657815203620666,-0.5167998109260513,-0.624769265877197,0.3187514602484276,-0.6947373706924217,0.07227560011673599,-0.16073784089492726,-0.5749163184425168,0.6032855026763555,-0.7036565713054679,-0.5121705874446015,0.3900817091274985,-0.6640520288222989,-0.838284806628608,0.4563036191141319,-0.9426884996862852,0.4429492905264605,-0.15218684096849963,0.661483080247737
2011-08-02,-0.9217619243841892,0.5643562965112608,-0.9336073611950125,-0.6561466050978619,0.21486199831285252,-0.7689866284451707,-0.8145068641010285,0.35296203570592627,-0.8556468175790185,0.15761679196127545,0.08157334928011699,-1.081741473459059,0.7505800814882797,-1.0060919796834806,-0.814282647425529,0.45105793344008765,-0.9092171086742864,-1.0324252669544034,0.4774960022600447,-1.1108045874986443,0.5150979758539237,0.0897910349720013,0.649576664638905
2011-08-03,-1.259217752559139,0.6307577844304755,-1.152395015582858,-0.8991358633196367,0.25585943760245916,-0.9740588360291679,-0.9763463723281518,0.37035944345738514,-0.9924217952911677,0.2323521024133241,0.26529828048128606,-1.4487615445546351,0.8071932265115469,-1.21675343888163,-1.0652573251668285,0.48299132932268857,-1.1085794093779795,-1.1980202619382057,0.4882731530645564,-1.2537052972363054,0.5782802947331526,0.2732632410110943,0.6477045016112093
2011-08-04,-1.7441813194694915,0.8724187472237477,-1.3751419838198538,-1.244671951095238,0.38939002280303436,-1.2368036824422026,-1.2075700801093234,0.43715005664069057,-1.1805103481950225,0.39543843419801444,0.6519864989321777,-1.976212392770315,1.0132305844352534,-1.43122715538113,-1.4221488557312019,0.5869998994561492,-1.3640085467343213,-1.4346095172418263,0.5296478521510871,-1.450217759918308,0.716155852583084,0.65941954557288,0.6319022711138292
2011-08-05,-2.6019360996015855,1.4853303461344587,-1.5429005472375152,-1.830916232051872,0.7922705803982614,-1.5682562045398767,-1.5985105203584298,0.6685987741607643,-1.4647034394366538,1.3061221620958898,2.9072716910924132,-2.9091144027585396,1.5357919655565617,-1.592754842404558,-2.0276590357593425,0.9008083851083962,-1.6862323046873249,-1.8346217327458683,0.6730231048243189,-1.7471389886421609,1.486061126892293,2.911602451549144,0.575961445836177
2011-08-08,-3.0115785190872804,1.6680244678821954,-1.6798670282366228,-2.2634432020079274,0.9735506147353139,-1.8061796101511929,-1.898426121133837,0.7885905704872106,-1.6783606186608697,1.9395589695949462,3.1571747265923498,-3.2912524612218865,1.6915548728875904,-1.7246341243011443,-2.474400252607973,1.0420095723631364,-1.9175311144711982,-2.1414968768316327,0.7473542754670212,-1.9703652180475346,2.021577820663503,3.2865931919825107,0.5584717466717292
2011-08-09,-3.0115785190872804,1.5900694537444382,-1.7388499065041696,-2.4361326639762817,0.9718697008256227,-1.9276423896240267,-2.036863970828917,0.7936879589615591,-1.7861385675315669,2.780419104511756,3.1571747265923498,-3.2912524612218865,1.6250913242689062,-1.781426264782351,-2.6527648535125503,1.040700288411435,-2.0356119575598504,-2.283147177657146,0.7505119484423314,-2.082970210900141,2.732453213510539,3.2865931919825107,0.5605888428943586
2011-08-10,-1.936886082764371,1.4304251713146208,-1.2434158271407265,-1.8897745135916535,0.9136430384305604,-1.5666815130866274,-1.7149413864506182,0.7619363463684039,-1.539256466423164,1.965320678331145,2.9433969472021357,-2.185799870655793,1.4889804448812267,-1.3043935620587337,-2.0884515923931466,0.9953468445524314,-1.684701457993291,-1.9537543777823196,0.7308428160007945,-1.825031017196423,2.043357144070324,2.9476780151041018,0.5243619387874482
2011-08-11,-1.9023200446274935,1.295702180239345,-1.2809202578236558,-1.9512612987417548,0.8697837200422645,-1.6270624633710111,-1.775779606687655,0.7392567836148903,-1.5922942686439623,1.9864228679293785,2.6190149790639428,-2.148205528773773,1.3741171719227623,-1.3405050058975896,-2.1519590338386076,0.9611842968054662,-1.7434011975103554,-2.0160043492839455,0.7167935351270674,-1.8804442200135973,2.061197242200391,2.623742254701224,0.5283784107525281
2011-08-12,-2.2665048411091777,1.3530456301785834,-1.4436003499062593,-2.239194574161277,0.9320087392516408,-1.8072179098867251,-1.9826688215075707,0.7835294344552911,-1.7459633268581334,1.6635338564256832,1.4537960422881622,-2.5442962723224065,1.42300753792622,-1.4971428457999236,-2.4493547357648904,1.0096521086163177,-1.9185405044150352,-2.2276944295715535,0.7442190597476811,-2.040995644337261,1.7882221737350634,1.4601261496300224,0.5583298508033249
2011-08-16,-2.327498129029364,1.2659771805103073,-1.519300398517717,-2.368900987463359,0.9130008862363265,-1.9078038664580588,-2.091673098111176,0.7766958077769294,-1.8337028209038042,1.5719247707455077,1.03297690209405,-2.6106331348086402,1.3487739789731714,-1.5700312486966936,-2.5833237248374803,0.994846664526784,-2.0163258062694034,-2.3392281510659068,0.7399858414253558,-2.1326647213926906,1.7107745197590603,1.0398858725478188,0.5704240038176421
2011-08-17,-1.841594174391387,1.1063328980804898,-1.328699219851704,-2.1817591138806187,0.8547749092513485,-1.7996689846827307,-1.9988178154846235,0.7450115637175171,-1.7682340153894571,1.4068420108292574,0.47806779985171893,-2.0821595122271517,1.212663099585492,-1.386509365183599,-2.3900317589372264,0.9494937545418942,-1.911201766932083,-2.2442181610504615,0.7203584416866444,-2.064263768746467,1.5712111525180297,0.48574008256738294,0.5593275621991489
2011-08-18,-2.6688905847307303,1.5940910403945194,-1.5173382645170457,-2.7257206337402176,1.1464045331263968,-2.0396754061368063,-2.3719661537718255,0.9403578255146547,-2.006178189104444,1.732596969198771,1.2546901493473102,-2.981934718309666,1.6285200828009692,-1.5681419921347535,-2.951869628436087,1.1766475571126032,-2.144525594321741,-2.6260254087601256,0.8413693504703873,-2.3128647326842775,1.8466091341641784,1.261294139328477,0.5884372721257383
2011-08-19,-3.0115785190872804,1.818238112744623,-1.6608920523553328,-3.003269064055661,1.3314762492843204,-2.238371833745152,-2.699152006548453,1.0791997776601305,-2.2097987440551967,2.0014337747690214,1.7847029344680718,-3.2912524612218865,1.8196252991318997,-1.7063639155977035,-3.300577626333913,1.3208021306945092,-2.3376896384225456,-2.960803611207953,0.9273776039781038,-2.5256048281780332,2.0738876812562,1.7905778586324965,0.6125247534509128
2011-08-22,-2.35013061426028,1.6585938303148056,-1.3414536662582177,-2.786890295344494,1.2732507274664717,-2.0159396826636966,-2.4807248859180135,1.0475638790654418,-2.0565564018623017,1.6732362795393338,0.7138613901743736,-2.6352484344863627,1.6835144197442202,-1.3987900868668146,-3.015049524621728,1.2754495752447412,-2.1214507540193197,-2.7373078879364576,0.907780152745025,-2.36549923117832,1.7964247434087546,0.7212093240227324,0.5868936155281338
2011-08-23,-1.5768963382715502,1.4989495478849881,-1.0434814339556344,-2.420661562774715,1.2150253471524928,-1.8070067220346409,-2.2778203516376045,1.0159436950176786,-1.913104005251286,1.481732421583081,0.1324538129038375,-1.794271704341428,1.5474035403565407,-1.11188511760325,-2.6367853214674657,1.2300971300140302,-1.9183351967501487,-2.5296949527241157,0.8881924361830227,-2.2156220414161334,1.6345245954491388,0.14060150932789767,0.5552474803659154
2011-08-24,-1.9549328782484003,1.508078123873884,-1.2214283743041923,-2.6762103617745994,1.2466907635873559,-1.9579090825240026,-2.4674783974637355,1.046390453226336,-2.046976849540938,1.9121154737582313,1.222335979711956,-2.2054277318707483,1.5551864592716111,-1.2832227656006128,-2.9007322874590047,1.254761701663466,-2.0650359229148814,-2.7237540146383457,0.907053252082201,-2.355490640070574,1.9983766899713569,1.228984474882002,0.5643534488917229
2011-08-25,-2.1871167978694284,1.466651656738709,-1.3508568282139082,-2.8668771136958733,1.249888086859699,-2.0790868847986386,-2.6188332444717237,1.0572844593432682,-2.1569842003346644,1.8099900421206383,0.804489788425671,-2.4579531042948397,1.5198667297712931,-1.4078439972631973,-3.0976649706961683,1.2572521350073427,-2.1828397235385886,-2.878621051776694,0.9138017486665618,-2.4704248829250477,1.9120383641067,0.8117130572300044,0.5833538310711245
2011-08-26,-2.812827388313008,1.694584650304858,-1.5297007495704205,-3.003269064055661,1.4009900653212433,-2.2671644141778984,-2.925324621273821,1.173665222339728,-2.3442397972921016,2.5723915913281727,2.659478247017483,-3.138481713422311,1.7141997789952368,-1.580045310664978,-3.300577626333913,1.3749472735444457,-2.36568053560893,-3.16144304203561,0.9858959969290251,-2.6660670841168685,2.5565837269971814,2.664149862892723,0.6345075316385173
2011-08-29,-0.7876739863589282,1.5349403678750406,-0.6591652063080526,-2.222046741646718,1.3427652044295786,-1.6280774162411458,-2.275830822284885,1.1421059641651896,-1.8772229326158312,1.5069729645579844,-0.4166260972200923,-0.9359061953628196,1.5780888996075573,-0.7418431354069025,-2.431643369547313,1.3295952328979888,-1.7443878906448358,-2.5276592563308626,0.9663460220428529,-2.178133965515686,1.6558633177382291,-0.4077231069533752,0.5435133045712457
2011-08-30,0.07627538225813202,1.3752960854452232,-0.24578122746225886,-1.7052463707445382,1.2845404625253567,-1.321327471842857,-1.9673552862420203,1.1105614671962827,-1.6571786080212343,1.3026073575995711,-0.8847014356865063,0.0037331061946632065,1.4419780202198778,-0.3438130343189424,-1.8978592529450107,1.2842432849322742,-1.4461789067145097,-2.212025543628547,0.946805191262597,-1.9482345300759016,1.4830896600295569,-0.8751545784442822,0.5254188761216473
2011-09-02,0.42232866439748407,1.2156518030154058,-0.05254501981628268,-1.4414161580996763,1.2263158355549646,-1.167418501829672,-1.8130169966656566,1.07903154832069,-1.5493229731730593,1.5103273926060519,-0.23459729633717208,0.38010384751668463,1.3058671408321982,-0.15775399188112832,-1.6253587190468042,1.2388914264898945,-1.2965552852484152,-2.0541058331191744,0.9272733911558951,-1.8355483719290002,1.6586992000180842,-0.22594469809893417,0.5067823942289185
2011-09-05,0.14557573244434766,1.0876861981087311,-0.19614510950886474,-1.521605827151904,1.180716225769015,-1.2313563061854318,-1.8744579415404004,1.0559479179726323,-1.60010722193694,1.7927348956408642,0.5230311032670922,0.07910480621789391,1.1967651376152593,-0.2960204974582594,-1.7081836821577079,1.2033733449555677,-1.358712843937034,-2.1169725154873307,0.9129738030258324,-1.8886070915372422,1.8974506122047072,0.5306415361397935,0.5013446038371726
2011-09-06,0.5566920720403294,0.9280419156789138,0.06567903713948592,-1.2211201512296557,1.1224918170531948,-1.0460048058787663,-1.693986357204027,1.0244466156363656,-1.4710155681706794,1.921282450135288,0.7877147299730566,0.5262387289096792,1.0606542582275797,-0.043921004273529,-1.3978230669093057,1.1580216565142851,-1.1785221590297064,-1.9323130869566896,0.8934597299715872,-1.7537338182750055,2.0061265851830075,0.7949610739220563,0.49164070966021045
2011-09-07,1.0321619681520067,0.7683976332490964,0.4068860449151908,-0.8627229316669508,1.064267511920374,-0.8145129987547435,-1.4722829785406462,0.9929593565013488,-1.309083967328791,1.7974475992322816,0.3704143922168067,1.0433641732041044,0.9245433788399003,0.28461291756853213,-1.027647745821523,1.1126700487550396,-0.9534758701833862,-1.705465080064997,0.873954356241966,-1.584549797364681,1.901434800392261,0.37823475894433944,0.4935619339892042
2011-09-08,1.1509781657512794,0.608753350819279,0.5430208748209148,-0.6875857151959534,1.0060433068417909,-0.7015379212723233,-1.362364460418921,0.9614859669669708,-1.230377823979765,1.762769281696351,0.2359470114126364,1.1725897655609894,0.7884324994522208,0.4156914374963222,-0.8467549492181465,1.0673185189292367,-0.8436464026293886,-1.5929959020726263,0.8544575742968116,-1.5023186470956584,1.8721172461665896,0.2439523464533181,0.4988662878718584
2011-09-09,0.12984373185163664,1.1101972178785338,-0.20629170994496895,-1.1702449795683352,1.1696613979996764,-1.002680892465152,-1.6691681484158816,1.0708975203527415,-1.4436139973343285,1.8427438600462034,0.4131345534199115,0.06199453727620887,1.2159577742079808,-0.30579023359694096,-1.3452759711809852,1.1947626073658728,-1.1364045305349335,-1.906918971485131,0.9222346148444446,-1.7251050150688945,1.9397289183596733,0.42089615588723533,0.49210399838061214
2011-09-12,-0.9539517940010706,1.597509242958164,-0.7265711046316694,-1.7493994677695133,1.4070804347698844,-1.3134358074533001,-2.044123742930671,1.2400574797812978,-1.6835954904199393,2.50479961710068,2.0612536565142916,-1.116751472543206,1.6314344029994856,-0.8067454487442135,-1.9434633647408075,1.3796911351622632,-1.4385069730691906,-2.290575412813955,1.0270239270736619,-1.9758345436673932,2.499440488500057,2.0667481678213298,0.5288862239694402
2011-09-13,-0.8951123744418843,1.4394340574890443,-0.7264716041352804,-1.7278444867133063,1.3496313724623679,-1.3166907748210663,-2.0445539683722393,1.2091641752312057,-1.6911079517246028,2.5074700530568292,1.803760904955933,-1.052757177151635,1.4966613176368377,-0.8066496438880442,-1.9212000167068626,1.3349433733132636,-1.4416713110884591,-2.291015621639469,1.007886489661003,-1.9836834650875996,2.501698113913097,1.8096096136870528,0.5241198344486007
2011-09-14,-0.11232822529042152,1.2797897750592269,-0.34225022014851036,-1.2829936225510017,1.2914075346569571,-1.0509074351283112,-1.7751155474725486,1.177744573407894,-1.5013754569682483,2.464546198422703,1.4625860630196519,-0.20139391687593963,1.3605504382491582,-0.4366989826761378,-1.4617299022947507,1.2895921295609278,-1.1832882824269306,-2.0153248805707795,0.9884230275231367,-1.785453433436337,2.4654096626493653,1.4689040791368781,0.49712606455436076
2011-09-15,0.48138377300150065,1.1201454926294094,-0.007800261592502645,-0.904154030465706,1.2331837809854655,-0.8182313850310392,-1.5413460620448713,1.146338006879565,-1.3355679354387444,2.2348562188542624,0.6862546355531012,0.44433272830272436,1.224439558861479,-0.11467114022177277,-1.0704404056517578,1.2442409513415085,-0.9570907239545571,-1.7761307728351352,0.9689676403434377,-1.612219901230804,2.2712264118583203,0.6936405442233334,0.4849994974917334
2011-09-16,0.4890930371255232,0.960501210199592,0.019274491867573275,-0.8333328804221217,1.174960108581754,-0.7799160093515993,-1.4981147289123187,1.1149443152968326,-1.3087918036544195,1.8891136295513,-0.2874215843400853,0.4527173950669518,1.0883286794737994,-0.08860199529086667,-0.997291841638964,1.198889836422535,-0.9198421784896594,-1.7318962563585931,0.9495202287904686,-1.5842445485748389,1.978930596194505,-0.27869632298171554,0.4923121516922875
2011-09-19,-0.06908565304805338,0.9924619625843781,-0.31935292636221657,-1.0923464906121592,1.1833483207851088,-0.9488640570217602,-1.6635403606916568,1.12635177300829,-1.4291605800549327,2.062445525051665,0.1971103924388964,-0.15436289647666684,1.115578049427888,-0.41465213851481875,-1.264817483816631,1.2054235152492734,-1.0840861386036815,-1.9011605909130946,0.9565867926032386,-1.7100042735304313,2.1254679026859513,0.20516914968395972,0.49822058786912204
2011-09-20,0.9308307930676196,0.8328176801545607,0.32186352633720533,-0.48131386721021535,1.1251248027057914,-0.5513022385992781,-1.2797162243861795,1.0949833586272277,-1.1497090285017528,1.700610179782778,-0.7545472512860242,0.933155452599673,0.9794671700402084,0.20274829920853377,-0.6337043355647904,1.1600725205354165,-0.6975937917058911,-1.5084298132282694,0.9371550394873314,-1.4180369435244782,1.8195670369737114,-0.7451794292848664,0.4949781556619771
2011-09-21,0.7377120453347793,0.6771544698770782,0.2342417578113077,-0.5075781840965408,1.068099417122558,-0.5726974639829545,-1.2921580774351678,1.0643709261302354,-1.1630208946780107,1.7675143632974362,-0.4826849886866496,0.7231177214212693,0.8467505069897054,0.11838097205365425,-0.660831783563437,1.1156547655550706,-0.7183933013362571,-1.521160379551698,0.9181915935403134,-1.4319450073848392,1.8761288071946272,-0.4736911302729516,0.4973767210735548
2011-09-22,-1.3255486021632363,2.3151406031527846,-0.7428824540203396,-1.6314073811123877,1.9019753954400962,-1.1180901873238474,-2.00186229172842,1.6646069609853402,-1.560652414543079,2.6531799424575113,1.8552755559490604,-1.520903588356897,2.243278648378002,-0.8224509631770196,-1.8215936732922742,1.7651707400651118,-1.2486004385845224,-2.2473332843837106,1.2900190725733978,-1.8473852242523416,2.6248833745387015,1.8610534030478667,0.6365532199201114
2011-09-23,-1.699488849749419,2.2313460321592222,-0.8892056123897812,-1.8926003731150343,1.8966633666717214,-1.257982820621937,-2.1796902382204584,1.6755331257040789,-1.6766888848874468,2.815392697703965,2.033900142001692,-1.9276044505018117,2.1718363607354045,-0.9633393974117299,-2.091370318876831,1.761033137313828,-1.384597985762542,-2.429287729438022,1.2967874904073078,-1.9686186124423974,2.7620203980723845,2.039432279782956,0.6548738302175768
2011-09-26,-1.8018324183556247,2.1001039642328583,-0.9604446734283688,-2.0155305576899947,1.8567293365164392,-1.3349572748599197,-2.2732698055432476,1.65863532459069,-1.7430628578844622,2.84885445514179,1.8589719417268882,-2.038914259637931,2.059940882825207,-1.0319325024124872,-2.2183403902460785,1.7299280435266742,-1.4594292097157424,-2.525038811180414,1.2863198303130408,-2.0379652722484285,2.7903094546897727,1.864744704215301,0.6542704152412765
2011-09-27,-0.2758318704885526,1.9404596818030406,-0.4014838364951735,-1.1981360646590362,1.798506160532295,-0.9054625535835888,-1.7720231006506808,1.6273274402484,-1.4141362931923978,2.4048295854787307,0.4812539076497152,-0.3792219893959762,1.9238300034375273,-0.49373254834091346,-1.3740836482928065,1.68457731527484,-1.041893080454205,-2.0121606735019086,1.2669255736658818,-1.694307094909961,2.414924369170396,0.48892180767434007,0.590117318143229
2011-09-28,-0.48937889836989107,1.8023732769285692,-0.49641200632502414,-1.3023596097084509,1.7517043737498403,-0.9711128662922972,-1.8435086574950632,1.6046690987597068,-1.4664560939954965,2.40346286965436,0.4179301814640506,-0.6114777064749676,1.8060991225510783,-0.5851349029724782,-1.4817323189511566,1.6481228436972435,-1.1057154654459114,-2.0853050531205555,1.2528894387029994,-1.7489701392266683,2.4137689277263132,0.42568518724432275,0.588226386701089
2011-09-29,0.22101140709504627,1.642728994498752,-0.18860868814259338,-0.8835266658132709,1.6934813188441695,-0.7458577444480828,-1.5849013565338932,1.573384402215664,-1.297005348528755,2.2744545723389074,0.03522097678768367,0.16114934171511014,1.6699882431633988,-0.2887639933077262,-1.0491351585219764,1.6027722097548804,-0.8867322113754674,-1.8206967681933615,1.2335095461727308,-1.5719302142505207,2.3047034360631575,0.04350242307413822,0.5635061678937753
2011-09-30,-0.49792699745228725,1.6900289574240634,-0.5090149963609802,-1.2541210144914665,1.730638277200553,-0.9481511991459884,-1.820504875970675,1.6121628772306849,-1.4495344556852003,2.3952535948763507,0.34316531414511936,-0.6207746978765402,1.7103156476327637,-0.597269793666666,-1.4319084461681633,1.6317142090979595,-1.0833931291127177,-2.0617674687082643,1.2575316004452028,-1.731290632602625,2.4068286873813673,0.35102316368800585,0.5886679804490246
2011-10-03,-1.3421464073672076,1.8583238729359404,-0.8425023599306323,-1.738648109814968,1.8319758054635824,-1.192431869861714,-2.133378779148907,1.7000887397687512,-1.6403592878843054,2.804181651941948,1.3507083342022994,-1.5389555143791493,1.8538019573091975,-0.9183707937678378,-1.93235868209899,1.7106472220826987,-1.3208721961451468,-2.3819016126816392,1.3119989264817524,-1.9306619241425977,2.7525424168608144,1.357180245150038,0.6423496234654177
2011-10-04,-1.9329006613630595,1.9093391310004566,-1.0684259872462054,-2.1230999715965613,1.881353061859326,-1.3850893517805527,-2.3895364555497474,1.7506691871582187,-1.7970887644186122,3.001587199545188,1.8372385746357183,-2.1814652895819795,1.8972969796906178,-1.1359031821048347,-2.32944488592457,1.749107757750391,-1.5081654393184702,-2.644003429495925,1.3433319340805567,-2.0944108335425304,2.969591682533906,1.843041232733206,0.6795823735202606
2011-10-05,-1.8974691369695706,1.765979566953693,-1.1013490828559278,-2.175834178300743,1.8311135246089316,-1.429324760912075,-2.4409446077624857,1.7254668747545472,-1.8373854734335688,2.84144059919693,1.038616533843668,-2.1429296368648445,1.7750702639319902,-1.16760345048547,-2.3839121106503876,1.7099755812102277,-1.5511691843940543,-2.6966045081883294,1.327719888580617,-2.13651230864164,2.7840416729999733,1.0455177466303707,0.6737386782054974
2011-10-07,-0.32771610048059663,1.6063352845238756,-0.4380054730479129,-1.3348005597027244,1.772890738101761,-0.9850389125743988,-1.9274646639003368,1.6942377170358092,-1.505154595134703,2.540713669218223,0.13485663228106073,-0.43565175646625137,1.6389593845443107,-0.528897700917877,-1.5152393843663834,1.6646251563266672,-1.1192537632933597,-2.1712092591567633,1.3083744006182223,-1.7894018276179073,2.5298027507213634,0.14300102347641525,0.6103710852565221
2011-10-10,0.5774938330189238,1.4466910020940582,-0.0018417089398620535,-0.7898151929959589,1.7146679999151218,-0.6908097329953786,-1.5893294590500837,1.6630192645627913,-1.2858522206746517,2.1255321393875697,-0.9456513430830723,0.5488629160057122,1.5028485051566312,-0.10893389969955798,-0.9523440210737458,1.6192747690805465,-0.8332169235572524,-1.8252276248549328,1.2890355442212407,-1.5602775719850588,2.178802244376276,-0.9360206454217792,0.5873575774819502
2011-10-11,0.4441223911969464,1.2884682822191238,-0.04939783746534123,-0.797451024513745,1.6569581012836678,-0.701175047325163,-1.592920847599802,1.6321737096559652,-1.2931061504732744,2.164684629171699,-0.7202734373825798,0.40380690578844575,1.3679496336561416,-0.15472370194878732,-0.9602307909189961,1.5743238386986536,-0.843293632325584,-1.8289023515974343,1.2699276862214284,-1.5678563830654884,2.2119023289212354,-0.7109527611613501,0.5807521463008601
2011-10-12,1.5441049547071846,1.1288239997893064,0.590292018809939,-0.09996711067710787,1.5987354548560195,-0.3027920229347749,-1.1510226792034424,1.6009762788273325,-0.9998290074257461,1.8829593211701696,-1.3475797624272972,1.6001580870580743,1.2318387542684621,0.46120684008407864,-0.23982528087326957,1.5289735229247088,-0.4560029446236343,-1.3767499335596074,1.2506018520766662,-1.2614442556986956,1.9737276543419093,-1.3373961870250373,0.5734263370471301
2011-10-13,1.136193083879561,0.9990047614456339,0.39970847839683293,-0.21770374911878507,1.5493465700107403,-0.37149830731363437,-1.2144996671354458,1.575758323824479,-1.045454853937711,1.8567064772017021,-1.2380304115262935,1.1565093741537362,1.121156364498794,0.27770193970518037,-0.36143112924486603,1.4905039297185712,-0.522796212653195,-1.4416999053763488,1.2349801164750303,-1.3091135440290729,1.9515331180635513,-1.2279975281247368,0.5688486827138561
2011-10-14,1.4811894434111097,0.8393604790158143,0.6719503171294778,0.07435843339143866,1.491124009196992,-0.1970342882247094,-1.0209303099300238,1.5445814071746296,-0.9168762229864948,1.4918461231067892,-2.011673348498898,1.531730596699459,0.9850454851111128,0.5398321918104486,-0.05977083087470767,1.4451536806303171,-0.3531898645022167,-1.2436387700788698,1.215666990223394,-1.1747762703013105,1.6430748658749272,-2.000576270731573,0.5770716480105531
2011-10-17,1.1515984200872518,0.6958803772108881,0.5114105734228229,-0.008641300196223368,1.4368534998933824,-0.24517137063148892,-1.0602216718262532,1.515970003372764,-0.9463016615316603,1.3982500340727988,-1.9889889256113604,1.1732643598974306,0.8627160002459865,0.38525520361993193,-0.1454982064065307,1.4028817317385753,-0.39998664701526415,-1.2838418882629774,1.1979431190635872,-1.2055195840475978,1.5639473703520639,-1.9779230516899884,0.5779182221682007
2011-10-18,0.24630011480779543,1.032584311406917,-0.13392766036831824,-0.4472287410511955,1.5108156769914707,-0.5085017969431921,-1.325250469792719,1.570358423725562,-1.1212322307644733,1.4783559845491143,-1.5234475229865787,0.18865357346255116,1.1497859026514181,-0.23611392430080114,-0.5984990609936655,1.460491756231277,-0.6559850597367067,-1.5550206810718945,1.2316350469953288,-1.388284757300202,1.6316701064523667,-1.5130220304530906,0.5806261512278301
2011-10-19,1.1439989664496018,0.8729400289770997,0.44511112689720955,0.1062344415407961,1.4525932339692196,-0.17602707498995315,-0.970560222250479,1.5392113549149729,-0.8829448044400224,1.1541948225026863,-2.155691902790475,1.1649991240309698,1.0136750232637388,0.3214182463281987,-0.026847273135943726,1.4151415988922291,-0.3327675634444849,-1.1920998442133626,1.212340410548007,-1.1393251675206457,1.3576195434080092,-2.1443967184720285,0.5851433410877429
2011-10-20,0.552880019611557,0.8801043699267633,0.07139294543205714,-0.1547344653003917,1.4397154012010176,-0.3341158252225461,-1.121979103188737,1.5369721508490108,-0.9865640053451974,1.4273941580839224,-1.1730109707492176,0.5220927055293902,1.019783257971866,-0.038419321548306955,-0.2963924693897963,1.405110900901753,-0.48645458585015117,-1.3470324011897157,1.2109532935564582,-1.2475851548332484,1.5885862368475483,-1.1630675256650471,0.5728345529855814
2011-10-21,0.0835715584050155,0.8553360337666389,-0.22238507033874538,-0.38056273709205696,1.418241147867807,-0.47229335205060474,-1.2550137917281978,1.5290632883762256,-1.0783706271206384,1.545394445531504,-0.7158444354419624,0.011668494665022441,0.9986660593825194,-0.32128585556628997,-0.5296421947174028,1.3883843481010145,-0.6207847809484054,-1.4831541604726672,1.2060540002376474,-1.3435035138033935,1.6883453967982835,-0.7065298515905921,0.5725914262254974
2011-10-24,0.5118620976975224,0.6956917513368216,0.07609314676229852,-0.11365417968490077,1.36001881100479,-0.30829638991266484,-1.0806813932720032,1.4979449964635674,-0.9620425174378054,1.3619782948739907,-1.0914208950103985,0.4774812353452777,0.8625551799948399,-0.03389369475494827,-0.2539621516081831,1.3430342734506642,-0.46135405132677004,-1.3047763776672847,1.18677719017993,-1.2219654246428007,1.5332827142677927,-1.0815896821909516,0.5732100333062731
2011-10-25,1.2881324741631792,0.5360474689070042,0.6707372925114289,0.37798889054743323,1.3017965071451678,0.00389480161839921,-0.7611008458591908,1.4668360658681312,-0.7437494194428467,0.8256944101037733,-2.323988192038261,1.3217600563710292,0.7264443006071604,0.5386642212647774,0.25383791337529005,1.2976842245070526,-0.15785532306751923,-0.9777799617397411,1.1675061791658903,-0.9938956478744031,1.0799005149781575,-2.312461505622092,0.600244539315402
2011-10-26,1.204550247509463,0.37640318647718674,0.6764941231864198,0.41275022672390205,1.2435742351646888,0.03238719026037872,-0.7226630868188766,1.4357363835319301,-0.7186434293308922,0.8995711041491432,-1.8310682500002973,1.2308552557792618,0.5903334212194808,0.544207232152405,0.28974162043045426,1.252334200394487,-0.13015625931270905,-0.9384502542709275,1.1482408971596363,-0.9676652374171962,1.1423569470540322,-1.8202196058695588,0.596555465457422
2011-10-28,2.4533101515340676,0.21675890404736936,1.7943174881291797,1.2122922108343863,1.1853519939773998,0.563528048215139,-0.20227229433134797,1.40464583782678,-0.3555828285030847,0.5380293403029515,-2.5194258558710687,2.5890180447733973,0.4542225418318014,1.6205124827548323,1.115559161795277,1.2069842002671056,0.38619583289472637,-0.40598379033028276,1.1289812750109935,-0.5883442650880092,0.8367042793482443,-2.507630332694723,0.638199659904792
2011-10-31,1.8268516503184054,0.19941696294624384,1.281432058728897,0.991401615269507,1.1526561259925805,0.42606138770753954,-0.31350812229667996,1.3880970270735522,-0.4334168184059469,0.8937838830708071,-1.2777879216762862,1.9076760009921887,0.4394370022707387,1.1266766067716245,0.8874093808391926,1.1815169975789324,0.25255671118378836,-0.5198008463490624,1.1187298035463493,-0.6696642008312339,1.1374643461484586,-1.267700349326797,0.6002106250042283
2011-11-01,0.9718400374757563,0.5457563847143887,0.43683163177660855,0.5985614516789596,1.1994538892536584,0.15875667887625977,-0.5363741367909995,1.4169166868318477,-0.5893534912204754,1.1487350664866145,-0.4555837013217907,0.9777574850483379,0.73472201057792,0.3134462676148209,0.481659208249292,1.2179683351875983,-0.007305326531424862,-0.7478384680431065,1.1365826827676127,-0.8325847992627861,1.3530037862307969,-0.44662712242806296,0.5628713862955078
2011-11-02,0.8414498539092671,0.3861121022845713,0.38963598710115993,0.5749475305930926,1.141231734293892,0.15184410662620995,-0.5326303729267292,1.3858528952567948,-0.5874667368186816,1.3043651128815377,0.005286277411232169,0.8359439188060388,0.5986111311902405,0.2680035601506116,0.4572692567012079,1.1726184022238657,-0.014025429288332903,-0.7440078301159673,1.1173396339670698,-0.8306135429143884,1.4845756919208424,0.013608900753528578,0.5574691838794986
2011-11-03,0.7886508695015024,0.22646781985475392,0.3965061433912454,0.5873272442380315,1.0830096061410515,0.16888146337264912,-0.506794024884172,1.3547978077108231,-0.5699277056440581,1.2637569499545263,-0.09713398519078806,0.7785192563963987,0.46250025180256094,0.2746185455940917,0.47005580811218584,1.1272684901403685,0.002537549571142511,-0.7175719494625064,1.0981019770407279,-0.8122889922919831,1.4502449601203729,-0.08867047635572403,0.5638800992859836
2011-11-04,0.8418404268826789,0.06682353742493653,0.49548676969921684,0.6567554011243951,1.0247875038819643,0.22562355101853712,-0.4451238592971347,1.323751319426917,-0.5266818146964775,1.039951266655497,-0.656458918875898,0.8363687095741962,0.3263893724148815,0.36992284065920844,0.5417656006694523,1.0819185982258253,0.05769974474662169,-0.6544707273140558,1.0788696470886923,-0.7671062504409653,1.2610363790139123,-0.6472260235259248,0.5817358598922108
2011-11-08,0.7695794261373998,-0.09282074500488087,0.48475073132420954,0.6550973928483107,0.9665654266345767,0.2344162616882051,-0.4274044518346503,1.292713326954755,-0.5143736567563696,1.0919149116596925,-0.43563792515620037,0.7577769786966954,0.19027849302720196,0.3595855594427962,0.5400531048339249,1.0365687257931941,0.06624763648279913,-0.636340140895391,1.0596425800267193,-0.7542468478322056,1.3049672005883894,-0.42670878292815123,0.5859636367777558
2011-11-09,0.05026050586360124,0.36795227636013705,-0.2255494551331364,0.27303549015082434,1.0256807275656914,-0.03853245028070842,-0.649051862793329,1.323916550911161,-0.6717613844307858,1.199429702985992,-0.1008341672259124,-0.024560913308574663,0.5831282724340019,-0.32433270901017375,0.1454354019426589,1.0826143408380084,-0.19910125615026858,-0.8631308813514589,1.0789720028332255,-0.918683489423221,1.3958617695508149,-0.09236556855846458,0.558943738887316
2011-11-11,-0.43740920489673457,0.4979681534867431,-0.5923707826087075,-0.01571670652257546,1.036166779238522,-0.23753020348050358,-0.8175770578402825,1.3298227958821875,-0.7912874235737726,1.2779243273931327,0.11615131607258032,-0.5549549885344004,0.6939783141687729,-0.6775295853477215,-0.1528061336607645,1.090782051922315,-0.3925582359144671,-1.0355667045577452,1.0826307371487331,-1.043562733502579,1.4622222671469187,0.12432143760316787,0.5582094225012295
2011-11-14,-0.5765528024189362,0.3834412838399822,-0.7147102559277347,-0.12921472574590048,0.9888105949246307,-0.31497142402170764,-0.8801532235877598,1.3046052565911828,-0.8375475262738782,1.3741023246997024,0.35043122233012375,-0.7062888485281206,0.5963340220971687,-0.7953251348225238,-0.27003406796250073,1.0538957534756637,-0.4678432298114232,-1.0995949506057794,1.0670092590676055,-1.091894684411718,1.5435325454910256,0.3582790771607429,0.5604968040629272
2011-11-15,-1.2453962650019745,0.8231819721455927,-1.076765799490911,-0.5563032611685116,1.0956871082411683,-0.603658026331734,-1.1413717737168025,1.362682706008063,-1.0179077915663493,1.4901621292610385,0.6054089177689707,-1.4337291672111707,0.9712518761965339,-1.1439332376480689,-0.7111581255818019,1.1371431481770757,-0.7484918164575939,-1.3668750787534094,1.1029864253011572,-1.2803327331680407,1.6416511929750717,0.61290603479289,0.5645766504995985
2011-11-16,-1.447280977837086,0.7819739316973051,-1.2227747719248434,-0.7483746352853878,1.0748771678577864,-0.7354993321884721,-1.261016681125769,1.3521968515384786,-1.1036780697802109,1.3306470302842626,0.12013724116783159,-1.6533008428837532,0.9361183747776824,-1.2845191554184971,-0.909541591481003,1.120934036679609,-0.8766622125002298,-1.4892963469546239,1.0964907659163043,-1.3699443992503577,1.5067948073035495,0.1283018798085406,0.5809730731023448
2011-11-17,-2.1714273843725733,1.253144929413496,-1.4426183823273522,-1.2517559953535828,1.2487209545799853,-1.0398368618279252,-1.5787675778470294,1.4521712011343906,-1.3122100789614857,1.6473151728081374,0.9197728575871514,-2.44088915347139,1.3378333492510994,-1.4961973503896062,-1.429465704788046,1.2563430417131936,-1.172525951493472,-1.814420655135371,1.1584217534272319,-1.5878159179556222,1.7745106626176703,0.9268375473018208,0.6049016470922597
2011-11-18,-2.175837286287991,1.1447004470268094,-1.4992168629541325,-1.3751596659249672,1.2114249895056308,-1.1279432000802376,-1.6649911331255605,1.4332891627775788,-1.3753449738863937,1.5917174468705084,0.6605032150444156,-2.445685403467351,1.245374830613687,-1.5506936543542695,-1.5569248224478047,1.2272927683746597,-1.2581791099955288,-1.9026450285300067,1.1467249203257102,-1.6537784313107282,1.727507536145009,0.6679245464081233,0.6086646058731728
2011-11-21,-3.0115785190872804,1.783149844780442,-1.6229209959721569,-2.0509589346177717,1.5367829238691333,-1.4549165815030458,-2.099428113249719,1.636008618328288,-1.632049748618977,1.9136446378920744,1.4036857203923843,-3.2912524612218865,1.7897094453593425,-1.669803177436513,-2.2549330591871506,1.480717955449916,-1.576048441765496,-2.347163121377137,1.2723032923849207,-1.9219802260829757,1.9996694675799433,1.4100847576238353,0.6519472617400416
2011-11-22,-2.409441778156608,1.6235055623506245,-1.384117439250281,-1.7938268314778654,1.478561036670043,-1.3197369853112968,-1.9578667119159867,1.605042641529957,-1.543500931229909,1.7166328129374715,0.7188449813273873,-2.699755803369931,1.653598565971663,-1.4398692450969872,-1.9893507565177,1.4353682310481768,-1.4446327047307994,-2.2023167868785087,1.253120836783934,-1.8294655785722393,1.8331128041772113,0.7261860599336534,0.6503785863143635
2011-11-23,-3.0115785190872804,1.90862253509927,-1.5586876329394495,-2.3444951658633335,1.6643732926147108,-1.5805072478063817,-2.319125880600798,1.7327046949541063,-1.7553192735505945,2.21920111394985,1.9180772556928678,-3.2912524612218865,1.8966860182656824,-1.6079555653144537,-2.558115848341609,1.5800996199284696,-1.6981422372930413,-2.5719589767340265,1.3322034921669068,-2.0507706152053546,2.2579913583852633,1.9237687151161276,0.678612939118764
2011-11-24,-2.256573730498447,1.7489782526694526,-1.2618365174249313,-1.9826657919817279,1.606151440184788,-1.392680030219206,-2.1156803268380178,1.701753687931904,-1.6282692664894776,1.8115553217796079,0.6260722896907676,-2.5334951048270304,1.7605751388780029,-1.3221300724005316,-2.184395581150248,1.534749922608851,-1.5155447674841946,-2.3637924676789877,1.3130303098747458,-1.9180304277463756,1.9133616743057207,0.6335409829510538,0.6696203556957997
2011-11-25,-2.434102852969872,1.6801440425106717,-1.3692110693119444,-2.187900661146226,1.5945262759746706,-1.5155271372745187,-2.262411823088674,1.701206371809647,-1.7255415796322127,1.9909315513318082,1.007865336326956,-2.7265774157872014,1.701887882848105,-1.4255165264696794,-2.396375137476256,1.5256949431429496,-1.6349713937729298,-2.513928869178019,1.31269126462895,-2.0196592696473754,2.0650089487516143,1.0148088493138856,0.6766804717195288
2011-11-28,-0.7397706017938921,1.5204997600808523,-0.6385110107815928,-1.3145264475568583,1.5363044559854946,-1.019837188701995,-1.7357897328647434,1.670269978678363,-1.3822620035833233,1.6015803010160259,-0.11936161786721253,-0.8838060324945008,1.5657770034604237,-0.7219560765125519,-1.494298998772648,1.480345271091817,-1.1530831372053678,-1.975086510199718,1.2935271351858408,-1.661005253566536,1.735845736547364,-0.11086753352977116,0.6147834335937004
2011-11-29,-1.1026448318941426,1.465715148596188,-0.8229605797224412,-1.5361425794021728,1.5243684803446556,-1.1536861554922562,-1.8829068544409795,1.6686438319024768,-1.480558841058772,1.6391832240813404,-0.004923300278689892,-1.2784713919592656,1.519068273698253,-0.8995548329426926,-1.723198159497634,1.4710481968845355,-1.2832052940812027,-2.125617485462317,1.2925197880405441,-1.7637045051048634,1.767635794841538,0.0034133669778403947,0.6255837606176965
2011-11-30,-0.7061822992596729,1.3060708661663707,-0.6520648418049052,-1.3373215662789533,1.466146690623738,-1.04785829190001,-1.7696224978971458,1.6377217055553281,-1.4106476526041214,1.5867776677342131,-0.13629907838586755,-0.8472750848716383,1.3829573943105735,-0.7350064921271122,-1.5178432394408132,1.4256985484097113,-1.180324037703909,-2.0097043647471153,1.2733644964246744,-1.6906622088026975,1.7233313749877923,-0.12778169550953575,0.6099118143761282
2011-12-01,0.38429948540427494,1.1464265837365533,-0.06566970438178632,-0.7132710688000575,1.4079249152681164,-0.6769805863708107,-1.3871322509971598,1.6068065851150648,-1.1583985519124962,1.327151885104044,-0.782483754292241,0.33874296169859197,1.246846514922894,-0.1703912003644879,-0.8732844073128655,1.380348911124188,-0.8197728273517082,-1.6183384293794163,1.2542135447493354,-1.4271156440547066,1.503839960712694,-0.7730775038796318,0.5925999139371626
2011-12-02,1.3915880057455685,0.9867823013067358,0.5567152135042895,-0.07687930124807855,1.3497031537884479,-0.2852116748126542,-0.988166604274298,1.5758983869925265,-0.891964292016661,1.1432684871952619,-1.150632947161541,1.4342792466957373,1.1107356355352145,0.4288771420456265,-0.21597873072694745,1.3349992846468104,-0.43891209311289386,-1.2101147824373812,1.2350668812336523,-1.148748610300393,1.3483822605573812,-1.1407202844518756,0.5918221298652991
2011-12-05,1.0999439759013818,0.8361643296287756,0.42921529037581213,-0.13945474737768954,1.2942024563102825,-0.32398146104232733,-1.0179485807273696,1.5465813103025123,-0.9146704202530249,1.327151885104044,-0.5272790934598268,1.1170845099892768,0.9823204848974941,0.30611281181388794,-0.2806106101023042,1.2917691274701393,-0.4766023967946939,-1.2405878498322287,1.2169058677568474,-1.1724716764243697,1.503839960712694,-0.5182238930590466,0.579698189169053
2011-12-07,1.1666390585688977,0.6765200471989562,0.5287494207028247,-0.014086069213288855,1.2359807211806102,-0.24261286703926582,-0.9310801281081755,1.515686710167933,-0.8577474666625445,1.5719247707455077,0.1716503317431658,1.1896226970306532,0.846209605509813,0.4019500526919185,-0.15112190829127256,1.2464195215170892,-0.3974993808541714,-1.151703614250282,1.197767627770058,-1.1129993182159645,1.7107745197590603,0.1797441108980142,0.5679119921646598
2011-12-08,-0.11053985962687149,1.4377961091634277,-0.3398841049589066,-0.6668969717350935,1.4927507968150586,-0.640909289717678,-1.3295130936227604,1.670760845956109,-1.1116158818737014,1.9090555408175578,1.0171334311015463,-0.19944887388607388,1.495264821729825,-0.43442074956528215,-0.8253863061721125,1.4464208049660023,-0.7847058781299888,-1.5593822191134148,1.2938312121352833,-1.378237721617489,1.9957897781402922,1.0240641952430212,0.5845179822538396
2011-12-09,-0.8423619181444818,1.558210163704325,-0.6813476444028432,-1.077205954138467,1.5592358860915765,-0.8759345814395914,-1.585402131896677,1.7177776684721722,-1.2747295958002214,2.0520889439503422,1.2550326512957832,-0.995385294362402,1.5979284599431305,-0.7632016749949609,-1.249179379934495,1.4982068363119976,-1.013187267359904,-1.8212091640514343,1.3229566654121994,-1.5486567988342352,2.1167122983312705,1.2616361701440455,0.612026111178566
2011-12-12,-1.738551217280346,1.8288081372376086,-1.014191570095983,-1.6237138569212262,1.714183169496875,-1.1582870378267507,-1.9321766883750624,1.8250325575104998,-1.482576134187181,2.0134055207581683,0.9957731270587906,-1.9700890417026775,1.8286371804657775,-1.0836831357425585,-1.8136473148042402,1.6188971288681315,-1.287678072222512,-2.176030626187617,1.3893977197463023,-1.7658121466093295,2.0840087695082214,1.0027332736377272,0.6744133856710974
2011-12-13,-1.1688865877574495,1.6691638548077912,-0.8099686932876878,-1.3692333677243447,1.6559614818915604,-1.0273859189777708,-1.7855708266013244,1.7941641948503255,-1.393220396338613,1.8365239173553256,0.41539917146333316,-1.3505165365873277,1.692526301078098,-0.8870454902115433,-1.5508037667600565,1.573547559932372,-1.160421685187565,-2.0260227745142916,1.3702757330555462,-1.6724544391449871,1.9344704883066166,0.42315765880655093,0.6496602166581203
2011-12-14,-1.3936068119228493,1.5720766942061986,-0.9356048611196434,-1.541107337028718,1.626608878492695,-1.1322690930858927,-1.9018538704947838,1.7819234568431104,-1.471206431188454,1.9410785714724181,0.6324396829275509,-1.5949243249958296,1.6097509043923754,-1.0080152886107978,-1.7283260752520362,1.550684466023027,-1.2623845554450408,-2.145004167137008,1.362692978121771,-1.7539332294623362,2.022862514201419,0.6398996174392163,0.6530633434114707
2011-12-15,-1.3892545619578025,1.426825470020224,-0.9735311234443939,-1.591216248203104,1.574512067211581,-1.1738699262590546,-1.9442997323303517,1.7549518903769477,-1.5042129074632595,1.9441161924002677,0.5608484485368914,-1.590190777792819,1.4859113809519957,-1.0445328964512317,-1.7800817286747104,1.5101056365232366,-1.302827080106482,-2.188434985450419,1.3459849349815294,-1.7884179646420078,2.0254305631321956,0.5684068612800974,0.6478068604678091
2011-12-16,-2.165886733056917,1.7023702571885655,-1.2412274335073974,-2.091951928370539,1.708571321354728,-1.422549941154575,-2.2689350796637973,1.847529900398636,-1.6950582189493777,2.075725199829844,0.8284936342283387,-2.4348630899987693,1.72083769789455,-1.3022864495830004,-2.297273216410734,1.6145259932201144,-1.544582998632364,-2.5206034979609964,1.403334121103908,-1.987810652673488,2.1366947329670096,0.8356838842377743,0.7017341425475079
2011-12-19,-2.2850595924485297,1.6113601775902227,-1.332863038064985,-2.2528358589518835,1.6820026480489019,-1.5221627033237184,-2.388017569080756,1.8373257082773045,-1.7742803432406027,2.2049204157925337,1.055297483729268,-2.5644765910105143,1.6432435505894694,-1.390518531162821,-2.463444317663918,1.5938313357621905,-1.6414222031225973,-2.6424492972573335,1.3970129427478637,-2.0705808930895877,2.2459182483742666,1.0621757508235388,0.7049116826906651
2011-12-20,-2.7053474669817965,1.6787124182208724,-1.490331833751125,-2.5917077230838546,1.7269693577158498,-1.6957243244755276,-2.6203026304661137,1.873798316966345,-1.914028886384877,2.1977625448444003,0.9028015677284265,-3.0215855596896297,1.700667296441429,-1.542138632261452,-2.81345261646078,1.6288564438229434,-1.8101512791604348,-2.880124534881875,1.419606584840478,-2.2165883451408637,2.239866880125365,0.9098896025163646,0.7363597998355635
2011-12-21,-0.848852420774148,1.519068135791055,-0.6906330068298142,-1.6309425279901733,1.6687477301150182,-1.1734831769308014,-2.045285358231231,1.8429670296187957,-1.5519955376481462,1.745326476793908,-0.3727274699715921,-1.0024444248846673,1.5645564170537496,-0.7721421611641752,-1.8211135435803742,1.5835069216253934,-1.3024510991932976,-2.291763983404515,1.400507565148081,-1.838340632375303,1.8573708451035817,-0.36388486501901707,0.6659691442162246
2011-12-22,-0.342323796257349,1.3594238533612375,-0.4588270205292944,-1.346056519396909,1.6105261113570144,-1.023294323930526,-1.878727883583389,1.81214166720578,-1.4504324855178534,1.6342967883168233,-0.6069457142496537,-0.45153922112057854,1.42844553766607,-0.5489458959929784,-1.5268652516067316,1.5381574063156278,-1.156444014045402,-2.1213415415609735,1.3814122157675999,-1.7322288824389491,1.7635047309469862,-0.5977809274170292,0.6488824417297537
2011-12-23,-0.5044917341414163,1.2238742979639885,-0.5549999037166776,-1.420448107547328,1.5609409407072006,-1.0770414765799448,-1.9324070609814694,1.7866809522587552,-1.4901964171909952,1.72302546874874,-0.29817942674713027,-0.6279145660465419,1.3128775454716775,-0.6415467329288345,-1.6037015899673128,1.4995349237483266,-1.2086946633883744,-2.1762663445917334,1.3656400979616146,-1.773773718732109,1.8385172484152785,-0.289439367302033,0.6449060423293145
2011-12-26,0.19518414645087703,1.064230015534171,-0.16610896401681294,-1.0049468919470217,1.5027193387414495,-0.841826524771202,-1.6812171359436987,1.7558672297002904,-1.3316488014096541,1.5950075365031058,-0.5856469471578214,0.13305937483235522,1.176766666083998,-0.26709995230342704,-1.1745456492910002,1.4541854215182475,-0.9800288948527138,-1.9192475558406183,1.346551959107531,-1.6081252412010094,1.7302890257922807,-0.5765114581147245,0.6292563636478508
2011-12-27,-0.12016837161451706,0.9666356863579167,-0.3502541690188591,-1.1394152330531644,1.4631019279501714,-0.9289560075364678,-1.7674247896814481,1.736136605117812,-1.3916164081438627,1.5437309452413228,-0.6389509707199464,-0.20992093232809966,1.0935588633036486,-0.44440564945810374,-1.3134330586460246,1.4233269463411835,-1.064732396842818,-2.007455658699124,1.334329453339409,-1.6707786132353455,1.6869390494484942,-0.6297421586503774,0.6331806237814083
2011-12-28,-0.5578573480154665,0.9684724389910492,-0.6148374944965583,-1.363870050548446,1.452062028042826,-1.0669046590524704,-1.9116226258476043,1.7331226957892292,-1.487043942281483,1.6179691323286909,-0.3632304025919557,-0.6859554998897669,1.095124857477121,-0.6991618402522377,-1.5452641934896325,1.4147278362417652,-1.1988400892951832,-2.154999606516236,1.3324624306306645,-1.7704800541339867,1.7497010930019155,-0.35440086145100963,0.6393696146918376
2011-12-29,-1.093054658623808,1.0865423338979174,-0.9074851015822197,-1.6700344178959987,1.479045022776929,-1.245176536601111,-2.1098619614524665,1.7525836616806043,-1.6132335435672456,1.598295153313497,-0.3642203504473977,-1.268041031059787,1.1957898921428611,-0.9809399511424699,-1.8614901204842735,1.4357452136163733,-1.3721482721912328,-2.357839087089854,1.3445178912607243,-1.9023213008801467,1.733068424879679,-0.3553894475711086,0.6575916167657544
2011-12-30,-1.183102849408764,0.9654370180772484,-0.9937210000857607,-1.7479159760649805,1.4326732982598844,-1.3051737212264394,-2.1698579568028573,1.728745715953862,-1.6579804707158554,1.678079432601354,-0.10982987001816907,-1.3659782738766115,1.0925368925115058,-1.0639728821588401,-1.9419311206605476,1.3996257226817992,-1.430474931388825,-2.4192272898713005,1.3297510283098157,-1.949072305742842,1.8005192154768384,-0.10134889719751679,0.6558561172510513
2012-01-02,-0.9126794962279035,0.8057927356474309,-0.8666348962998832,-1.6209710663439294,1.3744517335182727,-1.243249926460055,-2.103051047948813,1.697959907298128,-1.620744106483963,1.745326476793908,0.0794540173701942,-1.0718633408285794,0.9564260131238262,-0.9416070012216952,-1.810814387183133,1.3542762494460476,-1.3702753054211125,-2.3508701262975995,1.3106801812467603,-1.9101682388894294,1.8573708451035817,0.08767461833599874,0.6434449546615622
2012-01-03,0.4812755633966733,0.6461484532176136,0.06343387236275932,-0.82686050884713,1.316230175478259,-0.7578752310029266,-1.6183085289755765,1.667179484706301,-1.3045127969021095,1.5220476743442275,-0.5013779329581105,0.44421503853849137,0.8203151337361467,-0.04608277930296953,-0.9906067668247807,1.3089267814302508,-0.8984150902817573,-1.8548791542714254,1.2916126706820958,-1.57977389822559,1.668607696733448,-0.49235836122755455,0.6202136728563844
2012-01-04,0.2553640697720935,0.5138979773673272,-0.08028874257716714,-0.8940897695250724,1.2643193193209568,-0.8074056569058652,-1.6594542230762255,1.6398712592397529,-1.3364604068300592,1.5636513164909782,-0.3272202682928228,0.19851161447904572,0.7075598988260897,-0.18446725930359545,-1.060045400272654,1.268492794600831,-0.9465664208749047,-1.8969796344498502,1.2746960778045209,-1.6131523436802402,1.7037800211508316,-0.3184402613493731,0.620127016697706
2012-01-05,0.21622114274888982,0.35425369493750986,-0.09399004745050529,-0.8677276059487019,1.2060977740070646,-0.7983198765448395,-1.6431993953729394,1.609101418402266,-1.3306377674824947,1.480044528851231,-0.49695054295639673,0.1559394060313754,0.5714490194384102,-0.19765967130514062,-1.0328168900226065,1.2231433364975628,-0.9377336195031217,-1.8803476133724586,1.2556351223062163,-1.607068926163152,1.6330976263742447,-0.48793706137837717,0.62420724210511
2012-01-06,0.22020941945073105,0.19460941250769243,-0.074404284423982,-0.8202014073923705,1.1478762347329867,-0.7747337321418357,-1.6133863153562704,1.578336774795438,-1.315526165843678,1.4034072450773356,-0.6268226118384437,0.16027709255637956,0.43533814005073074,-0.17880136126831173,-0.9837288255779723,1.1777938830987777,-0.9148041934813808,-1.8498427206556343,1.2365773863300025,-1.5912805222051973,1.5683073515743964,-0.6176304830869415,0.6290668379946688
2012-01-07,0.11143929673876443,0.04364249743526825,-0.15602660313640557,-0.8393497703051037,1.0911376789876939,-0.7949927956573102,-1.6244653576521892,1.5483385567461194,-1.327959521083885,1.4359291343729264,-0.4597338526299099,0.041977703902395164,0.30662548428752684,-0.2573920697395243,-1.003506466147213,1.1335995433103223,-0.934499175849447,-1.8611788521943147,1.2179944270522318,-1.6042707293173877,1.5958018299889525,-0.45077156494285114,0.6321553532319163
2012-01-09,0.047361161349570614,-0.11277858583925118,-0.20646141942275528,-0.8401032657560046,1.0334148820543663,-0.8033283921748321,-1.6243589259573397,1.5178344003949613,-1.332922749151951,1.4410421378309815,-0.3846175219555356,-0.02771426714283831,0.17326266743482788,-0.3059536397376131,-1.004284723916109,1.0886385662868079,-0.9426026810442706,-1.8610699507513493,1.1990980547962407,-1.6094562451579326,1.600124437508255,-0.37575856149097264,0.6373684612640049
2012-01-10,1.0779581923500838,-0.27242286826906653,0.8695332075117326,-0.21116419867857397,0.9751933596930851,-0.3720903144434841,-1.232000536756377,1.487084982930036,-1.067433622670464,1.1450914394868332,-1.0918827306844598,1.0931725690228697,0.03715178804715011,0.7300764728096335,-0.3546766678488525,1.0432891260616024,-0.5233717362935278,-1.4596068827815398,1.1800497509394436,-1.3320766744466865,1.3499234109492244,-1.082050882581087,0.649460611434155
2012-01-11,1.0396806948594943,-0.43206715069888396,0.9123924402499333,-0.14584504692611633,0.916971842589762,-0.3261662645406975,-1.1819824985478273,1.4563405214498923,-1.0362812024242207,1.2424194736906342,-0.6982720127290468,1.051541609716772,-0.0989590913405294,0.7713438310342301,-0.287210915735457,0.9979396899318839,-0.4787263679419892,-1.408428175697108,1.1610045171604502,-1.299529032782267,1.4322059472196609,-0.6889816008468762,0.6517029189704977
2012-01-12,0.6080918315858339,-0.36923705405160684,0.4128410980163468,-0.3135863847711771,0.8863555500509013,-0.44629946385544933,-1.27630870193774,1.4386021334182109,-1.1038758781821454,1.1505557424589197,-0.8411606844684094,0.5821415814540021,-0.04539087344689241,0.2903467885193497,-0.4604647810200502,0.9740922934348831,-0.5955146509006849,-1.5049432192010272,1.1500161397206936,-1.3701510668843166,1.354543012189211,-0.8316737202594092,0.6482666847566846
2012-01-13,0.8570559817406802,-0.5288813364814242,0.7537792032781585,-0.11354650455759784,0.8281340429322818,-0.30212585757836513,-1.1440781013023424,1.4078674091333774,-1.015053413672631,1.049275878927477,-0.9897183067932048,0.8529172873716053,-0.1815017528345719,0.6186217954051841,-0.2538509379250212,0.9287428650823695,-0.4553553275736811,-1.3696442066867636,1.130976937830115,-1.277350516437359,1.2689195419047845,-0.9800269922604125,0.6610063538270877
2012-01-16,0.8132740233316759,-0.6885256189112416,0.7764907220409784,-0.07131704856869907,0.7699125405523947,-0.2700445847206849,-1.107411456419955,1.3771374674669745,-0.9924671852465092,1.157830877541911,-0.5805195403317847,0.8052996256027126,-0.3176126322222514,0.6404897645854761,-0.21023368428358225,0.8833934404209111,-0.4241673063310152,-1.3321267120905078,1.1119406986223,-1.253752720068623,1.360693517243953,-0.5713911043582557,0.6651306914784524
2012-01-17,1.5907929560590026,-0.8481699013410591,1.889605056511138,0.4422154605742523,0.7116910427498225,0.1191734313762648,-0.7769114094493108,1.3464122520232695,-0.7614467449109645,0.8841214670359545,-1.2053447192634723,1.650936387934155,-0.4537235116099309,1.712260887183551,0.32017517796415507,0.8380440193247781,-0.04578644195848926,-0.993957409552563,1.0929073871618527,-1.012385582306524,1.1292955990412992,-1.195356797080955,0.6951840782270658
2012-01-18,1.2669112222432808,-0.958504966767943,1.5459842224192406,0.3582191232058809,0.6579620012655792,0.06216215403592254,-0.8113051279267011,1.3176336926325034,-0.7875813931500574,0.8976428810805303,-1.0121299166585145,1.2986796270582472,-0.5477939196068626,1.3814027931872486,0.23341844700102732,0.7961938261946917,-0.10121033167290365,-1.029149234472995,1.0750799683347647,-1.0396907213354645,1.1407267992155543,-1.0024077735511863,0.6979867094379478
2012-01-19,1.6836258707251563,-1.1181492491977603,2.3032569405358934,0.6820335355370568,0.5997405121551902,0.32215964934438773,-0.5933018428786742,1.2869177631656148,-0.6332895608999046,0.7003969324273648,-1.3848455435213052,1.7519023221278218,-0.6839047989945422,2.1105489429357482,0.5678744570219777,0.7508444118690042,0.15154795016624942,-0.8060871818911379,1.0560524092469665,-0.8784886308355989,0.9739722042314817,-1.374610706700656,0.727314582256868
2012-01-20,1.7385233823711235,-1.2777935316275777,2.579541450925067,0.8163738853722989,0.5415190271701046,0.4405553373337666,-0.4888919963465336,1.2562063947907305,-0.5590392167905623,0.7565282576283338,-1.0590392678809795,1.8116093621165559,-0.8200156783822217,2.37657171408011,0.706629668895504,0.7054950007565648,0.2666471000171193,-0.699254504245546,1.0370276756132282,-0.8009128413968261,1.0214264432854134,-1.0492525980199165,0.7391455871639296
2012-01-23,1.4825437730377646,-1.4344895932282813,2.3443762366037846,0.7700724888466945,0.4834983935032132,0.41678347193174253,-0.4952415486749487,1.2255806233225388,-0.5641994724715904,0.7922359984560987,-0.8278240531665497,1.5332035780924609,-0.953612938593742,2.150140989091639,0.6588066574709424,0.6603020351384924,0.24353712409985667,-0.7057513979737308,1.0180559665901103,-0.8063042091132121,1.0516142869404452,-0.8183554343300872,0.7473635987582395
2012-01-24,2.03066836556012,-1.5941338756580987,3.0778808574110244,1.1722015063339457,0.4252769163519597,0.7608829775741378,-0.22357044743877105,1.1948782166203917,-0.36670274886181864,0.6476220356490202,-1.0893218627124528,2.12934894030115,-1.0897238179814215,3.1899221560342315,1.0741509459916119,0.6149526301279185,0.5780557306144558,-0.4277761672079882,0.9990367844327719,-0.5999622125961681,0.9293555386031616,-1.0794935372435372,0.7547657837781452
2012-01-25,2.0415008536482606,-1.7537781580879162,3.0778808574110244,1.2903430067517196,0.3670554429186346,0.8790786213833546,-0.12319479530745495,1.1641802117868043,-0.2925166327465581,0.5651657964527487,-1.157445717595526,2.141130454254408,-1.225834697369101,3.1899221560342315,1.1961749614242718,0.5696032280132836,0.6929604061946804,-0.325071297468428,0.9800203290955417,-0.5224535277264678,0.8596458342215431,-1.1475236834929805,0.7746571649820879
2012-01-27,2.1889177294888293,-1.9134224405177334,3.0778808574110244,1.4844372615804275,0.30883397307659777,1.0657534104747461,0.025732064021950107,1.1334865570216162,-0.18164693144840022,0.7044302881398937,-0.6477210846207412,2.301462408052057,-1.3619455767567805,3.1899221560342315,1.396647786492995,0.5242538286959461,0.8744375350318142,-0.17268858947727048,0.961006568489838,-0.4066183123316424,0.9773820618374907,-0.6385002087096319,0.7838243926888853
2012-01-30,0.8245774989372778,0.7583646097480163,0.2725754628553265,0.8067656449506964,0.7293848412198274,0.39068072730008924,-0.36499773733785323,1.299186230439841,-0.4697032971086186,1.0455484189999014,0.31406245023937296,0.8175933899239035,0.9159893383765371,0.15529088940543095,0.6967056703569688,0.8518259306099755,0.21816116854861084,-0.572485278215323,1.0636523415957075,-0.7075758396940469,1.265768293046258,0.32196033259625684,0.5469806476959358
2012-01-31,1.7314908303467067,0.598720327318199,0.9588568792015929,1.3662321954442456,0.6711633781975329,0.8312759438661571,0.003594839775097205,1.2685011228984273,-0.20472580750641145,0.8937838830708071,-0.11360334217027056,1.8039606936732102,0.7798784589888575,0.8160824911646061,1.2745581163651045,0.8064765366046169,0.6464887176031305,-0.19533950814521625,1.044643875728214,-0.43073082050969613,1.1374643461484586,-0.10511717870208342,0.5652717692360576
2012-02-01,1.8265348027537556,0.4390760448883816,1.122943023298017,1.5041262867415002,0.6129419184118813,0.9590900184414947,0.11766111777881616,1.2378202137366026,-0.12071499760685611,0.9379581338416787,0.01695439747691972,1.9073313946585742,0.643767579601178,0.9740741595988502,1.4169838572353919,0.7611271451203181,0.7707440141635657,-0.07862632147797455,1.025638010625766,-0.34295742393457246,1.1748099004998651,0.025260970588496513,0.5698465009990527
2012-02-02,1.8869424668513877,0.2794317624585642,1.2757539652810004,1.6243790208022986,0.5547204617526267,1.0770494867605054,0.2223420589061405,1.207143453602871,-0.042555834318325124,1.0882236253981763,0.40288685140110414,1.973031327274159,0.5076567002134985,1.1212094086587139,1.541188488334243,0.7157777560712074,0.8854190901815092,0.028483741514504342,1.0066347157166533,-0.26129775128641736,1.3018465334734883,0.41066255022506654,0.5694666763723302
2012-02-03,2.129820390054153,0.1197874800287468,1.6025306843947102,1.85082760193461,0.49649900811326886,1.2842624578157866,0.39432940622736273,1.176470793738817,0.0857553585698541,1.1614639126015192,0.5411810639096147,2.2371875966250943,0.37154582082581905,1.4358490105735753,1.7750789083905294,0.6704283693743304,1.0868625482293675,0.20446205625929761,0.9876339607965601,-0.1272398933528164,1.3637649379451868,0.5487665303734837,0.5794031003889544
2012-02-06,2.159829279889428,-0.0398568024010706,1.7686149877752484,1.9644064413369149,0.43827755739094193,1.4057935847158238,0.49896013177268234,1.1458021859716783,0.16598172201802325,1.256656016641316,0.717910886415254,2.269825541983477,0.23543494143813953,1.5957646228047377,1.8923903188859168,0.6250789849495635,1.2050098357206764,0.31152073841689093,0.9686357160239641,-0.043420436986006304,1.4442417277764963,0.7252532499276376,0.5863192282685319
2012-02-07,1.638392160407335,-0.09070067258564757,1.3159343763195315,1.7567497396568388,0.4040733741386814,1.2517894728070438,0.4051992971886541,1.1246852290793592,0.09923498844446471,1.3078785058096347,0.7589183612603984,1.702705721593317,0.19208604239229912,1.159897441784904,1.6779093407292123,0.5984369374567982,1.0552937214325533,0.21558418310537916,0.9555544206831792,-0.11315655217226264,1.487545965423265,0.7662043164200407,0.577112154062036
2012-02-08,1.7069690592123277,-0.25034495501546494,1.5037195289649956,1.8590159102640857,0.34585192895569794,1.3658200776550318,0.500659128865035,1.0940245832938644,0.1734861761158725,1.1940261520081317,0.3709650393336208,1.7772905892219002,0.055975163004619626,1.3407078919116473,1.7835363112373706,0.5530875573466923,1.1661493268846819,0.31325916074693666,0.9365611081095699,-0.03557988139086472,1.391293528930708,0.37878464861151984,0.5970425320820452
2012-02-09,1.862219874854714,-0.4099892374452824,1.8053688513664468,2.0131799646454955,0.2876304864016877,1.527827881311908,0.6293951753176629,1.0633678485281703,0.2734658264207815,1.015613835378342,-0.13245632379083427,1.9461428082008363,-0.08013571638305989,1.631153377060342,1.9427666992422314,0.5077381792843252,1.3236462829544493,0.44498252792771176,0.9175702182905913,0.06887755100559893,1.240461160494667,-0.12394422686438143,0.6237331933195586
2012-02-10,1.3444042272667538,-0.3783521749398785,1.2145869457392993,1.7836315839217034,0.2640380023924163,1.3428994971770287,0.5215924584219698,1.0457294686707275,0.1950785761339598,1.1139974522591929,0.1396662612738962,1.382961734043757,-0.05316232069789613,1.0623142501201328,1.7056746100700841,0.48936171127128536,1.1438669332273788,0.33467824834148185,0.9066437927916555,-0.013020423958395496,1.323636101719353,0.14780403652301635,0.6070301881018644
2012-02-13,1.236340445932276,-0.5379964573696959,1.1990644570446076,1.7605435225252384,0.2058165648307444,1.3521077302001094,0.5383972787991018,1.0150804187873645,0.21161611766981783,1.0919149116596925,0.06739522800219752,1.2654305687865524,-0.18927320008557563,1.0473682965746287,1.6818277996758548,0.4440123370975102,1.152818777763139,0.35187302467600673,0.8876576635172925,0.004257783373969835,1.3049672005883894,0.07563241658884125,0.6225751455567877
2012-02-14,1.2920277556517983,-0.6976407397995134,1.3774833306524725,1.8250441471970107,0.14759512963843568,1.4393838821367688,0.6088967453828832,0.9844351438596626,0.2690763750167084,0.9034250021608367,-0.42259259243515435,1.3259966004444332,-0.32538407947325515,1.2191603493204122,1.7484481252391182,0.3986629647692604,1.2376648651566764,0.4240084318036556,0.8686738727100746,0.06429150952715602,1.145615088508587,-0.4136813948801809,0.6501109821538571
2012-02-15,2.1105430872590607,-0.8572850222293307,2.5925935936559936,2.3336608679442765,0.08937369673477849,1.9329514812733484,0.9556326145799943,0.953793599614714,0.5380656261862177,0.7843260976382296,-0.6710648721861942,2.216221424309594,-0.4614949588609346,2.3891390750724506,2.2737796502519494,0.35331359422366865,1.7174898657061177,0.7787903089199697,0.8496923929443184,0.3453279647830392,1.0449271416973898,-0.6618118854316768,0.6900302559813918
2012-02-16,1.7432717650904155,-0.9863945720115422,2.2416734071981606,2.1990826468475477,0.03511779945433161,1.8456754405591742,0.9098214457213485,0.9245264460742754,0.5084983293272396,1.0212421963869118,0.026313677335508497,1.8167737469566365,-0.5715722763240872,2.051252740726336,2.134778749891482,0.3110530268115603,1.6326438864382538,0.7319160916138755,0.8315623052996429,0.3144364393238705,1.2452194587857948,0.03460737617083049,0.683801912561425
2012-02-17,1.8675166349759702,-1.1460388544413596,2.61364324617329,2.3264154400163384,-0.023103629103244497,2.003649870858569,1.0242530279230742,0.8938922324884124,0.602548270586169,1.1777753322253528,0.4271200242626626,1.9519036133610064,-0.7076831557117668,2.4094069029227687,2.266296113931787,0.26570365965118303,1.7862197719660018,0.8490030593652245,0.8125853666482638,0.4126985891812163,1.377554849431635,0.4348623888379794,0.6990187802135331
2012-02-21,1.9771461641783417,-1.305683136871177,3.002095229347622,2.45026170555131,-0.08132505559817185,2.163143116327237,1.1378716970470877,0.8632616199186562,0.6970335766815181,1.5370706105547198,1.2964162905706456,2.071137700440305,-0.8437940350994462,2.783431030714075,2.3942123716691324,0.2203542940974276,1.941272183689363,0.965258250386029,0.7936106587139077,0.511415602531577,1.681308305594405,1.3029628836284086,0.7094481748816724
2012-02-22,0.8513002255537894,0.4034613186228134,0.39192238202752505,1.8620332847386751,0.2597008896658526,1.4128320872145073,0.8109416538092125,0.9742278606103568,0.4241452377868418,1.6277730377260407,1.3638589140533064,0.8466572738571068,0.613402873534808,0.2702050339624634,1.7866528464781744,0.48598348228711713,1.2118523624003166,0.6307417935388312,0.862350779496782,0.2263054313623316,1.7579894572748462,1.370312735553943,0.50726524219541
2012-02-23,0.5434881239005585,0.2936632153080297,0.17723664081971477,1.6835034465133614,0.21903725959207065,1.2780596863602514,0.7295943105714768,0.9502859090571303,0.3660614018096435,1.2048265870269619,0.10432918923449808,0.5118779931321698,0.5197902732599158,0.06349313498254515,1.6022559355048096,0.4543100943958176,1.080832483001693,0.5475067847145714,0.8475194881843279,0.16562019840330444,1.4004243738454683,0.1125155728417766,0.5367888391641116
2012-02-24,-0.0009159070343839858,0.4325404791311391,-0.26720240529801254,1.3508315681677163,0.26733335036294714,0.9680738431152033,0.5498050959733904,0.9604018318119588,0.22738486744673206,1.2920459666490458,0.3171478319946723,-0.08022085197911799,0.6381954313915774,-0.3644385883212875,1.25865137424808,0.4919284972251721,0.7794776986407056,0.36354556031607654,0.8537859864243565,0.02073276712091633,1.4741609064483105,0.3250414702155041,0.5239652539330748
2012-02-27,-1.3092820295563186,1.5564815671351033,-0.9002957229643357,0.5458534427020849,0.8865628283829905,0.17001116803467853,0.07212963687905734,1.231134127003999,-0.15324811922473985,1.7214281804489706,1.3805528842389838,-1.5032119139621756,1.5964546783860196,-0.974017599903736,0.4272190421935431,0.9742537450072541,0.0036357994178245483,-0.1252143606644223,1.0214961886923652,-0.37694760435310876,1.8371668776455892,1.3869837421369493,0.4903642789883853
2012-02-28,-0.3173149960328276,1.3968372847052861,-0.44403467287097964,1.0034032433084785,0.8283414111940481,0.5128368734287175,0.3660734668927918,1.2005208966024523,0.0626633905190225,1.4699034718507065,0.5588033848656985,-0.42433941933893526,1.46034379899834,-0.5347029646384384,0.8998054215180884,0.9289043867020417,0.3369160726100244,0.17555043768341566,1.0025322484683932,-0.15136607987392095,1.6245242292303246,0.5663646107222059,0.4698653923752692
2012-02-29,-0.20058699083660989,1.2371930022754687,-0.390149519053305,1.0125050159230276,0.7701199956804925,0.5345679072246255,0.3881404457898016,1.1699110214931805,0.08190828429749042,1.6489397499708447,0.9484318930766058,-0.297384964299119,1.3242329196106606,-0.4828192092953457,0.9092063080656171,0.883555029701808,0.35804204060569933,0.198129480957755,0.9835703867432045,-0.13125926629024978,1.7758841037891488,0.9554571604910916,0.4611557273061995
2012-03-01,-0.5818933410756072,1.182746929492642,-0.6018729613011183,0.7413941298880128,0.769011738816729,0.3335216862125253,0.23638796921199623,1.1668395621548582,-0.029013544360933317,1.7675143632974362,1.1324528096463968,-0.7120972676271792,1.2778128240526878,-0.6866788348083714,0.6291858341041937,0.8826917951734228,0.16259362933164434,0.042855587253042636,0.9816677136006353,-0.24714894367003276,1.8761288071946272,1.1392249447523743,0.46806226989231375
2012-03-02,-0.34347824244043024,1.0231026470628246,-0.48135698100159796,0.8100996965918394,0.7107903264846903,0.39727620969968963,0.29137486238462657,1.13623628031297,0.014071545841374617,1.7943063610647416,1.0570990127851954,-0.4527948074368144,1.1417019446650083,-0.5706390503076112,0.7001492898088421,0.8373424406513107,0.2245730103136461,0.09911845161072465,0.9627099361986919,-0.20213420433680124,1.898779151939386,1.0639748017632973,0.46550918767142896
2012-03-03,-0.3076305716009431,0.8634583646330073,-0.4702649347867562,0.7769448840972386,0.6525689156625986,0.38474006331376465,0.2840216273469667,1.1056362373758177,0.011411343078779229,1.8505063713297432,1.066973216297552,-0.41380655000687183,1.0055910652773288,-0.5599589840687289,0.6659049020433091,0.7919930873053144,0.21238591282783678,0.09159458471002223,0.9437541651970857,-0.20491354942739964,1.9462914583458408,1.0738354226896285,0.4693051244360764
2012-03-05,-0.975027634109506,1.0968233490625354,-0.8373815681090042,0.34000861742868965,0.7757108255172389,0.034683957110718186,0.025757575384138594,1.1607873544727436,-0.18309141782557306,1.9607855053377228,1.2143592898706517,-1.1396737506287005,1.204555367446804,-0.9134401980246163,0.21460948461156523,0.8879097939403233,-0.12792344225349786,-0.17266248612376978,0.9779185599438268,-0.40812749282618294,2.0395230428334434,1.2210187574776978,0.4784881024662641
2012-03-06,-1.3763481973863705,1.1308765939605327,-1.055888316690059,0.022099844825688855,0.8128858253026042,-0.20250761938222506,-0.16493705993383864,1.1768439794631127,-0.3234698195271254,1.7150331881398628,0.42893787420906804,-1.5761536966488636,1.2335887724552674,-1.1238311847990756,-0.11374680709886534,0.9168658459682515,-0.3585107995276447,-0.3677821915952065,0.9878651376986757,-0.5547930128689504,1.8317604580982523,0.43667773821780775,0.5027386429585345
2012-03-07,-1.224781141359821,0.9714668396991781,-1.0171232514437507,0.005363091520817186,0.7547743745085173,-0.2125244080095543,-0.1734614130283716,1.1463069994573136,-0.3289246958527896,1.5503811539875916,-0.04667329023993448,-1.4113079686036167,1.0976778490870882,-1.0865059287943544,-0.13103358470321536,0.871602141803433,-0.36824868673300376,-0.3765043523542984,0.9689484322136728,-0.5604921963856102,1.6925612326852892,-0.03827919325456637,0.5085566862201668
2012-03-09,-0.06825776564576817,0.8118225572693607,-0.318775478947671,0.5830407025950299,0.6965529692290933,0.22812563015527337,0.1861148301070046,1.1157195378603835,-0.061972639707457894,1.4051249650916782,-0.41093885188934015,-0.15346247850229325,0.9615669696994086,-0.4140961386102596,0.4656283967305063,0.8262527927746869,0.0601321575007397,-0.008584140345659175,0.950000454959436,-0.2815841758748722,1.5697595370679063,-0.4020436847851552,0.48824395295229556
2012-03-12,0.16000580240762,0.6521782748395434,-0.16038505877794162,0.6897940241940362,0.6383315652193761,0.3205458123922429,0.26188360713954395,1.0851351302407781,-0.0032121476946944606,1.5404020455674787,-0.008082508785865089,0.09479908339922816,0.8254560903117292,-0.26158864393775927,0.5758899806465767,0.7809034447349306,0.14997904791698463,0.06894285161123681,0.9310543695487803,-0.2201919815304517,1.6841247492276537,0.0002585041600432709,0.4854752605349484
2012-03-13,0.7394827838868828,0.49253399240972595,0.281803274362755,1.0136004520068336,0.5801101624361168,0.5865354363101364,0.47350003572489163,1.054553740921262,0.15795610390396736,1.2796920275425945,-0.6736473575289581,0.7250435930021499,0.6893452109240497,0.16417596220718197,0.9103377437518335,0.7355540976504771,0.40856261715008524,0.2854698406879862,0.9121101538807725,-0.05180549793623115,1.4637167065738859,-0.6643908184039348,0.502867660674844
2012-03-14,0.9314438058028899,0.3328897099799086,0.47791856871220334,1.1452502138884497,0.5218887608375375,0.7080272457600669,0.5704352088277181,1.023975334648236,0.2346058769512324,1.274386782549844,-0.5975777099428533,0.933822170904401,0.5532343315363701,0.35300715651896,1.0463139461763924,0.690204751488785,0.5266716819226581,0.38465439506261667,0.8931677861169088,0.028277183508153177,1.4592315752639748,-0.588425809387509,0.5134362453209217
2012-03-15,0.07912977041533359,0.7781032870477859,-0.22197756376587494,0.6815566858520697,0.6720016179276563,0.30762475652299087,0.3002304053734268,1.0879534783219853,0.02507613660116066,1.3965296116473513,-0.204269158675326,0.006837565080604764,0.9328183076595575,-0.320893484572991,0.5673819365011263,0.8071294515576086,0.13741775813538454,0.10817948752756179,0.932800248171889,-0.19063675168683275,1.562492900200885,-0.19565827869195934,0.4840652616143409
2012-03-16,-0.490012759847058,0.895238431450591,-0.5820264456914311,0.33383623612044516,0.7272787376143519,0.03553841213522957,0.09522953719673798,1.1112102265569521,-0.12895998503835182,0.9835822654350762,-1.2351436240505997,-0.6121671000636714,1.0326863847945946,-0.6675694570419091,0.20823425872269402,0.8501854613180198,-0.12709277815941455,-0.10157842702166563,0.9472070774266542,-0.3515716790815808,1.2133812051948725,-1.2251147116062124,0.5162911570483792
2012-03-19,-0.9763481816595853,0.9808303947221771,-0.8649063503270245,0.0032532958127437644,0.7754903357704771,-0.214895198800107,-0.10410046869495046,1.1322544651167015,-0.27738267200679534,0.9532191138584006,-1.1506978690706988,-1.1411099903236446,1.1056611084245191,-0.9399426567779814,-0.1332127151792236,0.8877380518390262,-0.3705534666544766,-0.305533886892641,0.9602433260313074,-0.5066417632719677,1.187711755058223,-1.1407851170568768,0.5306785020395375
2012-03-20,-0.7001983166068385,0.8211861122923597,-0.726052874566281,0.0893782099107177,0.7172689385205842,-0.147689895811573,-0.05002027794682086,1.1016876467864771,-0.23615622567255423,0.752542677434311,-1.5142800462487054,-0.840766850147835,0.9695502290368397,-0.8062464667423243,-0.044257455512937895,0.8423887090645779,-0.3052193875945678,-0.250198764994645,0.9413081366361336,-0.463568910768762,1.0180569757978988,-1.503867164154254,0.5428141844733383
2012-03-21,0.17714789773299772,0.6615418298625424,-0.14919143356765852,0.5417417438010557,0.6590475422668849,0.20285549320014012,0.23202796340014561,1.0711236414102436,-0.024269526844626174,0.5610018989842824,-1.8073507234003197,0.11344298437753791,0.8334393496491602,-0.2508107715431164,0.4229722194565757,0.7970393670660768,0.035565626999968326,0.03839440748024257,0.9223746897781122,-0.2421924561499623,0.8561256147156397,-1.7965347042144637,0.5471681712852627
2012-03-22,-1.0657187148149825,1.5375677119220588,-0.790071197068797,-0.1843520702830668,1.094499849371402,-0.35303069260556486,-0.20933215633808866,1.2933434084695385,-0.35831713126969783,1.2832252861840698,0.2826247304916579,-1.2383102064524893,1.5803289429291891,-0.8678870253539666,-0.3269834054681792,1.1362183780411763,-0.5048427990722637,-0.41320747647712824,1.0600328958485339,-0.5912010288946828,1.4667037748394511,0.2905658574031409,0.5164919811630092
2012-03-23,-0.49186466121922856,1.3779234294922413,-0.5333967269326887,0.07400721905135126,1.0362784550094417,-0.17599683673836047,-0.051373216598797816,1.2627849309349901,-0.2440078688208128,1.0231167085048698,-0.4190284543596757,-0.614181245076226,1.4442180635415096,-0.6207459397699883,-0.060133587263474085,1.0908690375161734,-0.3327381671285345,-0.2515830985961356,1.0411028733158094,-0.4717722049477186,1.246804198605077,-0.4101221595000898,0.5135629290453251
2012-03-26,-1.2810774001998708,1.5892668511923502,-0.879069316711101,-0.42341146302405974,1.1871283245872233,-0.5095396315535582,-0.35767591765876544,1.34934557217773,-0.464462807427181,1.6179691323286909,1.1643412860874274,-1.4725362989413524,1.6244070345624364,-0.9535795832919194,-0.5738990695319865,1.2083678054279348,-0.6569939975060423,-0.5649935556667763,1.0947244873939193,-0.7021006445422966,1.7497010930019155,1.1710695565947125,0.5195828789318717
2012-03-27,-0.5935047162661616,1.4296225687625308,-0.5789544070055236,-0.10715578260304197,1.1289069319903169,-0.30143164187357,-0.16723082793846594,1.318792494297536,-0.3288453573735901,1.332393556145083,0.28319121753931986,-0.7247259063767382,1.488296155174755,-0.6646115197940456,-0.2472501960040964,1.1630184662777534,-0.4546804411923273,-0.3701291865001045,1.0757978097784435,-0.5604093045791061,1.5082713456788064,0.2911315652123511,0.5070562450137268
2012-03-28,-0.961457682759505,1.376484749835915,-0.7713358447221694,-0.3618673383295603,1.1259455364858146,-0.47148691685467675,-0.32573647069692124,1.319312490143754,-0.44172414496635776,1.3008488956822954,0.16805712718458088,-1.1249149463840784,1.4429914618104651,-0.8498475401052444,-0.5103324041776899,1.1607117998944656,-0.6200007996477565,-0.5323129536470923,1.0761199309664085,-0.678343587085667,1.4816030307384993,0.1761558490175868,0.522642630756023
2012-03-29,-0.9900796713005711,1.2295380869467611,-0.8165285322327573,-0.43883348423264723,1.0738619154425502,-0.5256813478312172,-0.37775882429299834,1.2921764545704792,-0.4788450004800516,1.2048265870269619,-0.09765004577886711,-1.1560444851034177,1.3177064268282668,-0.8933616840943275,-0.5898279086554516,1.1201432444287203,-0.6726862735698391,-0.5855424862696105,1.0593100043504589,-0.7171269719394364,1.4004243738454683,-0.08918582707010815,0.5294169468062749
2012-03-30,0.17601547383734367,1.0698938045169437,-0.17757590727094197,0.17713212108250145,1.0156405252740954,-0.10379913775208038,-0.0019821527207044614,1.2616312423980842,-0.2084016545179597,0.8393973605459435,-1.0203745477228081,0.1122113497042206,1.1815955474405875,-0.2781409911829562,0.046380335383875676,1.074793907170089,-0.2625506973344039,-0.20104591478524955,1.0403881992953292,-0.43457129744212736,1.0914851886643526,-1.0106410636085281,0.5251946097603252
2012-04-02,0.3420565970487784,0.9102495220871263,-0.06441228516093794,0.2799755946210462,0.9574191358606128,-0.02739374612087266,0.06488454193270804,1.2310885912556817,-0.1584917937503658,0.535934930897215,-1.6646196716264416,0.29279920671481674,1.045484668052908,-0.16918048411713443,0.15260358088049142,1.0294445704995143,-0.18827269135192512,-0.1326275780823483,1.0214679807183025,-0.38242612698845685,0.8349336351622968,-1.6539999879512701,0.5491775352366292
2012-04-03,0.6460653743487684,0.7506052396573089,0.15594706884244,0.4717396942030782,0.8991977471763878,0.11513503665531853,0.1881585301376936,1.200548471305279,-0.06692401662393214,0.3497717737455453,-1.9244277007552686,0.6234419567949122,0.9093737886652283,0.04299429874342922,0.35066967420147643,0.9840952343969672,-0.04971239405215717,-0.0064930162435308005,1.0025493301356738,-0.2867573097870702,0.6775485933718086,-1.9134506348465539,0.5661232273940671
2012-04-04,0.2401919078548216,0.6904927768050594,-0.10832052276578336,0.2683336317347101,0.8739273255539118,-0.027812121074166404,0.06955059806101982,1.1868408413881697,-0.15250067534213518,0.48324609870599805,-1.3302777176984932,0.18201023124418916,0.8581225940940991,-0.2114578851457075,0.14057902512417222,0.9644118007051624,-0.18867941732531807,-0.1278532460936625,0.9940578814727696,-0.37616668474997733,0.7903897297882021,-1.3201179423435638,0.5595619783794077
2012-04-09,-0.5876907137262533,1.073334358142719,-0.6189419356157916,-0.20319216997296466,1.0168739942269942,-0.36624241813249697,-0.21783180447586228,1.2615332713347702,-0.36379560312914894,0.8296139210831539,-0.2666646653070976,-0.7184025435914887,1.1845289238976529,-0.7031138345171327,-0.3464426522797009,1.0757546708925148,-0.5176866652808821,-0.42190435900079143,1.04032750928111,-0.5969248647167656,1.083214126590285,-0.2579679563922776,0.5410852645457219
2012-04-10,-0.43816140795175573,0.9136900757129015,-0.5478329593933515,-0.15426367556443848,0.9586526075848453,-0.3322926730715098,-0.18985579142240402,1.2310005694357038,-0.3429540822746168,0.7485534624197283,-0.437698863263252,-0.5557730915146489,1.0484180445099733,-0.6346459827317171,-0.29590620796766826,1.0304053363805652,-0.4846821964481664,-0.39327916239705013,1.0214134539496285,-0.5751499160240827,1.0146844353801951,-0.42876688608561964,0.5459692936881022
2012-04-11,-0.5408199869112671,0.7746484737189189,-0.6295310254979521,-0.24195082411032318,0.9078147178393445,-0.3946010106825792,-0.2456769945690551,1.2043114974878033,-0.3829667699569549,0.8217713838674375,-0.19064870355139624,-0.6674255088163799,0.929872773543614,-0.7133096251909607,-0.3864750422009536,0.9908070959243459,-0.5452556582814928,-0.45039569689669157,1.0048804073415287,-0.6169546493456338,1.0765839315166519,-0.18205655935802956,0.5468549134453266
2012-04-12,-0.03255221323160311,0.6150041912891014,-0.29351181405826177,0.019739213366903853,0.8495933324452766,-0.20575457118170085,-0.08660837931147077,1.1737835981151885,-0.26604559107175535,0.7205266226250073,-0.423324647940757,-0.11462879038249658,0.7937618941559345,-0.3897708149296943,-0.11618501660643875,0.9454577623845415,-0.3616673451592723,-0.28763589347036433,0.9859693270252076,-0.49479692923090457,0.9909901372181062,-0.4144124433975371,0.5487934320944865
2012-04-13,-0.6594152846961497,0.8433320631351374,-0.6961336078534045,-0.3472713746089148,0.92140319112948,-0.46914225720184927,-0.31269544895821644,1.2096679568885402,-0.4317774305416004,0.9111226266028302,0.12310696421459108,-0.796410848497764,0.9884316120604498,-0.7774384592635287,-0.4952567694853558,1.0013913203181863,-0.6177214232843682,-0.5189693149209178,1.0081985666653017,-0.6679513898092978,1.1521227722147869,0.1312675178150532,0.5420980684308404
2012-04-16,-0.41424072590520544,0.68368778070532,-0.5554093304124422,-0.24338048745979088,0.8631818068999135,-0.3963125699687413,-0.252677702070527,1.1791447488933022,-0.3876984087605797,0.8099811504210365,-0.14991940114385333,-0.5297567370991371,0.8523207326727704,-0.6419409527279624,-0.38795168895084287,0.956041987685426,-0.5469195619430375,-0.45755885585761963,0.9892903925107602,-0.6218982037484225,1.0666162966093344,-0.14138328265959918,0.5479781253520731
2012-04-17,0.19775939778713808,0.5240434982755026,-0.12357915261151899,0.0879785483894424,0.8049604232230191,-0.15377084991728177,-0.05051451945047573,1.1486238457224334,-0.23854550037567912,0.41486484937180723,-1.1420673505049945,0.13586024193734864,0.7162098532850909,-0.22614978006848463,-0.045703114476711326,0.9106926554831487,-0.31113102728124303,-0.2507044753753492,0.9703836461229388,-0.4660651937625223,0.7325792266316655,-1.132166470310577,0.5742331542905268
2012-04-18,0.2545032424122555,0.3643992158456852,-0.06489865378813081,0.13214168838948187,0.7467390400799699,-0.11743381492713165,-0.021299275655524145,1.1181052205606854,-0.21561675193824714,0.35414157826512555,-1.1475872729570677,0.19757537070303074,0.5800989738974114,-0.16964878807605444,-8.862966093538571e-05,0.8653433236966898,-0.27580573878050996,-0.22081129167334404,0.9514783108906286,-0.44210953696102046,0.6812428896947383,-1.1376787997632285,0.5859481693906802
2012-04-19,0.4988529425750466,0.2047549334158678,0.15920675019777314,0.28779414223414596,0.6885176574525836,0.0049187222349647685,0.07743573806973207,1.0875888469087007,-0.14069225296242532,0.20306316399353364,-1.3842824514411385,0.46333235824996455,0.44398809450973187,0.04613290925030082,0.16067907146786456,0.8199939923118867,-0.15685991187913165,-0.11978513136387212,0.932574370398305,-0.3638293993256367,0.5535190000294845,-1.3740483891889501,0.6054223975713504
2012-04-20,0.05769022165734953,0.2547948966278968,-0.21467671421940795,0.05915515489663616,0.6814590931953928,-0.1686256090952109,-0.05927494756203063,1.0812190976664668,-0.24216276505844517,0.36722486008372746,-0.7812970933152161,-0.01648028588664222,0.48665159171521827,-0.3138638026508179,-0.0754737386853969,0.8144959921759418,-0.32557217950270256,-0.25966818927364543,0.9286285096613961,-0.4698444646432247,0.6923036865101889,-0.7718924752291821,0.5921130269021212
2012-04-23,-0.7671873929956973,0.8493649894200771,-0.7637616457467206,-0.4171963992531091,0.858350991785644,-0.5220825152072938,-0.35233937462131326,1.1657602046920055,-0.46057563967970344,0.6781467510113831,0.12028135926990731,-0.913624787472063,0.9935752156360129,-0.8425546614787537,-0.5674797584954786,0.9522792080057028,-0.6691876446712401,-0.5595331781162122,0.980999085359272,-0.6980393824658887,0.9551615771150367,0.12844579966713096,0.5583504282137807
2012-04-24,-0.4781429141850302,0.6897207069902598,-0.5983959765343814,-0.29358264734004685,0.8001296106022225,-0.43424521404247857,-0.28117082151713657,1.135250429675143,-0.40807265984082475,0.18039899950524566,-1.1702399699031132,-0.5992573464454515,0.8574643362483334,-0.6833309919576402,-0.4398036555359871,0.9069298777456214,-0.5837960323502576,-0.48671315831145906,0.9620992325153402,-0.6431849550858472,0.5343583856001234,-1.160300336504343,0.5983859450593231
2012-04-25,-0.6114411607331485,0.5681564666127492,-0.7093759906756478,-0.39728257034981684,0.754330767205547,-0.5128346384850687,-0.34872618693154733,1.1108440411870475,-0.4578652886869517,0.10938440346784499,-1.1985248885968611,-0.7442337488077851,0.7538200628171677,-0.7901889944635135,-0.5469114962267092,0.8712566107686263,-0.6601972602515875,-0.555836146384488,0.9469802370254723,-0.6952076431596135,0.4743216128246425,-1.1885463475190166,0.612999027349102
2012-04-26,-0.658906035979753,0.4255486886159383,-0.7705792137416607,-0.4577023294565355,0.7012126905749974,-0.5613124426723456,-0.39093052182430105,1.08279653522875,-0.4892706689033265,0.0629489996529991,-1.1600676575599231,-0.7958569848969836,0.6322343111996483,-0.8491190118577325,-0.6093168456729623,0.8298823054715709,-0.7073252776933466,-0.5990198331209321,0.9296056829699887,-0.7280195740958846,0.4350644467893481,-1.1501420168145662,0.6251748962972766
2012-04-27,-0.5681797137282439,0.2659044061861189,-0.7285156856262601,-0.43952966494078055,0.6429913106929502,-0.5511028373894041,-0.38534616392989407,1.0522931313642827,-0.48523553928614543,-0.14009306631572346,-1.5285081345430205,-0.6971822000426948,0.4961234318119671,-0.8086178042525516,-0.5905469681322042,0.7845329762251455,-0.6973999425030571,-0.5933058901681747,0.9107097768560033,-0.7238037233911441,0.263409729891312,-1.5180756808210456,0.6507173869422507
2012-04-28,-0.33742516556569807,0.10626012375630149,-0.5549991932240382,-0.33400866214985736,0.584769931215482,-0.47194558597092406,-0.32546654892136045,1.0217918020447478,-0.4402367197580211,-0.20909555124005139,-1.505251506453715,-0.44621142520001555,0.3600125524242876,-0.6415460488252611,-0.4815582010393817,0.7391836472938514,-0.620446697857729,-0.5320367683351146,0.8918151558578183,-0.6767895446613259,0.20507402512769374,-1.494851043681824,0.662230455817863
2012-04-30,0.04900452134097375,-0.053384158673515904,-0.20780017184297092,-0.12453963428512249,0.5265485521288149,-0.30698567096073304,-0.19983037146552005,0.991292523164647,-0.34487127226313646,-0.15724190806348232,-1.174837101966311,-0.02592693365939433,0.2239016730366081,-0.30724266831254227,-0.26520533774880145,0.693834318666957,-0.46007982724291396,-0.4034852026297436,0.8729218050428302,-0.577152971075848,0.24891184955653342,-1.1648911449241564,0.6618924804555129
2012-05-02,-0.0470344159872338,-0.1992569176133665,-0.29687240047479496,-0.17285105869770828,0.47107904107035126,-0.3455770777646024,-0.23052139116143938,0.9620056792373075,-0.36759927722099156,0.01601535238231746,-0.575621231667943,-0.1303797676696232,0.09953223621234462,-0.39300658268930183,-0.3151044331322917,0.6506284529656501,-0.4975967181880716,-0.43488840762132785,0.8547795198183739,-0.6008988937126174,0.39538605848688574,-0.566499533625096,0.6578332218476856
2012-05-03,-0.5073376938393711,0.06037020560189885,-0.7121000965911706,-0.4378498996474965,0.502004464087547,-0.558635710271763,-0.3957498771347164,0.970591677721536,-0.493489474498413,0.18039899950524566,-0.07674699198001256,-0.6310098580624706,0.32088733591194374,-0.7928119218347126,-0.5888120002729329,0.674716634890109,-0.704723074615537,-0.6039510216001592,0.8600982777502318,-0.7324273270625994,0.5343583856001234,-0.06831152673233623,0.6337548069819824
2012-05-04,-1.3794306151663531,0.9305523431246097,-1.1246666161434444,-0.9670309434742419,0.7787183249149922,-0.9335057918318005,-0.7278467434667444,1.0971310667564036,-0.7394766003424728,0.5859260345692462,0.9764249675923585,-1.579506162655671,1.062794619799394,-1.1900549256429391,-1.1353836590908966,0.890252371197569,-1.0691554996879538,-0.9437541977023225,0.9384854776033353,-0.9894314623030548,0.8771968415934447,0.9834117287777346,0.5832037222668796
2012-05-07,-0.958439160473885,0.7709080606947922,-0.9051215377881515,-0.7941473090018125,0.7204969472628541,-0.8135569348897507,-0.633517663405733,1.0666397541935204,-0.6706029701499207,0.39543843419801444,0.3636368332200687,-1.1216319737062515,0.9266837404117145,-0.9786641746634019,-0.9568185045404787,0.8449030436880464,-0.9525464263841011,-0.8472362107741342,0.9195970616730863,-0.917473193317348,0.716155852583084,0.3714665229049417,0.5905306038199194
2012-05-08,-1.9044775910244929,1.41984393513106,-1.2315627113188192,-1.3878959277366854,1.0410025385990074,-1.1774659728651966,-1.0102082155050414,1.2322540210663053,-0.936890271516466,0.7961855914651269,1.3475341510675487,-2.150552096134311,1.4799590045888922,-1.2929806938049275,-1.570079639361182,1.09454868273456,-1.3063230005594986,-1.2326678693886068,1.0221899280911868,-1.195686686720284,1.05495333033814,1.3540104283032042,0.5900799693829524
2012-05-09,-1.903926159448979,1.2930019904924457,-1.282891007726005,-1.4837565190106938,1.0001931732698583,-1.2541091385105252,-1.087483187323402,1.2112803262334706,-0.9949527632870909,0.966528934048283,1.6127521283501032,-2.1499523540669006,1.371815021195093,-1.3424025583500125,-1.6690905223078123,1.0627617799095395,-1.380832160119838,-1.3117360073903404,1.0091973791223718,-1.256349619531147,1.198964070708961,1.6188635816293364,0.5814833259141291
2012-05-10,-1.7525405046182017,1.1382443575906844,-1.2648056300398594,-1.4888869492749846,0.944334118579962,-1.2729861598509207,-1.1098392785016284,1.1820608579920995,-1.0142581766746983,0.9053506785997358,1.2494546924030085,-1.9853039196352478,1.239870443001542,-1.3249889064500777,-1.6743895552431671,1.0192524940139074,-1.3991835810617146,-1.334610871798112,0.9910968310313215,-1.276519663211754,1.1472430833892509,1.2560658840834555,0.5817256429810682
2012-05-11,-1.884216470468809,1.0675315653116777,-1.3705216908415794,-1.6465466727362086,0.9259747414667698,-1.3898167470948624,-1.226246403660375,1.1726283796991384,-1.1004856404274905,0.8588988371649043,0.9709801596782995,-2.12851591454859,1.1795815294584893,-1.4267784689895253,-1.8372304914147122,1.0049521555617407,-1.5127612078884785,-1.4537192249926187,0.9852537052923733,-1.36660899077198,1.1079720207508477,0.9779744105383407,0.5940340815075807
2012-05-14,-1.85092387564632,0.9401328499172774,-1.4098989881503392,-1.7130997417187275,0.8812642813045679,-1.4516298680903965,-1.2883547838648535,1.1491924009163847,-1.149015974740863,1.0080980707108969,1.2306780435885052,-2.0923065813603325,1.0709628497208314,-1.4646932175778422,-1.9059707113026931,0.9701266433055447,-1.5728532416190746,-1.51726883053133,0.9707358483103818,-1.417312850009903,1.234107223687989,1.2373150637266572,0.587818956905443
2012-05-15,-1.2864988599764273,0.78048856748746,-1.1178891529188657,-1.4670438440357163,0.823042905463678,-1.2911799044825747,-1.1580971941876919,1.118712361295502,-1.0566423621420575,0.8198085505563711,0.5906182024100557,-1.478432728596738,0.9348519703331519,-1.18352919046585,-1.651828614325807,0.9247773172068249,-1.4168707500394826,-1.3839886127063923,0.9518544156156632,-1.320802106435287,1.0749245236756135,0.5981356649903014,0.5822871496072194
2012-05-16,-1.9396634384390652,1.1543860792544642,-1.362559755960985,-1.892735544266077,0.9832638184424133,-1.5436656395916337,-1.4389748715974722,1.2021965046305578,-1.2518019251840002,1.0919149116596925,1.2149857999809428,-2.1888205483032848,1.253632689272116,-1.419112255716754,-2.0915099321927495,1.0495753029219663,-1.662326424600296,-1.6713840583009283,1.003570235314832,-1.5247022681262523,1.3049672005883894,1.2216444057840512,0.5886364152397746
2012-05-17,-1.5822025512745073,0.9947417968246468,-1.2237432801670252,-1.7671748960331153,0.9250424431262759,-1.4756244879340508,-1.3851727442440533,1.1717200505811767,-1.2169874852179203,1.069720323862992,1.0032276972842122,-1.8000427905429202,1.1175218098844364,-1.285451691397798,-1.9618229515506052,1.0042259772319828,-1.5961797697376252,-1.6163334522603805,0.9846910237696861,-1.4883285961031272,1.2862035731265902,1.0101775896344163,0.5779127351958443
2012-05-18,-1.1818829882794586,0.8350975143948294,-1.0321735321278276,-1.5942305782951482,0.8668210680591878,-1.3706589850823943,-1.3000982842304851,1.141245358180053,-1.158704684892641,1.0622970315250448,0.8567910013986427,-1.3646515416615368,0.9814109304967569,-1.1009972130449228,-1.7831951194846298,0.9588766517359864,-1.4941368630485024,-1.5292848388932059,0.9658129035106219,-1.4274354877927098,1.2799278137727723,0.8639423266053438,0.5673718708242484
2012-05-21,-0.8979135876447205,0.6754532319650121,-0.8883316017040382,-1.4645783597035114,0.8085996932326649,-1.2934517051912964,-1.2391014601750898,1.1107724069927765,-1.1175569815017108,1.1304865045151629,0.9233650354352704,-1.0558038024667733,0.8453000511090774,-0.9624978491674812,-1.6492821061374217,0.9135273264273692,-1.4190792960992673,-1.4668725831706677,0.9469358618791602,-1.3844449048878924,1.3375761864176217,0.9304247838840869,0.5595290036790477
2012-05-22,-1.2289916295996357,0.7148693086486416,-1.1021392605949232,-1.6745177932352968,0.8177796131694247,-1.4445219680475077,-1.3857331180007426,1.1142187541986857,-1.225698105194137,1.2156004199621628,1.0247564308386279,-1.415887334446789,0.8789057448286728,-1.1683642795001985,-1.8661208341594713,0.9206776758782299,-1.5659432496585999,-1.6169068294934466,0.9490707663484583,-1.4974293380493335,1.4095327289716595,1.0316767090660166,0.56610706642512
2012-05-23,-1.319781779907124,0.6169499047170003,-1.2000527599101685,-1.7628756003495727,0.7800857235755769,-1.5223418951300443,-1.460024530097595,1.0940233359179405,-1.2838543855125382,1.6813052247536822,2.0897811977931564,-1.5146315392834504,0.795420787050042,-1.2626410827259495,-1.9573823669890158,0.8913174543714066,-1.641596405620329,-1.692922174252484,0.9365603353991389,-1.558190259909558,1.8032463470987414,2.095236467678542,0.5543988452856277
2012-05-24,-0.3321294312251771,0.4573056222871829,-0.5177609081847155,-1.229970909599669,0.7218643494226876,-1.141596764851093,-1.1518171575707996,1.0635554881446518,-1.0582094959598454,1.4085583828192267,1.1217574536841632,-0.4404517356884341,0.6593099076623625,-0.6056908654678215,-1.4069646900655557,0.8459681295874908,-1.2714525131426118,-1.3775628478022324,0.91768645517327,-1.3224394273733837,1.57266219837212,1.1285443009228455,0.5411974352752066
2012-05-25,-0.3077370445820916,0.29778597961466075,-0.512221775514344,-1.1994213879569984,0.6636773453967911,-1.1321238539486267,-1.1460572131149138,1.033105796077772,-1.0573362979289727,1.3480809870431014,0.8238177064242539,-0.41392235100317476,0.5233052946984716,-0.6003574668613165,-1.3754112115063417,0.8006455761066322,-1.2622433602587269,-1.3716692438007865,0.8988238218405433,-1.3215271214791295,1.5215337280172114,0.8310143884655561,0.5526598002669573
2012-05-28,0.34201118883016435,0.13814169718484334,0.03728711655318183,-0.8056265171549493,0.6054559716556128,-0.838869677250283,-0.9155204592037327,1.002641252720396,-0.88642829224566,1.0863768134812277,0.04801241660960528,0.2927498203174498,0.3871944153107922,-0.0712583942048005,-0.9686749569122514,0.7552962516434029,-0.9771543760110567,-1.1357828831358194,0.87995198859714,-1.14296467006793,1.3002852118071861,0.05627626746858546,0.5653316071510234
2012-05-29,0.33060173879455984,-0.021502585244974046,0.05231944376362386,-0.7597024778277238,0.547234598109835,-0.8110912323554575,-0.8940774540876231,0.9721783328973044,-0.8725756925979391,1.1505557424589197,0.2089896176284514,0.28034079722878036,0.25108353592311267,-0.05678439660125158,-0.9212417038743342,0.7099469273323734,-0.9501493773842447,-1.1138422929576994,0.8610811610825249,-1.1284916549413102,1.354543012189211,0.21703203425446133,0.5731038539939219
2012-05-30,-0.09321458834275038,0.0748748893548053,-0.3406044384089931,-0.9552295767157,0.5459179410167795,-0.9664483204185547,-1.0209296419075302,0.9675059550071045,-0.9695265397296592,1.375831588988014,0.7625717608832501,-0.1806057490455935,0.3332538624846457,-0.4351143284426144,-1.123194460931245,0.7089213673724656,-1.1011807963745488,-1.2436380865549106,0.858186768891589,-1.229784633353981,1.5449944906817217,0.7698526905626498,0.5605508877549543
2012-05-31,-0.3423697720801544,0.030460228169201103,-0.5673584934039547,-1.0746612527361232,0.5141096431479258,-1.0680557452259138,-1.1034619729976543,0.9489505957914893,-1.0343810338741115,1.367178423039812,0.6441314605459912,-0.45158922484949904,0.2953864330993431,-0.6534463007743666,-1.2465510513446847,0.6841455036649169,-1.1999591253193693,-1.3280855808817633,0.8466923033162908,-1.2975437615069663,1.5376789782827338,0.6515753122844898,0.5698032002262909
2012-06-01,-1.1023900274603917,0.7185733659952726,-1.0155726611023959,-1.5048155266499832,0.7061406097166728,-1.353303253117784,-1.3792918307931128,1.0353620969195285,-1.2323882959293142,1.6228738317328533,1.2194542987330745,-1.2781942643070439,0.8820637815280076,-1.0850129303669873,-1.6908415976207725,0.8337207206398194,-1.477264373618436,-1.6103160721776262,0.9002215297507874,-1.5044191619215712,1.7538475972431653,1.2261067578359828,0.5399456337059779
2012-06-04,-0.9052202050744128,0.5589290835654551,-0.9231087549397685,-1.4225538343436128,0.6479192368881596,-1.3076166257066337,-1.3447771873499137,1.004905485241545,-1.210767234042582,1.4273941580839224,0.5623943666810032,-1.063750546972616,0.7459529021403281,-0.9959833119002613,-1.6058765178138206,0.7883713968874758,-1.4328498171098534,-1.57500051622683,0.8813546099350721,-1.4818297589432112,1.5885862368475483,0.5699506529168757,0.5497456892896836
2012-06-05,-0.6505020763430928,0.3992848011356378,-0.7692432596732033,-1.294945900067463,0.5896978642239582,-1.2245026546695834,-1.2809535790440953,0.9744504051826127,-1.1665816338466732,1.5387366452198092,0.7778269054388619,-0.786716760885999,0.6098420227526485,-0.8478326776983831,-1.474074970632013,0.7430220732631169,-1.352050021360936,-1.5096958807084253,0.8624886389095285,-1.4356652211469165,1.6827167955416173,0.7850868507104565,0.5467873383304749
2012-06-06,0.6998223956144789,0.23964051870582037,0.3187288001335273,-0.517560844973981,0.5314764917184707,-0.6202921268750254,-0.8142773948524346,0.9439968389991865,-0.8137428036590308,1.3061221620958898,0.08263164264698077,0.6819085889272776,0.4737311433649691,0.19973000277813802,-0.6711425072351377,0.6976727497623819,-0.7646627671364605,-1.032190472870523,0.8436236056825847,-1.0670238212343253,1.486061126892293,0.09084787258998593,0.5435891376984657
2012-06-07,1.0916858539612926,0.07999623627600298,0.7129844580929738,-0.22086652031567475,0.47325511936628956,-0.3845149886491831,-0.6332389844395787,0.9135447691550124,-0.6765098600095765,1.0789817585325145,-0.5085221637624723,1.1081029004021512,0.33762026397728956,0.5793422456866554,-0.3646978394184671,0.6523234263810591,-0.5354504653632747,-0.846951065060903,0.8247594993910788,-0.9236446346687294,1.2940333247530902,-0.49949276469451503,0.5665635936242784
2012-06-08,1.1149851401820585,-0.07964804615381442,0.8093188047657651,-0.11849719821994319,0.4150337471621897,-0.30075696568186583,-0.5679484242835836,0.8830941783186467,-0.6272287212532904,1.047412546008858,-0.5212324139290954,1.1334434189863742,0.20150938458961004,0.672098549042856,-0.2589643275274908,0.6069741031150787,-0.45402455027764516,-0.7801454370658616,0.805896309298723,-0.8721563447581699,1.2673442531432841,-0.512185531115125,0.581129159919524
2012-06-11,0.8293124796320565,-0.20176974280158852,0.5837493210526439,-0.19694677034769298,0.3647135510075382,-0.36581629512645053,-0.6128111840875085,0.856032436695932,-0.6629657790062187,1.327151885104044,0.266653094341691,0.8227431985985159,0.09738983035282522,0.45490715073231586,-0.3399920084537602,0.5677791003895307,-0.517272406986845,-0.8260492374794456,0.7891324054650458,-0.9094939557909196,1.503839960712694,0.2746161912400899,0.5768715041869789
2012-06-12,1.2839270348332819,-0.3614140252314059,1.138211435013896,0.13491223995133772,0.3064921790846505,-0.08337849374414866,-0.4056927177661368,0.8255847526880316,-0.5021005784093349,1.1813918466606468,-0.13946548397668915,1.317186181768849,-0.03872104903485428,0.9887754730742595,0.0027729712612246894,0.5224297773425898,-0.24269863342367218,-0.6141245859079187,0.7702710160621479,-0.7414240959239712,1.3806123033566935,-0.13094374551093946,0.6004842908736178
2012-06-13,1.1596128117966278,-0.5210583076612233,1.0993705439178967,0.15402936431304384,0.2482708072952218,-0.06224908533765098,-0.3869138326295859,0.7951384968983882,-0.487547937425855,1.2102168205621906,-0.04495269097652217,1.181980886237696,-0.17483192842253378,0.9513772075380564,0.022518346678768952,0.47708045439960167,-0.2221575395228717,-0.594909936629422,0.7514105113958589,-0.7262196867558465,1.4049813557058013,-0.036560960783319225,0.6145218835352501
2012-06-14,0.3845245567146898,0.14785913704600293,0.07248623772840926,-0.21402005582397654,0.3697007130734436,-0.3800629584358516,-0.6067629318966452,0.8395897793420832,-0.658871929269519,1.4461491716397412,0.5688512735750227,0.33898775133164344,0.3954793927917789,-0.037366636235124914,-0.35762637777425343,0.5716636605801381,-0.5311223947944308,-0.8198606355603073,0.7789466927162899,-0.9052167550724889,1.6044419981991829,0.5763986779306266,0.5427479871133605
2012-06-15,1.1028027004470224,-0.01178514538381446,0.7652606971681178,0.2378678643018805,0.31147934153745677,0.0038476317631714937,-0.3260686505493264,0.8091463305734107,-0.4397374498090975,1.4171301550318602,0.42322052844326247,1.1201936851712793,0.2593685134040994,0.6296768444818831,0.10911205321129366,0.5263143378345588,-0.15790117955374353,-0.5326528417349599,0.7600879269118328,-0.6762679139416922,1.5799088993227532,0.4309682570195699,0.5556004940516499
2012-06-18,0.26210328030781965,0.5350114594166236,-0.07755701198912994,-0.17532798402655042,0.4674402004413845,-0.34759117904694387,-0.5726827385908878,0.8715692683715857,-0.6312592609165338,0.8821864199084836,-1.0019768524910735,0.20584124201378765,0.7255610108291399,-0.18183699045491536,-0.31766275830577756,0.6477941164711767,-0.4995547400489002,-0.7849896111649917,0.7987569874938709,-0.8763673999390045,1.1276596820441704,-0.9922686755600859,0.545007996822854
2012-06-19,0.5850839418625466,0.3753671769868062,0.19244438777780964,0.03694266096023929,0.4092188291418628,-0.17219985782794572,-0.43937454887974337,0.8411285620114806,-0.528257801709442,0.649663657137806,-1.4665421278576851,0.5571179883880018,0.5894501314414604,0.07813603690620351,-0.09841620761721163,0.602444793909783,-0.32904690900915406,-0.6485880041140314,0.7798999205258798,-0.7687528210817144,0.9310815551160376,-1.4561949122630584,0.5697363145817732
2012-06-20,0.6537740588198743,0.21572289455698881,0.2867945396355976,0.11882881174679392,0.3509974579545711,-0.1003320539553379,-0.38355936140212143,0.8106892030956644,-0.48484595090734506,0.5672462597311184,-1.4857353473179054,0.6318259931232812,0.4533392520537809,0.16898184226729787,-0.013839010849221468,0.5570954714358065,-0.2591801489280921,-0.5914776248770548,0.7610436882575465,-0.7233966865429767,0.861404688148494,-1.475361730246532,0.587682626960514
2012-06-21,0.9661841986223046,0.05607861212717141,0.6110126408816875,0.34433931895000647,0.29277608687568074,0.09689842572422996,-0.23809923408779768,0.7802511760301755,-0.3701916725992095,0.33444298823482793,-1.8883982629717098,0.9716061425472305,0.3172283726661014,0.481157858313791,0.21908250710918628,0.5117461490462653,-0.06744123578596824,-0.4426420944381297,0.7421882810288992,-0.6036073945339271,0.6645894150622349,-1.8774707578136445,0.6185637229133203
2012-06-22,0.6593605818484203,-0.047191210048213715,0.36540288933401,0.2267003994558284,0.2490092657611338,0.0006906772748208168,-0.30119068221041095,0.7558129406547464,-0.41977047234214476,0.47263174270815894,-1.286813034912477,0.6379019470939179,0.2291817098194047,0.24467052634300193,0.09757758904840803,0.4776556485322948,-0.16097023370510458,-0.5071975799918976,0.7270495573868633,-0.655406676754373,0.781416198785298,-1.2767130479538735,0.6170456474261575
2012-06-25,0.2773891873348578,-0.04372690288380145,0.006003643892276994,0.04649248248826335,0.2316007724696124,-0.15456125930341827,-0.40460504762918986,0.7421296493532195,-0.5018506966896833,0.6781467510113831,-0.590314813858114,0.22246633547910294,0.23213533827036087,-0.10137993839325421,-0.08855254780762759,0.4640959648634983,-0.311899428985084,-0.6130116763789365,0.7185731857362504,-0.7411630227680037,0.9551615771150367,-0.5811729038717044,0.6047922052450166
2012-06-26,0.2888885680262221,-0.20337118531361884,0.04095549289219306,0.0718196482318238,0.17337940169427926,-0.1287961328087791,-0.3838741529499913,0.7116955260823292,-0.48549928159701783,0.3976011902175082,-1.2314164753676788,0.2349731679784117,0.09602445888268137,-0.06772626843369026,-0.06239304879475743,0.41874664271040135,-0.286851691135044,-0.5917997211646764,0.6997201967864467,-0.7240792779117292,0.7179842779907673,-1.22139268984999,0.6407797610518562
2012-06-27,0.435635941347266,-0.3630154677434383,0.2250053510692716,0.17553650792880468,0.1151580310133191,-0.03146663644359288,-0.314517708390603,0.6812626740826236,-0.42985756082631116,0.4277680267528922,-0.9921074502010352,0.39457696466096887,-0.04008642050499988,0.1094876232608759,0.04473228517795532,0.3733973206308126,-0.19223217857263358,-0.5208338598943353,0.680867995349442,-0.6659455350140145,0.7434877605350612,-0.9824128492516905,0.6534777477223151
2012-06-28,0.4363894788208927,-0.5226597501732557,0.2649829179877894,0.2021127417252852,0.05693666042351504,-0.001611327532727003,-0.2913466123221568,0.6508310786479343,-0.41092080164896366,0.4811252870473306,-0.7242603323747332,0.39539651896720024,-0.17619729989267938,0.14798034628864506,0.07218190069372231,0.32804799862222644,-0.16320814287900234,-0.49712507840299053,0.6620165723152238,-0.6461606564357909,0.7885967647534654,-0.714934171929471,0.6665857292202245
2012-06-29,1.5400940600496547,-0.682304032603073,1.6733182916378262,0.8671099088094528,-0.0012847100782364114,0.6254731348781565,0.12571935339611082,0.6204007252433965,-0.07134842557083257,0.14159834993108533,-1.4993941715741326,1.5957958010358566,-0.31230817928035887,1.5040074296429864,0.7590330435351886,0.28269867668222554,0.4464161579203419,-0.070381094454969,0.6431659186798978,-0.291379874449536,0.5015557518880611,-1.4890017659336123,0.7142262727377983
2012-07-02,1.3290058433937886,-0.8419220897063268,1.5362768142341872,0.8302114491490099,-0.05950194619813408,0.6073494677383002,0.119205485930724,0.589973124899529,-0.07439704887816426,0.12552103189868108,-1.3440777945463238,1.3662143097234318,-0.4483966992561854,1.3720559368528857,0.7209219801482715,0.23735257506170687,0.4287971152389502,-0.0770461162538619,0.6243169704796825,-0.29456503625052954,0.48796375329326175,-1.333899036320451,0.731299804483174
2012-07-03,1.2310623811764976,-1.001566372136144,1.5302185864407651,0.8443108128541914,-0.11772331653267898,0.6376085773768875,0.1434312068080526,0.5595452126258594,-0.05219746263406438,0.020731443362415006,-1.4365405304762118,1.2596900968783045,-0.5845075786438649,1.3662227233167386,0.7354846949290034,0.19200325325194514,0.45821370847634996,-0.05225823737863495,0.605467829048696,-0.2713711985820588,0.39937311042211737,-1.4262345839598274,0.7573140126660506
2012-07-04,1.192192194418651,-1.1612106545659615,1.603763040724378,0.884820149864207,-0.17594468678786704,0.6946178575893279,0.1839534189186894,0.5291184997855176,-0.016264029224824103,-0.04815460960533583,-1.4248902429042813,1.2174145232587341,-0.7206184580315445,1.4370355948138342,0.7773253008718519,0.14665393150399542,0.5136356566696876,-0.01079570709353072,0.5866194306291994,-0.23382841682925798,0.3411358389287122,-1.4146003220889032,0.7817646938476762
2012-07-05,1.2476006624424167,-1.320854936995781,1.8323381322756864,0.9756770507214836,-0.23416605696640183,0.803719604583606,0.25589350138149347,0.49869297250890304,0.046229641624186,-0.029042950757175823,-1.1889084451948795,1.277677284116539,-0.8567293374192256,1.6571209668942448,0.8711680558154316,0.1013046098157518,0.6196996404138642,0.06281374541323259,0.5677717666294083,-0.16853584601100613,0.35729311339979697,-1.1789431321378672,0.8011710332208816
2012-07-06,0.9856753074751476,-1.4282381022756816,1.4867826105831707,0.8836697945851066,-0.28683580591162006,0.7282934034235518,0.21619065053783654,0.47013855410247674,0.015776703354002643,-0.10357038855773615,-1.2237921894216721,0.9928048523030845,-0.9482829892958926,1.3244000433238552,0.7761371411664681,0.06027951231579047,0.5463735609135555,0.02218958967821067,0.5500831961424991,-0.2003526780456264,0.29428653308475106,-1.2137788915873304,0.8191781533799363
2012-07-09,0.4781949132534003,-0.8860063702355924,0.42146364208480847,0.6328211631849358,-0.25310624701220547,0.46505824580082006,0.07710765001283997,0.47068009623635854,-0.10068391140732919,0.05827823149930411,-0.6475185442488284,0.44086449502967257,-0.48598244989307005,0.29864907468144947,0.5170448056112734,0.08655186922256858,0.29046776427716,-0.12012083270608732,0.5504186645828104,-0.3220292067810455,0.431115711431019,-0.6382979469446995,0.7543829341862017
2012-07-10,1.028363662266594,-1.0456506526654097,1.2721545591998715,0.9654544337695793,-0.31132761697609207,0.8199078472899936,0.2940015050414226,0.4402580440382028,0.08401926476707541,-0.15478795346318247,-1.1080343768684775,1.0392331006911584,-0.6220933292807496,1.1177436914571706,0.8606094903300582,0.04120254770151701,0.6354371474525657,0.1018060455260865,0.5315731532856025,-0.1290537414757556,0.2509864584814642,-1.0981803111631008,0.7925204798974905
2012-07-11,0.5416911490106332,-0.7233445517178929,0.4509335250909908,0.7270830077090793,-0.28875817311681784,0.5695915231923118,0.16343950448622793,0.4368843351787145,-0.02561352499156598,-0.019518343922981123,-0.6149585843325359,0.5099235866682951,-0.3472988539366889,0.32702438943058926,0.6144044017756254,0.058782157503904156,0.39209048013117986,-0.031785647033130054,0.5294832460035148,-0.24359664785444202,0.3653453546035515,-0.6057827752947204,0.7517770351026024
2012-07-12,-0.17083802281135577,0.08999376198799026,-0.40918792741503607,0.329410565409076,-0.09142669038180598,0.13596658255145555,-0.06879751099073242,0.49689643410062234,-0.2240053544720365,0.05594097578763655,-0.3392098703474217,-0.26502971229858674,0.34614403943387534,-0.5011504944746402,0.20366314603769942,0.21248600992659114,-0.029460869157603233,-0.2694117238436827,0.5666588671889433,-0.45087383929056246,0.4291397614445447,-0.33041337095462037,0.6741072750688379
2012-07-13,-0.22962819668091936,-0.05998029781055956,-0.4707460180825232,0.2707307720073235,-0.14649242513660116,0.08666755703905524,-0.09777973949330457,0.46763480963117404,-0.24693726807746333,-0.05054944895358438,-0.5661172636279855,-0.3289704476239287,0.218277880659946,-0.5604221990036196,0.14305494324426762,0.16959465041826796,-0.07738724233314193,-0.2990664851320547,0.5485322046310811,-0.47483280301823216,0.33911120689801166,-0.5570086388890584,0.6995569733837517
2012-07-16,-0.47938205625061925,-0.07271523447459025,-0.7088719599828097,0.09895644955834065,-0.15910517644219457,-0.07986538266754369,-0.19735581862087906,0.45374212091041694,-0.3299763327817676,0.06994581366468758,-0.18110960719585265,-0.6006050487846573,0.20742022010420616,-0.7897036844421093,-0.03436444367166099,0.15977042754997742,-0.2392833392933219,-0.4009532277715377,0.5399261178184533,-0.561590932909286,0.44097965516074833,-0.17253058462760648,0.6963041514234155
2012-07-17,-0.4661736444689126,-0.22893394073591478,-0.7227428152870388,0.06670741060015131,-0.21631818170067293,-0.107443412585389,-0.2134045634111042,0.4236864187464511,-0.34276172226639917,-0.1670715166052002,-0.7634706608702341,-0.5862394583090103,0.0742299475657448,-0.8030593494447393,-0.06767329122825184,0.11520653336023744,-0.2660935031769137,-0.41737438378063785,0.52130754892681,-0.5749489408006958,0.24060175547136475,-0.7540905641597121,0.7329676047118711
2012-07-18,-0.20318746749430716,-0.38857822316573215,-0.46507011633055584,0.181318925594282,-0.27453955129676305,0.01280454947555503,-0.13944514113656112,0.393270963431122,-0.27923587317183757,-0.25152724335809695,-0.8789073075365204,-0.3002132666963608,-0.061880931821934694,-0.554957111182827,0.05070473194691593,0.06985721212566696,-0.14919365285672373,-0.34169873266972267,0.5024661241925014,-0.5085779636369828,0.16920165521618122,-0.8693684204808475,0.7541015202644176
2012-07-19,0.05125050140322117,-0.5482225055955495,-0.17831788466113685,0.3068033544509045,-0.3327609208386495,0.14839230584339377,-0.057234593085394386,0.3628565635560518,-0.20792650213371316,-0.5258113090032467,-1.4665811680904413,-0.023484185028904134,-0.1979918112096142,-0.27885541010274323,0.1803129883954295,0.024507890933316383,-0.017381120211741787,-0.25758048835917163,0.4836253532704733,-0.4340748644389704,-0.06268208480256562,-1.4562338987935268,0.7936867495492521
2012-07-20,-0.3026153680262943,-0.38367246062347143,-0.5728819820989677,0.09453101144800545,-0.3120840923922781,-0.07210351666500191,-0.1814610925740864,0.35928150871406606,-0.31395855991886057,-0.39169628169176046,-0.9300548454827166,-0.4083519683436027,-0.057698335091683525,-0.6587646364529108,-0.03893531611159304,0.04061331995073289,-0.2317375900070044,-0.38468966451173275,0.4814107184399912,-0.5448557730956006,0.050700710703819075,-0.920445601781744,0.7732045705615396
2012-07-23,-1.0658184297412259,0.5351522870876066,-1.046557219571802,-0.3743122452430751,0.019789462990210175,-0.5328175803019707,-0.4667978873439217,0.47346206361694654,-0.5558788496613253,0.044235927432044624,0.3116099704373528,-1.2384186573259477,0.7256810788819876,-1.1148466626131617,-0.523186291320673,0.2991136021788957,-0.6796238090871427,-0.6766477013113419,0.5521420064980055,-0.7976109311106477,0.41924414325246784,0.3195112263339702,0.6647168578035861
2012-07-24,-0.8428991735524037,0.3755080046577893,-0.9243751726223925,-0.31289137310471205,-0.03843190639990064,-0.4781168646463358,-0.4319590131276406,0.44305075745934375,-0.5271004421783152,-0.3710267856514806,-0.7919869758139523,-0.9959696182991922,0.5895701994943081,-0.9972026923891758,-0.4597469290034878,0.253764281104765,-0.6264461471712581,-0.6410003908104347,0.5333031520373358,-0.7675436269645877,0.06817500340415963,-0.7825676531243057,0.7114403888337388
2012-07-25,-0.9135610988622652,0.2578730038022269,-1.0142113853507027,-0.4069968074117324,-0.07946331483068972,-0.5697300851857344,-0.4920570974135566,0.41929928567414393,-0.5781839886367194,-0.42810459857337485,-0.8334688061679284,-1.0728221799847777,0.48927595049569494,-1.0837022150205247,-0.5569449748008595,0.2218044262517511,-0.7155085444448055,-0.7024930515017659,0.5185898569927486,-0.8209150488937197,0.01992058985925368,-0.823992422619797,0.7294622007106849
2012-07-26,-1.4207843345513007,0.5928254908191272,-1.2811996633879932,-0.756228980462295,0.07860759576879545,-0.8778632723287582,-0.710620723314875,0.4751679551829451,-0.7597519318638467,-0.5284825603597382,-0.9807074735359111,-1.6244828492662258,0.7748525891767771,-1.3407740338007226,-0.9176540560568818,0.34492774939491744,-1.0150622569430394,-0.9261284476497674,0.5531987530504549,-1.010614863777763,-0.0649403995669193,-0.9710285539692265,0.7241641438719115
2012-07-27,-0.7192281428351083,0.43318120838930974,-0.8150977411338618,-0.4310136507479965,0.020386226515476964,-0.5854022593111494,-0.5184721587108989,0.4447596367619038,-0.5998489126618551,-0.5098179677477982,-0.8033722476173824,-0.8614638646667696,0.6387417097890976,-0.891984035334646,-0.5817510899385946,0.2995784284273359,-0.7307443520048907,-0.7295210744545514,0.5343617493992822,-0.8435502784612212,-0.049161081396894055,-0.7939372637725349,0.7172491426332657
2012-07-30,0.27673642801607806,0.27353692595949236,-0.03646388802844423,0.10639946693232524,-0.03783514269531772,-0.08219467965941822,-0.19099031800038616,0.4143522913363528,-0.32358353509978655,-0.4674527556064347,-0.5881670758430124,0.22175638842356524,0.5026308304014181,-0.14227014432372248,-0.02667682447182889,0.25422910749287664,-0.2415477807444244,-0.3944400156710621,0.5155253484884302,-0.5549118214135638,-0.013344914624973794,-0.5790281202049016,0.7117190575291639
2012-07-31,0.4949647850343485,0.1138926435296729,0.1750776266963665,0.24945697682142523,-0.09605651186503293,0.05981565197473051,-0.09895400929514071,0.3839459076692921,-0.24445257201322076,-0.6257504734653432,-0.915806693609364,0.45910356224802384,0.3665199510137369,0.061414310805164005,0.12108202176540053,0.20887978659041467,-0.10349149914574898,-0.30026800387166797,0.4966895433569287,-0.4722368250330638,-0.14717210858615962,-0.9062170491346256,0.7405503118019816
2012-08-01,0.5250553943410076,-0.04575163890014449,0.2388574500206532,0.2949703262223583,-0.1542778809950712,0.11136056031325431,-0.06506837826513792,0.35354047465418453,-0.214176883462729,-0.5071580868751322,-0.4904155283419972,0.49183038645718724,0.2304090716260574,0.12282522855775556,0.16809108826660746,0.16353046571885757,-0.053381776151130114,-0.2655960565708798,0.47785432712462456,-0.4406051811897955,-0.046912379405010605,-0.4814110360863129,0.744254586222762
2012-08-02,0.33358334751231633,-0.17800275988999945,0.08145349640129608,0.2127734233622226,-0.20420010484737802,0.036623474911829684,-0.10928949557277633,0.3262339555032029,-0.25092057137218443,-0.4228848199583581,-0.20816849774924384,0.28358362236974327,0.11765328667742289,-0.028732438833433932,0.08319292709839977,0.12464544838023361,-0.12603792721642498,-0.31084332517021224,0.4609387912562572,-0.4789945062583815,0.024333466649864858,-0.19955225398049975,0.7512044592853832
2012-08-03,0.17292393205791637,-0.31007320879910355,-0.06407250964697618,0.13686951004418033,-0.25474725708642415,-0.03405856737479844,-0.15084833207719936,0.2986398334023942,-0.2857421225209269,-0.5957995854769719,-0.622512291504654,0.10884896035146624,0.005051540667217742,-0.16885332852066692,0.00479456363283282,0.08527366684565459,-0.19475194134204032,-0.3533665347243625,0.44384509434192315,-0.5153756079522447,-0.12185119208563186,-0.61332609186902,0.7828216936497503
2012-08-06,0.7398563637665342,-0.4697174912289209,0.5942531171958174,0.4732088118327456,-0.3129686261053545,0.3160309576606272,0.06040967646230508,0.26823718698582083,-0.10093553282058437,-0.5687483306753647,-0.4700214805410633,0.7254499019248053,-0.13105933872046177,0.46502081564102377,0.3521870718278905,0.03992434606064079,0.14558990207785777,-0.1372062828327646,0.4250116043203892,-0.3222920975461607,-0.09898166767180021,-0.46104504157679776,0.7957499928534756
2012-08-07,1.1141975139650373,-0.6293617736587384,1.1127564730482549,0.7290016504095108,-0.37118999508974354,0.5942792106880268,0.22667287605047157,0.23783544806943735,0.046643503498544105,-0.5714459403571095,-0.4136187844425261,1.132586789448425,-0.2671702181081413,0.9642659574595921,0.6163860973327269,-0.005424974697468401,0.4160907785440382,0.032915055296580446,0.40617867646688294,-0.1681034485318152,-0.10126226614784528,-0.40471993092308745,0.8154369491357509
2012-08-08,0.9723552818975822,-0.7890060560885558,1.0316569870605858,0.7049880823459929,-0.4294113640407641,0.5852002242090579,0.22404114829891203,0.2074346061764783,0.04729168065246664,-0.5284825603597382,-0.24733182527080302,0.9783178696336416,-0.40328109749582075,0.8861786626979944,0.5915833651038825,-0.05077429542958647,0.4072645818895569,0.030222258286800616,0.38734630429137523,-0.16742624150988314,-0.0649403995669193,-0.2386617098895858,0.8299730504631675
2012-08-09,0.7047764813130785,-0.8797424227229487,0.7250591544123679,0.5982734232561986,-0.47451836229739136,0.48301044395872,0.16999903883361878,0.18143298049995185,0.0020342151099218453,-0.5391839087194603,-0.24029718426214774,0.6872966982248623,-0.4806418802753701,0.5909684645111823,0.48136171427317215,-0.08590867595100198,0.3079201122555255,-0.025073898651963005,0.3712391091803743,-0.21471065021633703,-0.07398747517832653,-0.2316367454706967,0.8428822208595315
2012-08-10,0.5819763833386303,-1.0371757935201784,0.6216343745033898,0.559031375932335,-0.5323502410523503,0.4544374590312772,0.1558981758697413,0.15116194960767465,-0.007815192313700696,-0.6093882076519724,-0.3868831050027364,0.5537381790762178,-0.6148677618292421,0.49138508027575456,0.440830045288749,-0.13095461811024459,0.28014269628962135,-0.03950197222528121,0.352487150865967,-0.22500118240924433,-0.1333392109912483,-0.37802102808664423,0.8684232872969151
2012-08-13,0.739810964026872,-1.1968200759499958,0.9335142216146696,0.6745681781535445,-0.5905716099099437,0.5969891207655394,0.23646218286154305,0.12076373713279388,0.06691150659588192,-0.6257504734653432,-0.3763119563206397,0.7254005247492245,-0.7509786412169216,0.791681108727568,0.5601637636470442,-0.17630393876959125,0.4187252355195489,0.04293152303077121,0.33365640753284564,-0.1469277036987936,-0.14717210858615962,-0.3674644206823509,0.8906195075739367
2012-08-14,0.919217446776336,-1.3564643583798153,1.3211001300374898,0.8105145719761087,-0.6487929787384868,0.7673944303897756,0.33108967641837617,0.09036638097565129,0.15514602554285395,-0.7280264987024233,-0.5876005601592346,0.9205246700627813,-0.8870895206046028,1.1648713294529636,0.7005777993513286,-0.22165325940631012,0.5843858824645908,0.13975484814173691,0.31482619466182143,-0.05474143109402453,-0.23363774847100885,-0.5784623837989662,0.921029944827564
2012-08-16,0.6389794266156446,-1.3724591143936078,0.8643946957951059,0.6888811502933238,-0.6873825225341108,0.6408887614287281,0.2688472317312249,0.06602067221762511,0.10175197129079716,-0.7140648719105026,-0.4732226174482828,0.6157352146863055,-0.9007264656520131,0.7251288153224682,0.5749471067322054,-0.2517111166848995,0.4614025610615481,0.07606806715323033,0.2997447883697854,-0.11052684137899614,-0.22183438603490974,-0.4642417751194961,0.9255794816487184
2012-08-17,0.5765498708189575,-1.5321033968234252,0.8376185258303304,0.6766067213510094,-0.7456038913075013,0.6437937795744777,0.2721180833496121,0.03562499916135568,0.10800985527667711,-0.7029275674587715,-0.3808992498487559,0.5478362540108169,-1.0368373450396926,0.6993471639203375,0.5622693000225598,-0.29706043727865933,0.46422669363390257,0.0794148189029914,0.2809156181271911,-0.10398868595030214,-0.21241874680001527,-0.37204540410060455,0.9458663906056812
2012-08-21,0.9693572596623551,-1.6917476792532424,1.6744588644166387,0.9239214076295423,-0.803825260054709,0.9543695053722094,0.43495215641727136,0.005230153116098136,0.2602558819252477,-0.5472271361656191,0.07048350635756102,0.975057192999695,-1.1729482244273721,1.5051056393503788,0.8177115534936773,-0.34240975785202515,0.7661549362135023,0.24602745761040468,0.2620869601920923,0.05507597358564363,-0.08078733669288377,0.07871644682369767,0.9585802131422287
2012-08-22,0.7641312505192129,-1.808056291636143,1.36354774785289,0.8456637727455736,-0.8573810803805048,0.880924358568516,0.4006085861537319,-0.023814359106907438,0.23268806028953848,-0.6284834782154932,-0.14469705276179715,0.7518514926455507,-1.272111609866853,1.205742360926366,0.7368821174950109,-0.3841250269496891,0.6947547517867199,0.21088694459342586,0.24409479189077943,0.026273473716443025,-0.14948263056804417,-0.136168117945174,0.9811447642531475
2012-08-23,0.6778563766716932,-1.9677005740659603,1.2977450643395816,0.8236180138966603,-0.9156024490780029,0.875301865186549,0.3996339617808741,-0.05420757964930453,0.23583018258800853,-0.5957995854769719,-0.039603405715562374,0.6580181441313787,-1.4082224892545325,1.1423837159111672,0.7141118631094506,-0.42947434748433555,0.6892888077198666,0.20988970405616483,0.2252671409039404,0.029556322041806093,-0.12185119208563186,-0.03121903379962605,1.0009069401350887
2012-08-24,0.3318248895898242,-1.58195275226,0.4151988979220801,0.6452953609170866,-0.9128716183559058,0.6558458819880651,0.3019784001958221,-0.06749299353721518,0.14704234756378048,-0.5849590001010629,-0.00417330842957213,0.28167110731489275,-1.0793383322477001,0.2926170151920053,0.5299289461647231,-0.427347270768127,0.47594322457584004,0.10996804458026882,0.21703724188588924,-0.06320804797136137,-0.11268640347479647,0.004162327166146612,0.9678392385375205
2012-08-27,-0.039189115225076586,-1.1238132964365226,-0.27375099054647617,0.4326048537584006,-0.8725152112517778,0.3864514304375608,0.18054730780610984,-0.06977552415493089,0.03465039038993656,-0.5018431725391947,0.21215945800647193,-0.12184714620308762,-0.6887339005372185,-0.3707439464914488,0.310248735263938,-0.39591318252295615,0.21404962967746846,-0.014280857034856102,0.21562328544855883,-0.18063369641670907,-0.04241907349167741,0.22019751431829884,0.9242671714696161
2012-08-28,-0.18080405901370075,-1.185508125778464,-0.4906246900260186,0.33228216598901417,-0.912386735221501,0.27228024818092333,0.12524470205696545,-0.09490666902319184,-0.014511162087911708,-0.5338299619551861,0.10508569758127559,-0.27586886518952286,-0.7413342025812087,-0.5795625387556722,0.20662911677824108,-0.4269695894944659,0.10305736096928252,-0.07086676008127901,0.2000553260143399,-0.23199704414596084,-0.06946117068214279,0.11327104056389146,0.9395532870452616
2012-08-29,-0.5804584147462684,-0.638278645806925,-0.9399068779843742,0.07519217330790566,-0.8078060694652622,-0.05186892196238592,-0.028048403787984785,-0.07763669381159684,-0.15841721195468242,-0.4307168255607233,0.3585965645874588,-0.7105366285169907,-0.2747726407630881,-1.012157520277182,-0.05890969154539467,-0.3455104579211782,-0.2120663951569272,-0.22771703336449775,0.21075353633995178,-0.38234820490274396,0.01771217515539723,0.36643318747785136,0.8865508689119411
2012-08-30,-0.2728677221883215,-0.7979229282367423,-0.5840164017436703,0.20679276087297782,-0.8660274380525657,0.1122275500872362,0.054352420515039856,-0.10802601188568996,-0.07963831387374688,-0.4490462254566961,0.2676172855149081,-0.3759981543661522,-0.4108835201507676,-0.6694855022907957,0.07701572053419957,-0.3908597783699926,-0.052538926317581565,-0.143404097440526,0.19192830281035828,-0.3000410414403691,0.0022162337846136845,0.2755790561078953,0.9049163076684004
2012-08-31,-0.7491683931612599,-0.22330182272186633,-1.0087968978005961,-0.09735417940778496,-0.6954970200759943,-0.2596118747354453,-0.12972126257838987,-0.06813885726285081,-0.2532666013643474,-0.28678272232161567,0.6518935810645488,-0.8940271570619646,0.07903182661859678,-1.0784888319742687,-0.23712648016052384,-0.25803159588758595,-0.4140250784312164,-0.3317492114514321,0.21663714947730872,-0.4814456077431245,0.13939616032174046,0.6593267555196037,0.8412279184449505
2012-09-03,-0.7037025181409668,-0.378503253892694,-1.0074909226686466,-0.12446149980971279,-0.7521388048512977,-0.289838557301185,-0.14748485260310634,-0.09802601489078668,-0.2686339990902274,-0.2918424961192435,0.5570026845287392,-0.8445780520557844,-0.05329112887575073,-1.0772313632759425,-0.26512463551969906,-0.30215055960992226,-0.44341014747563,-0.34992500568894985,0.19812298866231795,-0.49750126411084694,0.13511855393187194,0.5645663873614607,0.8600882303740903
2012-09-04,-0.44091572028209863,-0.5381475363225114,-0.7512586596787327,-0.021275139153931016,-0.810360173381088,-0.16627888773990046,-0.08539582627774422,-0.12841309787177468,-0.20925132927222523,-0.47008859416785415,0.029925440750020547,-0.5587687070082945,-0.18940200826343023,-0.8305160604124096,-0.15854723451686883,-0.34749988001393906,-0.32329079884163203,-0.2863952031362356,0.17929913970310413,-0.4354590265243156,-0.01557329089710592,0.038214171378315086,0.8901914860698715
2012-09-05,-0.8251615872448975,-0.2106121459211329,-1.0816670147717096,-0.2769067889275336,-0.7017606883751641,-0.4660306630036856,-0.24276252303255225,-0.10623018857256505,-0.3573385604677741,-0.3607285490869963,0.3091979907984239,-0.9766780558364755,0.08985089913535024,-1.1486524123464135,-0.42257977402876334,-0.26291044205311687,-0.6146964664386286,-0.4474135950307472,0.1930407592717056,-0.5901786309059386,0.0768812824384651,0.31710256452426133,0.8549026321238563
2012-09-06,-0.6133520333920265,-0.3702564283509503,-0.9073540580157539,-0.20718688595816415,-0.7599820568698014,-0.38655190407623546,-0.20337960587625264,-0.13661582412632997,-0.31971526203102474,-0.36844995261064645,0.2518379691151625,-0.746312031535658,-0.04625998025232926,-0.9808137747866448,-0.35056864766069185,-0.30825976242975256,-0.5374306661455268,-0.4071167970462119,0.1742178069484553,-0.5508703002506176,0.07035349555063941,0.2598214451471911,0.8715477004597343
2012-09-07,0.3780072762804932,-0.5299007107807677,0.19917653753872536,0.3278764153584072,-0.8182034253477574,0.2500020497176139,0.12348284871089169,-0.16700074846183982,-0.009964476020797683,-0.8356167838606477,-0.9772296140770871,0.3318994970221978,-0.18237085964000876,0.08461814164901009,0.20207857881283062,-0.353609082793395,0.08139946322924067,-0.07266949724478941,0.1553952952027036,-0.2272467259458562,-0.3245961410174034,-0.9675554785241433,0.9203198335535827
2012-09-08,0.4657921447355796,-0.689544993210585,0.3454475810113191,0.3953828808230359,-0.8764247938095961,0.342192535004682,0.16996838382785995,-0.19738496978085854,0.03685756410296552,-0.9813389192462258,-1.2222310010642496,0.4273751295983173,-0.3184817390276883,0.22545639663459108,0.27180352690076676,-0.3989584031444835,0.17102305223893974,-0.02510526500731387,0.13657321895371388,-0.17832767015823697,-0.44779175457682174,-1.2122198507423771,0.952242604665542
2012-09-10,0.4380705010347298,-0.8491892756404025,0.3563016146004255,0.4002287277134878,-0.9346461622558727,0.36015900738138024,0.17876047612291018,-0.2277684961901889,0.04816931718930246,-0.8327512914815164,-0.6801928089255108,0.39722481423112393,-0.45459261841536774,0.23590729049541895,0.27680862412446716,-0.44430772348345043,0.1884892769933634,-0.016109152157954824,0.11775157317957503,-0.1665092983225884,-0.32217361206623985,-0.6709272661217041,0.9598047215250486
2012-09-11,0.6043140368531335,-1.00883355807022,0.6419850816797178,0.5152516686965587,-0.9928675306871122,0.5167757909818511,0.2553746806920112,-0.25815133570279164,0.12481615469200558,-0.8013541494607892,-0.5090818886438699,0.5780328170599214,-0.5907034978030473,0.5109799229622606,0.39561159408841207,-0.48965704381070485,0.340745317318151,0.06228288548654686,0.09893035291650809,-0.08642968389680925,-0.2956300113632921,-0.5000517196392446,0.9779888018208668
2012-09-12,0.873072163378274,-1.1684778405000373,1.1219314779023684,0.6982469450588811,-1.051088899103828,0.7654237175499362,0.3753582341140092,-0.2885334962388764,0.2442833383481661,-0.8991372579430207,-0.6916527602499463,0.8703366342387213,-0.7268143771907267,0.9731001849489153,0.5846206920597162,-0.5350063641266465,0.5824700409646363,0.1850506579835512,0.08010955325819051,0.038388068738864536,-0.3782972740501927,-0.6823714535645753,1.0078774591969653
2012-09-13,0.7886168772993389,-1.3281221229298548,1.087020503980146,0.6904510828287352,-1.1093102675065183,0.7746869578197648,0.38035500806001304,-0.3189149856269743,0.2532537796392025,-0.7196441761877355,-0.13898105561261348,0.7784822861638139,-0.8629252565784062,0.9394858718878739,0.5765686323709678,-0.5803556844316636,0.5914753611585378,0.19016338209886724,0.06128916935509175,0.04776026860020843,-0.2265512110515737,-0.1304599835084513,1.0152708371482408
2012-09-14,1.891714651575406,-1.487766405359672,3.0778808574110244,1.3648891248304915,-1.167531635895655,1.6855628253493677,0.8050668001470922,-0.34929581160501966,0.6729893051281757,-0.8013541494607892,-0.3282107562326255,1.9782215993941072,-0.9990361359660858,2.9020978686822794,1.273170908070641,-0.6257050047261236,1.476989350331319,0.6247306138623326,0.04246919641380315,0.4862944617529706,-0.2956300113632921,-0.3194293868109129,1.0485330485101882
2012-09-17,1.9094965438061082,-1.6474106877894894,3.0778808574110244,1.4700691069554672,-1.225753004271706,1.8624693483508366,0.8886346048736478,-0.3796759818214083,0.7618310300870251,-0.1670715166052002,1.3445974059500014,1.9975613493875277,-1.1351470153537653,3.1724160002353403,1.3818074474462154,-0.671054325010391,1.6489701947888387,0.7102376099975453,0.02364962969638231,0.5791151352657542,0.24060175547136475,1.3510777228626947,1.0170008030349678
2012-09-18,1.5698538381456657,-1.7493676377270326,2.9064743066096304,1.3658373786305857,-1.2756339800931316,1.7532138874150904,0.844550377620194,-0.4078814676138912,0.7248135799506125,-0.15478795346318247,1.204546783828368,1.6281628101690457,-1.2220743384277089,2.6913616533526357,1.2741503245832775,-0.709907213764344,1.5427567770214836,0.6651304079869239,0.006177212067117438,0.5404397869991687,0.2509864584814642,1.211219749152701,1.05013537781398
2012-09-20,0.9717446902836316,-1.0004609472626116,1.1607466602673466,1.0898662098762701,-1.1589604825791142,1.3178531921054903,0.6930848123109812,-0.3916308437705112,0.5717332937875905,0.03484928443011758,1.5377907537141704,0.9776537845627911,-0.5835651061084037,1.01047369662592,0.9891098431608872,-0.6190288308779449,1.119518002370216,0.5101500833285084,0.016243966053084872,0.3805035040221911,0.41130853867993106,1.5440053210641531,0.9568646214622706
2012-09-21,1.980910185611223,-1.160105229692429,2.8043552729955805,1.709995482916685,-1.2171818509185113,2.1786509127408276,1.0891103769815207,-0.42200909171237827,0.9706522562764935,0.10707430361995347,1.5265666849235302,2.0752314848664706,-0.7196759854960832,2.5930355174779613,1.6296185866264759,-0.6643781511336622,1.9563481903715048,0.9153654235966068,-0.0025744098752998614,0.7972888241225358,0.4723686208005311,1.5327966916838627,0.9892662603899017
2012-09-24,1.5371822504966326,-1.1551348882752333,2.1231123865569708,1.5426213350287172,-1.2378338259776631,1.9683278078064197,1.0088901990310568,-0.44231183040388805,0.8963129120293645,0.08390595517464261,1.2719755273404276,1.5926288901102201,-0.7154383295596801,1.937095304914078,1.4567439783585332,-0.6804642215504719,1.751881195136701,0.8332837359368537,-0.015151322467616777,0.719620048502597,0.45278176191786235,1.278555740200404,0.9881960524924778
2012-09-25,1.364761776543798,-1.3147791707050507,2.0175465390799654,1.5049058046804578,-1.2960551942946583,1.9569555370447573,1.0058846314345518,-0.47268883347610396,0.901194652558965,-0.3350885345220922,0.03448247143888155,1.405102792396197,-0.8515492089473596,1.8354503764869343,1.4177889926761726,-0.7258135417887401,1.7408255670241413,0.8302084241262897,-0.033968927238128235,0.7247204272275943,0.09855772382218367,0.042764933585746276,1.0351055826793283
2012-09-26,1.09242700689477,-1.4275983631429423,1.6689316866751949,1.3976282457375775,-1.3449008210228202,1.8411871043053571,0.9593116615421413,-0.500636555660061,0.8615766363634938,-0.3710267856514806,-0.05973223803648925,1.108908985168293,-0.9477375550679294,1.4997837516436985,1.3069859432673412,-0.763859984748888,1.6282805207124216,0.7825547281888847,-0.05128166836152031,0.6833280415191073,0.06817500340415963,-0.05132017764965542,1.052714174157934
2012-09-27,0.8260871446998062,-1.4965727118607488,1.2598340661401126,1.27704664662305,-1.3858874984228895,1.6979461561516882,0.9028388187306643,-0.5266208848111215,0.8109965300027947,-0.38651974385647064,-0.08927957097679962,0.8192352945787701,-1.0065442916217444,1.1058808052569806,1.1824416395365223,-0.7957849980669924,1.4890278871384788,0.7247714327220962,-0.06737814881514212,0.6304826072265726,0.055077031110081706,-0.08082686638094398,1.0653500078214042
2012-09-28,1.1554072141617975,-1.6562169942905662,1.9954775867980943,1.4858334197278682,-1.4441088667090647,2.0332394464343007,1.0471880503209192,-0.5569960738696283,0.9653372830290309,-0.5849590001010629,-0.5845201911194859,1.1774068394616108,-1.142655171009424,1.8142011076299636,1.3980898269506437,-0.8411343182812545,1.8149854732432333,0.8724702890950293,-0.08619462986081004,0.7917358095141362,-0.11268640347479647,-0.5753862519999653,1.105190270689493
2012-10-01,1.124303124246341,-1.8158612767203837,2.0986669987851267,1.5033150478897495,-1.502330234985658,2.100313790124956,1.0765202906621523,-0.5873706721406724,1.0036624801292264,-0.5365061161899715,-0.38202173444258153,1.1435777443949355,-1.2787660503971034,1.9135578659617305,1.4161459584291674,-0.886483638488053,1.8801922393569794,0.9024831842488722,-0.10501074493209421,0.8317774747226638,-0.07172363041114461,-0.3731663446464937,1.1256255184329733
2012-10-03,1.0718834497045422,-1.9755055591501989,2.158475916372659,1.5055129869757755,-1.5605516032529974,2.1463015827928817,1.0964754798113252,-0.6177446864326029,1.0327274768891703,-0.49388289015973197,-0.22069797564874424,1.0865656228939142,-1.4148769297847812,1.9711453650704154,1.418416128962002,-0.9318329586876436,1.9248995756585445,0.9229014336816416,-0.1238264982465544,0.8621442036009523,-0.03568933494338271,-0.21206449679757464,1.1466046648358819
2012-10-04,1.3837686320441354,-2.1351498415800183,3.061892017514765,1.7148539118731065,-1.6187729715113963,2.5062567932732303,1.2437188763950466,-0.6481181234750715,1.1939249692568707,-0.5098179677477982,-0.23054305129556796,1.425774823739572,-1.5509878091724625,2.8410068509124238,1.6346366794038698,-0.9771822788802704,2.274832410327284,1.0735616141640298,-0.14264189397299967,1.0305612375686315,-0.049161081396894055,-0.22189602992557836,1.1776492188185002
2012-10-05,0.8644237580768918,-1.3676560677806522,1.2377505428002364,1.458683927077986,-1.518186464680517,2.0464034418384704,1.1071919913016781,-0.6407915346002921,1.0503961901932872,-0.4202772646141841,0.03158211985178664,0.86093054886825,-0.896631443341917,1.0846175065391845,1.3700481134259042,-0.898834245472908,1.827782938297844,0.9338666218852437,-0.1381033009645365,0.8806042444179452,0.026537931878607673,0.03986857161410602,1.0935508508840943
2012-10-08,0.15981087034617994,-0.27255359554388753,-0.08179358795987914,1.064892996459046,-1.1485364040760284,1.2798876868495905,0.8821822599724685,-0.556104971354473,0.7971516955412186,-0.3197763579977768,0.2879038886432997,0.09458707349133749,0.037040331475921735,-0.18591621182825546,0.9633159285021899,-0.6109093914368886,1.0826095857477729,0.7036355383943305,-0.0856426196805978,0.6160177050649843,0.11150286065298703,0.29583775374175175,0.9598496799204307
2012-10-09,0.3662164802835662,-0.43219787797370496,0.1645242101783164,1.159675455016391,-1.2067577723093907,1.4350032314118129,0.9521535666858504,-0.5864767162528918,0.8760976312146979,-0.41506681258615497,0.0085608693715505,0.31907571854882055,-0.09907054791175776,0.051252868517944195,1.0612132477748248,-0.6562587116100139,1.2334061866287789,0.7752305296986273,-0.10445696717664756,0.6984993872216895,0.030942923836874647,0.01687898830729471,0.9867074889328558
2012-10-10,-0.12422877604399682,-0.13714994778209916,-0.37290673129216895,0.8628213647813826,-1.0548585426857056,0.97699451034874,0.7823169441430784,-0.5539141466864324,0.6950250151760915,-0.40726275349499425,0.02996310775868893,-0.21433706563492125,0.1524839244981695,-0.4662168519065428,0.7546035639635363,-0.5379425846058344,0.7881499841953508,0.6014528473136358,-0.08428547221523826,0.5093170837127237,0.037540588944139135,0.03825178657365139,0.9491883809240084
2012-10-11,0.3451900294093531,-0.2967942302119166,0.11484963328143707,1.095618234895709,-1.113079910903771,1.302795881594128,0.9341229275817429,-0.5842847957345881,0.8570879544343608,-0.49653470834359537,-0.2005435872970152,0.296207156649986,0.01637304511048998,0.003423301153065375,0.9950508984823367,-0.583291904767045,1.1048799385325039,0.7567814895062336,-0.10309914086627207,0.6786383252845366,-0.03793122062083765,-0.19193783207066578,0.9736908343995674
2012-10-12,0.027312581382200246,-0.2860648550418986,-0.21849684987838036,0.8993887607077434,-1.0946594865774009,1.0400239106826275,0.8250729552573731,-0.5911858834806375,0.7470900758398155,-0.49653470834359537,-0.1721014365136586,-0.049519287624436976,0.025520786999169844,-0.3175420511082351,0.7923726837823255,-0.5689440159102744,0.849424431915874,0.6452010119216425,-0.10737414921331187,0.5637139788600124,-0.03793122062083765,-0.16353480524898126,0.9733453178156567
2012-10-15,0.1073409355552559,-0.445709137471716,-0.12182027735705032,0.916619543743851,-1.1528808547811904,1.0868857496565105,0.844509462900478,-0.6215554617841844,0.7741456536871555,-0.6559078562008018,-0.556360528648845,0.03752028847981479,-0.11059009238850966,-0.22445623283113894,0.8101697265461271,-0.6142933360603653,0.8949814781051421,0.6650885438408922,-0.12618715457149832,0.591981293111631,-0.17266759875044066,-0.5472653249106106,1.0051460163762813
2012-10-16,-0.2409877576031397,-0.32525317525688574,-0.5012077646988767,0.6909923688666915,-1.093471310085609,0.7701262737155283,0.7146542075280418,-0.6158898401311652,0.63912990460036,-0.7476479463572551,-0.7173022463690341,-0.3413252108527515,-0.007890724174321661,-0.5897525376366655,0.577127706833502,-0.5680185310276027,0.5870416619922042,0.5322199964906282,-0.12267747888715534,0.45091860245727716,-0.25022600581684684,-0.7079856572073316,1.000345950501962
2012-10-17,-0.11705201702262646,-0.4848974576867031,-0.37339674050132515,0.7206403352628472,-1.1516926782760775,0.8285955084710347,0.7386325210354878,-0.6462583722188655,0.6703561088770491,-0.8614910398132811,-0.9141358761942582,-0.20653155633166037,-0.14400160356200117,-0.4666886612291949,0.6077500021004344,-0.6133678511673175,0.643882914634728,0.5567547269064743,-0.14148983614729677,0.4835433327127124,-0.34647061347859653,-0.9045485300336313,1.0284378056081254
2012-10-18,0.37173441438521126,-0.6445417401165205,0.21802626346989343,0.9700443392117244,-1.2099140464602254,1.1828807185573214,0.898165940049452,-0.6766263902203123,0.8430795364792392,-0.9813389192462258,-1.1009003435814784,0.3250770745699605,-0.28011248294968066,0.10276775242689161,0.8653502350347233,-0.6587171713021093,0.9883036209811158,0.7199901198631291,-0.16030187494705841,0.6640025132261234,-0.44779175457682174,-1.0910560911861782,1.0564491976430983
2012-10-19,0.03066762133627909,-0.5480247343507237,-0.20236801886849629,0.766643438265178,-1.1748169888904727,0.8976213677697384,0.7824947421089671,-0.678939714673334,0.7231381275292738,-1.047027407739479,-1.1244921758890178,-0.045870315226674355,-0.19782319372052456,-0.302012275969829,0.6552649171036818,-0.6313796533227004,0.7109868595327828,0.6016347710823867,-0.16173490720371106,0.5386892961992734,-0.5033257585378839,-1.1146154714492151,1.0540073297182908
2012-10-22,0.28879993392679654,-0.7076690167805412,0.1291652743708509,0.891876668951481,-1.2330383570626156,1.0880857132169774,0.8660861006096423,-0.7093067221995415,0.8176222602863783,-1.5232958477360585,-2.198753204257484,0.2348767687143996,-0.33393407310820405,0.017207231739509103,0.7846137201907321,-0.6767289734481412,0.8961480306038627,0.6871658675571883,-0.18054632004561763,0.6374050836611661,-0.9059700275716505,-2.187398786419007,1.1127641251126792
2012-10-23,0.030267532290070315,-0.7094914310976612,-0.19433640764218577,0.7327528467133996,-1.237817335512636,0.8753831851598541,0.7763906213824545,-0.7237824108738159,0.726905302981359,-1.304132510870286,-1.3491774139403396,-0.04630545576337292,-0.33548784259832626,-0.29427897426512,0.620260570181455,-0.68045137693,0.6893678634688746,0.5953890041978951,-0.1895135571231492,0.5426251918931644,-0.7206861536875151,-1.3389916408682538,1.098326455039642
2012-10-25,0.13190399958602805,-0.8691357135274785,-0.048871344624461945,0.7684056144306802,-1.2960387036735765,0.9456494762725436,0.8042264072344912,-0.7541484310690282,0.7632327687878924,-1.3651759585844747,-1.3287087649797023,0.06423530346608852,-0.4715987219860057,-0.15421676406681528,0.6570850041252105,-0.7258006970467152,0.757677702345522,0.6238707196271669,-0.20832435834433727,0.5805796535465924,-0.7722931725871025,-1.3185511478176077,1.1234041337798173
2012-10-26,-0.23308498800413358,-0.6157846323316147,-0.5160835950617453,0.5400137925330097,-1.2161849995191263,0.6091227890392612,0.6700424699045727,-0.7434508963944996,0.6192007494728374,-1.1474476376426848,-0.5954425997016842,-0.3327300857492211,-0.2555945035414889,-0.6040758509872022,0.42118748207425627,-0.6636016916541366,0.43052106125099887,0.48657304322869926,-0.20169756968300812,0.4300968815560428,-0.5882224820450502,-0.5862936361243442,1.083748006419899
2012-10-29,-0.2011840422625839,-0.7754289147614322,-0.4890448270152023,0.5220542759848202,-1.2744063676696191,0.6012777064999777,0.6620784295205596,-0.7738159518714096,0.6170337130722704,-0.8759320366217943,0.18094375844459584,-0.2980343229366444,-0.3917053829291684,-0.5780413549022096,0.40263775723844664,-0.7089510117627142,0.42289441245900544,0.47842419723992724,-0.22050777329133486,0.4278327902372337,-0.35867924230171266,0.18902475390833592,1.0833542053410161
2012-10-30,-0.7490024937829685,-0.07805744024684247,-0.9665346251849862,0.17109505832137029,-0.9781218449693406,0.08310776069870543,0.44896708960172715,-0.6908252132571453,0.37753942199783563,-0.8614910398132811,0.1970643398012432,-0.8938467233680362,0.2028655168948955,-1.0377962616226897,0.04014487505090892,-0.47817145281416207,-0.08084792185090661,0.26036760740325565,-0.16909760240833444,0.17761228393467837,-0.34647061347859653,0.20512316039459702,1.0059855365506525
2012-10-31,-0.4784829114108956,-0.23770172267665987,-0.7368428633330134,0.26529679044677584,-1.0363432131100814,0.21029807949116927,0.5048158969560357,-0.721189326109163,0.44107827417401085,-1.0893487022511326,-0.4107435067642475,-0.5996271305641147,0.06675463750721598,-0.8166356945289255,0.13744238332704742,-0.5235207729151435,0.042800986406520726,0.3175123866663584,-0.18790722208997723,0.24399684654817494,-0.5391047967066315,-0.40184860836952985,1.0403299212920258
2012-11-01,-0.21413285379314287,-0.3973460051064773,-0.47759714898278405,0.37301057398970106,-1.094564581246194,0.3592780949800521,0.5703079930455397,-0.7515529757747663,0.5155131115589896,-1.1876488831330803,-0.6073712546658626,-0.3121175697848366,-0.06935624188046352,-0.5670188656969237,0.24869599309900084,-0.5688700930125199,0.18763289218570842,0.3845242272374516,-0.20671655484210102,0.32176539215091365,-0.6222091999238237,-0.5982058824757149,1.0654351081958437
2012-11-02,0.2407103848608446,-0.5569902875362946,0.04434812271126912,0.607298813776757,-1.152785949377836,0.6798429700372673,0.7151685884442807,-0.781916167588001,0.6751127734193269,-1.3201141653322732,-0.8662278625683314,0.18257413161787997,-0.205467121268143,-0.06445964742527278,0.4906837085619862,-0.6142194131064145,0.49927215217671195,0.532746313619106,-0.2255256039689805,0.48851303368028276,-0.7341972769079478,-0.8567064168841898,1.0936651109005
2012-11-05,0.2540661837335225,-0.7166345699661121,0.08727135158445475,0.6118468679748598,-1.2110073175051632,0.7038250615792927,0.7219420260149424,-0.8122789068213224,0.6889573576065122,-1.020035504713897,0.018516479877759014,0.19710002165302604,-0.3415780006558225,-0.023130670005494944,0.4953812266542346,-0.6595687331969479,0.5225865008241093,0.5396769288491197,-0.24433437273673722,0.5029776743584573,-0.4805064109790914,0.02682090424705381,1.0900128267253064
2012-11-06,0.37821201635626545,-0.8762788523959295,0.2836868286311,0.6814558945508666,-1.2692286856283157,0.8169585420119143,0.7687555214130343,-0.8426411986863052,0.7459630801232118,-0.8499724710496748,0.45505565391118574,0.33212217421693596,-0.477688880043502,0.16598955763951415,0.5672778328690412,-0.7049180532842295,0.6325699608520869,0.5875767316880045,-0.2631428643737788,0.5625365084595939,-0.3367326478469231,0.46275959127640937,1.0982244774621197
2012-11-07,0.6123031116908464,-1.035923134825747,0.6648965228993157,0.8217324928541303,-1.3274500537474425,1.0316726936655343,0.8599596381978037,-0.8730030483343743,0.8515833307174888,-1.0560618494233929,-0.13028232835033596,0.5867218085370671,-0.6137997594311815,0.5330403890939424,0.7121643776959534,-0.7502673733683756,0.8413057411492495,0.680897240548429,-0.28195108207125225,0.6728871663434965,-0.5109636069915287,-0.12177322189091698,1.134969501431352
2012-11-08,0.34951571451153585,-1.0526067808798734,0.2899867306963948,0.6868039026851048,-1.347244463103529,0.851683391036005,0.7837632436862256,-0.8919115099126769,0.7736537930990324,-1.1443704838328317,-0.3375730511515788,0.30091181166313663,-0.6280240442051649,0.17205546919925785,0.5728015939927664,-0.765685475600688,0.6663279521205797,0.6029327082463348,-0.293664283533326,0.5914674035953577,-0.5856210114406121,-0.3287788033062068,1.1481177038060288
2012-11-09,-0.13658633357150182,-0.52173228331277,-0.39681422166561564,0.40732183606862155,-1.180338057598146,0.4229767678900925,0.6166975873144475,-0.8523980207329627,0.5844627432078363,-1.098471070438222,-0.17359505627813007,-0.22777725917622588,-0.1754065523127331,-0.48923637200664843,0.28413483515388266,-0.6356800797832833,0.24955797766037532,0.4319902923189134,-0.26918691093932506,0.39380306646519203,-0.5468169795054201,-0.16502637044581953,1.092565481654162
2012-11-12,-0.14903376037558236,-0.6799563798533161,-0.4176802557734645,0.3754181874910645,-1.2380399214791322,0.3932019385309915,0.5979904872442184,-0.8825924221654777,0.5702471348669167,-0.9518035338348871,0.2277700312342502,-0.241315195371603,-0.3103065975424924,-0.5093274013891638,0.2511827286323008,-0.6806247518019237,0.22061218069440242,0.4128490938796321,-0.28789139969644406,0.378950784598656,-0.4228221100006149,0.23578661422384858,1.101778524429613
2012-11-13,-0.2774626285470106,-0.7710948754714622,-0.5868692952957808,0.27644461636862777,-1.273140275087821,0.26596354572492986,0.5375746381687259,-0.9056859252687067,0.5090802345447574,-0.9371102920703415,0.2384763460197634,-0.38099561690092076,-0.38801023086935127,-0.6722324338775258,0.14895656316663253,-0.7079648371054877,0.09691653696722113,0.3510312946648812,-0.3021971036900225,0.3150444062924951,-0.410400229621423,0.24647820180210844,1.1149653625185392
2012-11-15,-0.5496056812800179,-0.6211359695545736,-0.8981151187264867,0.087909943183177,-1.2243144445112835,0.003755485922565518,0.4206910544007186,-0.9021336480248475,0.38135247791954,-0.7588998469933907,0.6674515694099632,-0.6769809110427453,-0.26015699212066595,-0.9719179875103208,-0.04577397427380622,-0.6699338136046458,-0.1579907597411317,0.23143542663623515,-0.2999965788702662,0.18159611494379535,-0.25973852633344874,0.6748633428765923,1.0912628290715498
2012-11-16,-0.965112786822951,-0.17590398005511987,-1.209332337811937,-0.19771481926454365,-1.0287801930800453,-0.37810002088104,0.24148300660130212,-0.8469395596339797,0.17972597051777714,-0.5687483306753647,1.0715420698828033,-1.1288902712746953,0.11944268222995183,-1.2715759992183768,-0.34078529796296236,-0.5176298461433243,-0.5292141120891567,0.04806885501545044,-0.2658055647488636,-0.029060625723166297,-0.09898166767180021,1.078397991530315,1.0305103660214012
2012-11-19,-0.8715755406731983,-0.3343660309708766,-1.173122551254489,-0.20974340389266652,-1.0864680549042118,-0.39421161319144987,0.22663967411020636,-0.8771121114694872,0.1673747428025578,-0.4464230325982826,1.2492522990308024,-1.0271582996633808,-0.015660240163781668,-1.2367111139267992,-0.3532091811124462,-0.5625636117924121,-0.5448771029392825,0.03288108290509271,-0.2844965183629698,-0.041965027070252285,0.004433919195425461,1.2558637691160224,1.0408918005560426
2012-11-20,-0.7665393630017707,-0.494010313400694,-1.1145393558645884,-0.20767949047073614,-1.1446894229956759,-0.3923834228423922,0.2203832278527857,-0.9074706018403638,0.16422637168595405,-0.6807376709922334,0.48866796155843856,-0.9129199840738543,-0.15177111955146116,-1.180303811330788,-0.35107744076414593,-0.6079129318550113,-0.5430998156198239,0.02647945577483695,-0.30330265509312815,-0.04525440407916013,-0.1936590854569954,0.49632566308706466,1.0761464980540312
2012-11-21,-0.3130527153512174,-0.6536545958305114,-0.6171108394874869,0.0041565061315323015,-1.2029107910841914,-0.1103103371554864,0.34326719432138786,-0.9378286937622651,0.3023727493000719,-0.7786605890372301,0.17658012294715497,-0.41970372355838154,-0.2878819989391407,-0.7013507488284084,-0.13227982242359537,-0.653262251915314,-0.2688806028281644,0.15221494542054478,-0.32210854499658936,0.09907912635862866,-0.27644454518253236,0.1846671208651136,1.098799447035153
2012-11-22,-0.17334255398387785,-0.8132988782603288,-0.4553653407184348,0.06093651916170067,-1.2611321591698572,-0.029069479122443127,0.37380530106504284,-0.9681863918220484,0.34043557877847747,-0.9371102920703415,-0.25044564765680694,-0.26775366350124186,-0.4239928783268202,-0.5456127896425637,-0.07363383298077358,-0.6986115719733968,-0.1899017662543414,0.18346168911389257,-0.3409141909147682,0.13884667330376388,-0.410400229621423,-0.24177124901766694,1.1299826383756435
2012-11-23,-0.16955909728755103,-0.9725632423292787,-0.45975385560349213,0.04748165962704332,-1.3192403601388603,-0.04218165799976723,0.36198301117201426,-0.9985076577597725,0.3320030532505798,-1.0051116623276133,-0.39006420165476124,-0.26363874110330066,-0.5597798436888537,-0.5498383066260774,-0.08753086308192756,-0.7438727448105823,-0.2026488575302325,0.17136506291316472,-0.35969726827105736,0.13003648080383498,-0.4678895774789681,-0.3811977489407754,1.155972712829977
2012-11-26,-0.07906944005563109,-1.1322075247590961,-0.33360396835789224,0.08502384347743888,-1.3774617282191157,0.015904781712396905,0.38138062260019906,-1.028864581644819,0.35822115153016737,-1.0080923602012586,-0.3447384552215382,-0.16522135530709064,-0.6958907230765332,-0.4283738693423783,-0.04875492062870964,-0.7892220648644511,-0.14617974161670652,0.1912127960305944,-0.37850243461216326,0.15742880734480297,-0.4704095028314711,-0.33593435091361057,1.1771161996325579
2012-11-27,0.679191981897208,-1.2918518071889136,0.8885297848015447,0.5151165816230283,-1.435683096296805,0.6378194132957193,0.6427764902366782,-1.05922112511324,0.6557956302557404,-1.2250885464561416,-0.8545350581007582,0.6594707606930044,-0.8320016024642127,0.748367480603648,0.39547206761306747,-0.834571384916321,0.4584186740070013,0.45867435633948184,-0.3973073652970495,0.4683307348829836,-0.6538612360564146,-0.8450296966022787,1.213626315468785
2012-11-29,1.3757113538843506,-1.4514960896187308,2.179426159312665,0.95166458004688,-1.4939044643720145,1.2907673423835753,0.914144357028875,-1.0895772925438698,0.9680288652061406,-0.8041991407547827,0.3387475190311228,1.4170116537002981,-0.9681124818518922,1.9913174756067524,0.8463664570392805,-0.8799207049662593,1.0931863147139855,0.7363393161041567,-0.4161120630382672,0.7945479394070446,-0.2980352083987825,0.346611445528176,1.212180582764585
2012-11-30,1.6289186838480771,-1.6111403720485482,2.827981164572387,1.1686578160212053,-1.5521258324448277,1.6408927386422398,1.0565023859826754,-1.1199330882650216,1.1376518319379023,-0.8672617186981519,0.13553328749519317,1.6924022811131054,-1.1042233612395718,2.6157838979035057,1.0704907984576693,-0.9252700250143311,1.4335630305804146,0.8820007639715433,-0.4349165305170714,0.9717677989108005,-0.35134922937312046,0.14367674790887563,1.242996903824939
2012-12-03,1.3378313812057705,-1.7297845406587058,2.4265129536399357,1.0817845199581622,-1.602969863537037,1.5404586146968968,1.0148840569703872,-1.148191420788736,1.098878629172061,-0.7336236510468294,0.4634427145231884,1.3758130460461333,-1.2053780150609383,2.229226990141351,0.980762562554141,-0.9648730490389659,1.3359253338159607,0.8394166813855268,-0.45242168504600216,0.9312580632360358,-0.2383696625033563,0.4711351149606872,1.2501560187724383
2012-12-04,1.3018195567137354,-1.8894288230885232,2.5483332284266855,1.1238720842630263,-1.6611912316053024,1.637820723783831,1.051237263345479,-1.1785464858767747,1.149598113426786,-0.653157668143961,0.6124422194307834,1.3366462535896824,-1.3414888944486179,2.346522625118102,1.024233261488037,-1.0102223690834953,1.4305765510511614,0.8766134641320499,-0.47122569992040936,0.9842491177312658,-0.170342549751057,0.619929661707292,1.2689050563952038
2012-12-05,1.2139121176795082,-2.0490731055183407,2.5571967001049956,1.1317454056099916,-1.7194125996714102,1.6847218354345406,1.0670118495203749,-1.2089011919430506,1.1771349275404763,-0.46218583870239965,1.025758922365781,1.2410373121212144,-1.4775997738362974,2.3550568903742404,1.0323653258528116,-1.0555716891263442,1.4761717764325257,0.8927540996735118,-0.49002949239204635,1.0130192213465767,-0.00889218643894913,1.0326778216032197,1.2813397616231263
2012-12-06,1.2891633712940593,-2.208717387948158,2.944431838754021,1.2273216070292168,-1.7776339677354323,1.871642845428941,1.1367068891461591,-1.2392555431196324,1.2674440730938261,-0.8413534062701779,-0.07764867622662945,1.3228812695985919,-1.6137106532239769,2.727909369591337,1.131082472966511,-1.1009210091675685,1.6578882705463274,0.9640664131107906,-0.5088330650206006,1.1073730367245271,-0.32944596507214136,-0.06921197065573799,1.3289131580749631
2012-12-07,0.9266936105113811,-1.9659062993270582,1.8343427731544353,1.0715853496189602,-1.778751790459589,1.6254973957563952,1.0530472331672907,-1.2545718330375395,1.1752363343073067,-0.9224662410297924,-0.2732853068828832,0.92865581469406,-1.406692711245211,1.65905115154688,0.9702282142136329,-1.1017916946590431,1.4185963463378068,0.8784654343144057,-0.5183210283177225,1.0110355959418331,-0.3980199357960386,-0.2645794908604739,1.3150790003371704
2012-12-10,0.8096085290450397,-2.1255505817568756,1.717716037567312,1.036183157204056,-1.8369731585196483,1.6028176136353658,1.0410914005997502,-1.284925486640863,1.1707593096439801,-1.0560618494233929,-0.578290051298424,0.8013130002095243,-1.5428035906328903,1.5467561577135123,0.9336625902939257,-1.1471410146971808,1.3965480463932376,0.866232166580605,-0.5371241688214274,1.0063580590662737,-0.5109636069915287,-0.5691646821268452,1.3460467450105367
2012-12-11,0.6153735821827897,-2.204848696355555,1.3233605834547921,0.9484861318527322,-1.884058771660888,1.4868412325956835,0.9963714375381063,-1.3124311174647434,1.126776278900407,-1.0080923602012586,-0.3778386795074884,0.5900612805632123,-1.61041225125972,1.1670478252734005,0.8430835546711619,-1.1838165620208252,1.2838008417683067,0.8204744765085606,-0.5541630481531673,0.9604051631871932,-0.4704095028314711,-0.36898904376573344,1.3578932429060366
2012-12-12,0.44055909315897646,-2.266489466163465,0.9373979317690838,0.8604592573511688,-1.9291467332763084,1.3656397398333455,0.9501261778928307,-1.3394823468708552,1.0803499472599916,-1.0560618494233929,-0.4495559329328408,0.3999314299778681,-1.6629664627666465,0.7954205704011286,0.7521638299792991,-1.2189361146746842,1.1659740102805511,0.773156095336536,-0.5709204399969413,0.9118995384530129,-0.5109636069915287,-0.44060764561246185,1.3746400039649838
2012-12-13,0.0823124643828169,-1.5832821786366,-0.04114422207378945,0.6559976395029592,-1.8382441940240652,0.9900938624836637,0.8309660467965114,-1.331679202529611,0.9374665914263441,-0.9961817362040507,-0.2352013827429063,0.010299092393790173,-1.080471785888796,-0.14677664174143956,0.5409829365297436,-1.1481310394559632,0.800884605868922,0.6512308526852042,-0.5660866357591858,0.7626168750604578,-0.4603400880007797,-0.22654795354594223,1.315544530252619
2012-12-14,0.2876895081664222,-1.7429264610664175,0.38181677384675955,0.7582978058664827,-1.8964655620769832,1.181365157774848,0.8975393017034136,-1.362031508511112,1.024592631093095,-1.1412954932244286,-0.5746965481176034,0.23366905941590244,-1.2165826652764755,0.2604747675477462,0.6466450200056042,-1.1934803594885384,0.9868302585591192,0.7193489403705217,-0.5848889414532563,0.8536450229956222,-0.5830213696381549,-0.5655761220349558,1.3475373418801966
2012-12-17,0.06766852723572363,-1.6528656598660065,-0.06022512021672252,0.6259620490018976,-1.9014639655706524,0.9660453368558282,0.8212000760876892,-1.3787127946324702,0.938450715344618,-0.9341775571563811,0.033732390668820916,-0.005627788709175771,-1.1397978618173483,-0.1651488385495646,0.5099602785656061,-1.1973736757617033,0.7775056728863369,0.6412382625676549,-0.5952224772714305,0.7636450748726128,-0.4079208528529143,0.042015884598813516,1.3334848077846635
2012-12-18,0.3608261177425757,-1.812509942295824,0.5512371912887398,0.7790641642806844,-1.9596853336203537,1.2450767000791931,0.9184953442513597,-1.409064449841808,1.0630785838370955,-1.0772150635129034,-0.33524755607948625,0.3132131105336477,-1.2759087412050278,0.4236025841338631,0.6680938286854835,-1.242722995791773,1.0487678551004365,0.7407912680111708,-0.6140243798324685,0.8938546436005117,-0.5288468419689436,-0.3264565070983901,1.3654575038419443
2012-12-19,0.5656805709238371,-1.9721542247256414,1.0577513393485813,0.8977658859021315,-2.01790670166853,1.4749057707036977,0.9967240138724883,-1.439415785270562,1.1661424896214507,-1.0681368714747317,-0.2660695425039047,0.5360147031967707,-1.4120196205927074,0.911303820446041,0.7906964760176959,-1.2880723158206546,1.272197703679627,0.8208352343788916,-0.6328260842994212,1.001534465825857,-0.5211720063292274,-0.25737365221781355,1.388940659696198
2012-12-20,0.3786911516843598,-2.014384935743208,0.6704721882275955,0.8006817409956283,-2.0551429135263573,1.3280745992370562,0.9438456401761707,-1.4646438179547228,1.1100054744470744,-1.113717422438191,-0.34612421401375343,0.3326432862188612,-1.4480250391788376,0.5384089634650251,0.6904218294756627,-1.317076046664055,1.1294548108055738,0.7667298177045849,-0.6484540627099145,0.9428832458062492,-0.5597064673255726,-0.3373182035077227,1.403262504572108
2012-12-21,-0.22814486066986392,-0.5609316793356306,-0.5056637959593648,0.4495322542996646,-1.605492072199523,0.5899644462107467,0.733311182873005,-1.3565069322294345,0.8283456854985666,-1.020035504713897,-0.05840900482623293,-0.32735715769742024,-0.20882750659265253,-0.594043063307291,0.3277324253946523,-0.9668376275373627,0.41189615176686845,0.5513099070600941,-0.5814666389718032,0.6486087782204547,-0.4805064109790914,-0.049998764629644046,1.246328203271674
2012-12-24,-0.14303118368939902,-0.720575961765448,-0.4118651166572656,0.4658675848094906,-1.663713440243423,0.6313107024160151,0.7438168889572092,-1.3868573302249654,0.8483632878658025,-1.0620951937734642,-0.15630918372107677,-0.23478673760563576,-0.34493838598033205,-0.5037282477482226,0.3446045881416958,-1.0121869475629137,0.45209118774798934,0.5620593981168368,-0.6002677627281489,0.6695229076421714,-0.5160642840922008,-0.14776427569026027,1.269345582922099
2012-12-26,0.2647125074666324,-0.8802202441952655,0.13160279289344204,0.6750285819660843,-1.721934808285995,0.9743703764325212,0.8731146725941494,-1.4172074229058478,1.0110272998654215,-1.1814399765401098,-0.4398827291016942,0.20867906153674898,-0.4810492653680115,0.01955421612593751,0.5606392978304425,-1.0575362675874302,0.7855989150814258,0.6943575375966472,-0.6190686973516044,0.8394721421610831,-0.6169600999485167,-0.43094774787967677,1.2970370736519097
2012-12-27,-0.06189282686127528,-0.7338446577099799,-0.30967624407948396,0.4820291270042031,-1.6553153869558728,0.6535724642167697,0.7580150848880421,-1.410602033080209,0.8713167425383876,-1.294571471084821,-0.6708018930766786,-0.1465399123761202,-0.35625112356072064,-0.4053348668635414,0.36129725132279156,-1.0056456033979744,0.47373310647799655,0.576587063269191,-0.6149768646320127,0.6935043771953724,-0.7126031115366455,-0.6615492680664147,1.290041604695928
2012-12-28,0.24222363105879166,-0.8934889401397973,0.10369706078095413,0.6366650445492471,-1.7135367549959202,0.9114324714372574,0.8539581649165089,-1.4409515256299203,0.9946356349428881,-1.3297312610940888,-0.6717200758337158,0.18421995213951486,-0.49236200294840016,-0.007315043308547038,0.5210150094537961,-1.0509949234205247,0.7244134151584933,0.6747565030437356,-0.6337774274929491,0.8223463448084297,-0.7423277095968569,-0.6624661878055014,1.3123867939562597
2012-12-31,0.17596262440361868,-1.0501840115755416,0.03728038953632773,0.5941804693434113,-1.7706846009086399,0.8657781160553389,0.8308281565538549,-1.470988001893611,0.9749800770735427,-0.9253911317842527,0.4554247082709496,0.11215387017266826,-0.6259584189566625,-0.07126487136728255,0.4771342525458961,-1.0955080642164035,0.6800302321162216,0.6510897626986418,-0.6523840865397709,0.801810474747969,-0.400492680997971,0.46312813797876234,1.3068550536548265
2013-01-01,0.5067384056174651,-1.209828294005359,0.5778071223331684,0.7782938353845856,-1.828905968946333,1.1831787508759664,0.946406753504751,-1.501336908042089,1.124164640223506,-1.3105181674208826,-0.589447982574508,0.471908660582931,-0.762069298344342,0.44918565672666677,0.6672981842694791,-1.14085738423712,0.9885933550676071,0.769350361683278,-0.6711842861434556,0.9576765572188346,-0.7260846806487684,-0.5803072649688776,1.3534052434468964
2013-01-02,0.7656634203260163,-1.3694725764351763,1.0742129645953813,0.9393086811743666,-1.8871273369829098,1.4734883580346174,1.0503090601957197,-1.5316855260400821,1.2607194822000234,-1.304132510870286,-0.49427406060379897,0.7535178946587112,-0.8981801777320215,0.9271540292019542,0.8336045030318204,-1.1862067042569668,1.2708197565941415,0.875663722022647,-0.6899843072469135,1.1003472720159984,-0.7206861536875151,-0.48526426069506584,1.3757180117606824
2013-01-03,0.7847143171073141,-1.5291168588649937,1.2083354383712501,0.9752347330951431,-1.9453487050184066,1.5651015564009683,1.0794743154491326,-1.5620338592026466,1.306671152986053,-1.381382623883578,-0.6260653796359419,0.7742378257054539,-1.034291057119701,1.0562949357853,0.8707112021892982,-1.2315560242759724,1.3598821323120143,0.905505757198708,-0.7087841519037182,1.1483569772909985,-0.785994523243214,-0.6168742925048113,1.4030515970368609
2013-01-04,0.726042657344683,-1.6887611412948111,1.2055796179668465,0.9663184383491069,-2.003570073052862,1.5833559695878898,1.0814842587577693,-1.5923819108066548,1.319427430198242,-1.4139772155411623,-0.6261912865954485,0.7104259874158734,-1.1704019365073806,1.0536414718624656,0.8615018889179663,-1.2769053442941667,1.3776282806263824,0.9075623412538469,-0.7275838221437904,1.1616845690605144,-0.8135504652924422,-0.6170000262714009,1.4272286096960376
2013-01-07,0.405783974845534,-1.493323903592859,0.517656436216507,0.8016881454506773,-1.9740191731087386,1.2898808594102649,0.9875412199495137,-1.5994427569689347,1.2051896563970912,-1.2376399868051116,-0.0900927967260292,0.36210969056745906,-1.0037743950518574,0.3912690830307714,0.6914613076634303,-1.2538877948336558,1.0923245144379954,0.8114393536679945,-0.7319577958406456,1.042330435518698,-0.6644724063549717,-0.08163897348716777,1.4021288414308097
2013-01-08,0.4484356965845066,-1.6529681860226764,0.6582466841831729,0.828979755657789,-2.032240541141212,1.3650921063153278,1.0092358410804922,-1.6297902551358432,1.24195700876808,-1.4468165136304763,-0.612784557807669,0.4084980965097942,-1.1398852744395367,0.5266375382050541,0.7196498091918375,-1.2992371148503068,1.1654416247399617,0.833637398612114,-0.7507571232437175,1.0807444849075158,-0.8413132857196132,-0.603611739279646,1.437887083788673
2013-01-09,0.14431612258384277,-1.4113680874916337,0.044151542675980475,0.6575534205100882,-1.9847349716224605,1.052161881370567,0.9090699441391898,-1.632040828279676,1.1175498727482742,-1.4303660468538273,-0.48875913663833265,0.07773484291616213,-0.933899808685905,-0.0646489260991495,0.5425898455748499,-1.2622344584806122,0.8612244402677152,0.7311471514330067,-0.752151283023966,0.9507655345831769,-0.8274058217469936,-0.4797569228532894,1.4188898857650514
2013-01-10,0.09415147439564671,-1.5675324575628067,-0.021518406635795986,0.6163408654888439,-2.042006621782232,1.005504033866673,0.8865277269367792,-1.662134620784955,1.0983163471194541,-1.4468165136304763,-0.46522655431056104,0.023175308875543577,-1.0670437548134766,-0.12787976691690214,0.5000229115834218,-1.3068440318854924,0.8158657057329616,0.7080818419455465,-0.7707934476925431,0.9306705982937321,-0.8413132857196132,-0.45625671106795845,1.4415088022665474
2013-01-11,-0.06386474570308452,-1.5875694359763008,-0.30872140872038634,0.5102576722128666,-2.0640685659682183,0.8313188718731108,0.823496389364115,-1.6829754046872487,1.0250162393009588,-1.4600215771243452,-0.43641116348902975,-0.14868458949558108,-1.0841270521957775,-0.40441549593009324,0.3904534785926568,-1.3240283441215384,0.6465304503485461,0.6435878618073988,-0.7837036624905164,0.854087603316723,-0.8524770385352973,-0.4274809576231732,1.4510095766915874
2013-01-14,0.5062097353962998,-1.747213718406118,0.8126666031611578,0.8179331554097192,-2.12228993399712,1.3921160785162088,1.0133629271223799,-1.7133218336699818,1.2745507991417164,-1.3073241738796872,0.014450528800041707,0.4713336739744389,-1.220237931583457,0.6753220037530768,0.7082401816318161,-1.369377664135407,1.1917131577555389,0.8378602537102956,-0.8025023275673806,1.1147980512494202,-0.7233844320353975,0.022760546139971416,1.4641800107304002
2013-01-15,0.684814763801849,-1.9068580008359355,1.270232272328447,0.9310046670241174,-2.180511302025207,1.6244756269074978,1.087840326670635,-1.7436680029990963,1.3796732767018005,-1.3458068909494343,-0.08370124104351973,0.6655861501516993,-1.3563488109711366,1.115892802025293,0.8250275918935682,-1.4147269841486412,1.4176030270045659,0.9140659017606583,-0.8213008317969369,1.2246286423706427,-0.7559182809822074,-0.07525620979023814,1.4902151834458504
2013-01-16,0.16045813568997846,-0.9295814730959244,-0.002309367434684157,0.6461889847676978,-1.8910852564398715,0.9951605210997115,0.9191970657796736,-1.6801260809537801,1.14486864125616,-1.2156985450820466,0.26352920173856,0.0952910452490144,-0.5231340815046549,-0.1093841884564866,0.5308519374095639,-1.1892895750674528,0.8058101914978851,0.7415092729917476,-0.7819385954181596,0.9793078269983265,-0.6459227922671814,0.2714965957470967,1.383118429951219
2013-01-17,0.4221125825243162,-1.0892257555257419,0.40700126684010923,0.7873047895082896,-1.9493066244664037,1.2539199064538247,1.0084009874157187,-1.710471739901492,1.2673150139626037,-1.209449724076017,0.24793452935177424,0.37986883487849304,-0.6592449608923344,0.28472385992907273,0.6766052677343546,-1.234638895079476,1.0573648365696198,0.8327831721630548,-0.8007367834823754,1.1072381974303938,-0.6406399480663065,0.25592337480993577,1.4039053754961286
2013-01-18,0.5540607465222515,-1.2488700379555593,0.6680758337329177,0.8680676209993679,-2.007527992492196,1.4188994150661411,1.0624281722418092,-1.7408171480529988,1.3462600816230517,-1.2470772589886165,0.12175314905282196,0.5233768750073666,-0.7953558402800139,0.5361016141951713,0.760022229271183,-1.2799882150909228,1.2177507552341185,0.8880640581362733,-0.8195348161861742,1.1897189726984245,-0.6724508135742856,0.12991556491092077,1.4280804650639707
2013-01-21,0.611760403252509,-1.4085143203853767,0.8368924691078872,0.9129449038703871,-2.065749360517281,1.5271973911502699,1.095462442283463,-1.7711623082930148,1.399131159318608,-1.3201141653322732,-0.07896966127316593,0.5861315538341034,-0.9314667196676935,0.6986480743440154,0.8063743260218116,-1.3253375351018186,1.3230333477806582,0.9218648886118843,-0.8383326953165463,1.244957983909895,-0.7341972769079478,-0.07053113860451966,1.4546611475349052
2013-01-22,0.2616911514657464,-1.1713622641738495,0.1878108849603979,0.7242800636788329,-1.9933377572936835,1.1684963284862817,0.9854731330827808,-1.7653822334269915,1.2561353195401985,-1.2470772589886165,0.12117864340588416,0.20539300688406323,-0.7292736036459041,0.07367463131434887,0.6115093438629174,-1.2689352711482458,0.974319741192787,0.8093232768331461,-0.8347521194409664,1.0955577987614642,-0.6724508135742856,0.12934184953252073,1.4282745549365348
2013-01-23,0.2637937693755815,-1.3310065466036667,0.22769828366059236,0.7198951330363283,-2.0515591253174135,1.1873917952193236,0.986093579619956,-1.7957269063656478,1.266905029084365,-1.3169131597299901,-0.07125465283797805,0.20767983351535327,-0.8653844830335836,0.11208053514521941,0.6069803100983214,-1.3142845911580865,0.9926890939449212,0.8099581208359283,-0.853549696703364,1.1068098505860953,-0.7314911001961054,-0.06282674264715096,1.4541990439347756
2013-01-24,-0.05142114339878794,-1.0908052724749469,-0.29248882251625313,0.5319003072434308,-1.970338598965369,0.8353114740736665,0.8737320855439047,-1.7867379039073188,1.119371561570507,-1.0711608425321282,0.5711563042125043,-0.13515081286144254,-0.660591638879744,-0.38878581926533706,0.41280736119643385,-1.251020951605589,0.6504118849411462,0.6949892776175954,-0.84798129039482,0.952668811264136,-0.5237285154609126,0.5787005378539453,1.4170032643813952
2013-01-25,0.3758549060671563,-1.250449554904764,0.38641836352202324,0.757006320273881,-2.028559966987837,1.2403177890618566,1.0126974475432946,-1.8170821006897087,1.3083883158337541,-0.9783763902062553,0.7378267883024989,0.3295585593267511,-0.7967025182674234,0.26490544531306365,0.6453110919843298,-1.2963702716144465,1.0441414483316316,0.8371793316735963,-0.8667785726932802,1.1501510465994071,-0.4452871894206699,0.745141756243147,1.4328356107425952
2013-01-28,0.3193071230026307,-1.4100938373345815,0.3410907067595296,0.7260784516527263,-2.086781335009705,1.2142716906010085,0.9973720367216531,-1.8474260634933926,1.29871291994027,-0.8614910398132811,0.9447750483977294,0.2680566689226545,-0.932813397655103,0.22126134509023934,0.6133668327309635,-1.3417195916228366,1.018820561729371,0.8214982946021482,-0.885575710049239,1.1400423193797138,-0.34647061347859653,0.9518053460313484,1.4482278332619967
2013-01-29,0.07594065824043982,-1.337174780865012,-0.07987330495321841,0.5836814100309122,-2.071888582212586,0.9610644248073089,0.913045764317194,-1.857505832226148,1.192127187610449,-1.0681368714747317,0.29461507007925664,0.0033690572658442923,-0.8706434486338707,-0.184067251833742,0.466290159902359,-1.330119448318943,0.772663446349185,0.7352152305420285,-0.8918198120016345,1.0286829387926104,-0.5211720063292274,0.30253970352686504,1.457186383571551
2013-01-30,0.10246608766487895,-1.4968190632948295,-0.01587893209826696,0.5843045929949555,-2.130109950233317,0.9849700893159287,0.9146331408536545,-1.8878493351144803,1.2038079501750154,-1.0954281666909433,0.18891811646279338,0.03221835895326742,-1.0067543280215503,-0.12244975333359151,0.46693382269107336,-1.3754687683264475,0.7959034959514061,0.7368394421605146,-0.9106166644543956,1.0408868469099752,-0.5442444644022318,0.1969881426971022,1.4806981774642698
2013-01-31,-0.08306517089924831,-1.4731060651928864,-0.34276889701306146,0.46398881121295726,-2.1343572265662174,0.7746248000202008,0.8418651104624972,-1.903457382981366,1.1130393620962304,-1.172143110212919,-0.029938572046211424,-0.1695671490254403,-0.9865368985248644,-0.4371983948822076,0.34266407191727716,-1.3787770226689497,0.5914149340432608,0.6623828291887671,-0.9202853626897035,0.9460530119841032,-0.6091003938830818,-0.021567494714954248,1.4886735019354025
2013-02-01,-0.3613115267988102,-1.1678010293864516,-0.7652182726107789,0.28011363282330876,-2.0381256178842744,0.42816090901729986,0.7283399640127426,-1.8904295823174855,0.9601475545744148,-1.2882090351117037,-0.32145577518006724,-0.4721904519822894,-0.726237335818199,-0.8439571864134824,0.15274615546828338,-1.3038210715239942,0.2545977746883045,0.5462233310364369,-0.9122150470190266,0.7863136490289695,-0.7072242155894599,-0.31268369765831705,1.4686493565238459
2013-02-04,-0.4149264394167358,-1.2815975784325793,-0.8738749779227557,0.21182165445058038,-2.0801643558974146,0.3194589199144219,0.6833264154249467,-1.9161448145334996,0.9077761967662283,-1.1076125031494934,0.1861260617939117,-0.5305025254386485,-0.8232589649439453,-0.948578172258084,0.08220987995618584,-1.3365655474385882,0.14892241821787153,0.5001652427843499,-0.9281448303249205,0.7315967386269431,-0.5545452797303471,0.19419992867447414,1.4746231750298282
2013-02-05,-0.6090408336558801,-1.1334274670833548,-1.1316602082618326,0.06039988755835793,-2.0281310551023,0.05072816241968639,0.5862954563110153,-1.914713195142451,0.7794741301019097,-1.0260193277542045,0.37391690753291523,-0.7416231309402077,-0.6969308318736028,-1.1967887622701403,-0.07418810004879277,-1.2960361870160684,-0.11232596212178296,0.40088267968365393,-0.9272579868197035,0.5975484156527968,-0.4855652220439382,0.3817324563310295,1.4586661548848217
2013-02-06,-0.5211172164338436,-1.2930717495131723,-1.0480245510152715,0.063040965493113,-2.08635242312051,0.06221281960741073,0.5819206476513342,-1.9450555937331055,0.7808791511772734,-1.1320834702471891,0.05578967648851519,-0.6459965939254662,-0.8330417112612823,-1.1162594945385893,-0.07146022767939018,-1.341385507021609,-0.10116107680303439,0.3964063535628509,-0.9460541551945388,0.5990163633156244,-0.5752333913752671,0.06404282923891232,1.485691568126271
2013-02-07,-0.6238279371492949,-1.3009012585822424,-1.216834728869231,-0.03830264657960834,-2.093289439077376,-0.11337078001398748,0.5137265971561926,-1.9607229370588417,0.6938989208576389,-0.942981667395264,0.5363654523095056,-0.7577057210818634,-0.8397170606589875,-1.2787997370112003,-0.17613432137071067,-1.3467888317324448,-0.27185583256129653,0.32662985971797176,-0.9557595851148877,0.5081405550813165,-0.41536397575153255,0.5439575429490603,1.4811255158304186
2013-02-08,-0.8322320307541312,-1.0496006650260523,-1.4267217102121665,-0.20516019062399815,-2.000461174725251,-0.40220682913050204,0.40391998321144706,-1.9466970788872386,0.5451536012140874,-0.8643754276265438,0.6711522563796939,-0.9843679354081831,-0.6254610643966978,-1.480891111317071,-0.3484753485079043,-1.2744837861975002,-0.5526497049071987,0.21427518263967704,-0.9470710039861627,0.35273338848719843,-0.34890911690470944,0.6785589393193701,1.4540264354684445
2013-02-11,-0.7785418252351645,-1.199048892450113,-1.4177394452381618,-0.23006059137072551,-2.0548291066478255,-0.44601361845253984,0.3791493490978775,-1.9758910113675143,0.5177386650174335,-0.7252306060151531,0.9438587872475578,-0.9259739726982215,-0.7528789045348898,-1.47224246497721,-0.374194057634278,-1.3168316187325433,-0.5952367644047966,0.18892974581330202,-0.9651557334706619,0.3240906213272624,-0.23127406011204296,0.9508903452558366,1.4665497425145084
2013-02-12,-0.4908537532698822,-1.3586931748799305,-1.018815208965631,-0.11445948145744889,-2.113050474664313,-0.24537017566467947,0.4405140387540467,-2.0062325713688027,0.6057552331391157,-0.8213080568051946,0.5775830081756909,-0.6130817722668607,-0.8889897839225693,-1.0881350437526818,-0.2547939182234188,-1.3621809387367425,-0.40017991664099883,0.25171840346008106,-0.983951382365573,0.41604918175731354,-0.31249933496809223,0.5851184014828882,1.4911288269039398
2013-02-13,-0.3535384736101334,-1.518337457309748,-0.8245956663710173,-0.06836724331478276,-2.171271842680404,-0.16152617352910295,0.4608641879908688,-2.0365739277149832,0.6394146131777811,-0.8701499155414879,0.37994808348630554,-0.46373640764301427,-1.0251006633102488,-0.9011291893215673,-0.20718693880841582,-1.4075302587406326,-0.31867041633922183,0.2725407780316964,-1.0027469051025044,0.4512160622592264,-0.3537909530086799,0.3877553360237525,1.5148993937122694
2013-02-14,-0.6027853280851377,-1.180885527152653,-1.1389452912220515,-0.23759361754891756,-2.065240634796717,-0.459335567270163,0.34958229494530146,-2.0193480108663775,0.4861302807783203,-0.8846195746519272,0.29611060220360763,-0.734819585386618,-0.73739302814991,-1.2038032632074678,-0.38197464362118183,-1.3249412825525881,-0.6081877849132696,0.1586765879922189,-0.9920759875568814,0.291066594440298,-0.36602381335888995,0.304033178453012,1.4859872691304905
2013-02-15,-0.6099602634306086,-1.3081032845047986,-1.1971161730052866,-0.27945149833729754,-2.1120128176406685,-0.534229992398508,0.31433340293264583,-2.046309369305059,0.4433684184914426,-0.8413534062701779,0.37130057610506156,-0.7426231112431505,-0.8458574251416486,-1.259813566318886,-0.4252081108891436,-1.3613726952683558,-0.6809968948330113,0.12260974522951919,-1.008777707142881,0.24638955941010943,-0.32944596507214136,0.37911972383109394,1.5018617396906093
2013-02-18,-0.4539452169161516,-1.467747566934616,-0.9884456732115622,-0.225837073495093,-2.170234185655655,-0.4420622716586448,0.3373024421225178,-2.076650128629586,0.479857861975986,-0.5499115019818781,1.0736819615159487,-0.5729397077192097,-0.9819683045293282,-1.0588934910927619,-0.3698317411865112,-1.406722015271386,-0.5913954365281928,0.1461117811112135,-1.0275728600435425,0.284513253225271,-0.0830567386123445,1.0805349396083517,1.5081003289988908
2013-02-19,-0.07481185143429706,-1.6273918493644333,-0.3289547878324103,-0.03302410896644226,-2.2284555536702957,-0.09434478677529712,0.4466981533961625,-2.1069906935059506,0.634937718687425,-0.6807376709922334,0.6014206247450268,-0.1605907626545684,-1.1180791839170077,-0.42389736834274944,-0.17068231379595372,-1.4520713352741466,-0.2533595876048239,0.25804602051946607,-1.0463678924896396,0.44653866138668585,-0.1936590854569954,0.608923227916059,1.5349546719077294
2013-02-20,-0.04768963557718378,-1.7870361317942507,-0.27536362795561475,-0.022358555398030208,-2.2866769216846055,-0.07031711865797839,0.446904439801949,-2.1373310661700335,0.6415895560555039,-0.7392279746325849,0.3759379122101724,-0.13109239053877683,-1.2541900633046872,-0.3722966874389085,-0.15966625535224385,-1.4974206552766491,-0.23000093138881098,0.25825709380253303,-1.0651628058662308,0.45348841416206914,-0.24310763920748443,0.38375068098963994,1.560213387506784
2013-02-21,-0.7739485582303554,-0.012738157098334438,-0.9715442141607876,-0.4466805433368936,-1.4495132766481422,-0.7405089851065264,0.17993951311207215,-1.8664588650406706,0.23725099320017026,-0.3787664054123415,1.2548528735939068,-0.9209782931398527,0.2585559865753538,-1.0426197848081185,-0.5979328477145589,-0.8453438778314817,-0.8815323796634774,-0.014902755608405299,-0.897365936239124,0.031040766406388712,0.06163181624434382,1.2614566397376699,1.3121268945013445
2013-02-22,-0.6984730116047072,-0.17187834959081816,-0.943301071347753,-0.4463541665819397,-1.5073980204314303,-0.7469254280980083,0.16819417868696007,-1.8966639834089132,0.2258636748745254,-0.4176712627734384,0.9950483270260636,-0.8388903925149399,0.1228748884715178,-1.0154256467568528,-0.5975957451549797,-0.8904309971936725,-0.8877701670857051,-0.026920640589123194,-0.9160770638032507,0.019143444995977112,0.028741083752948184,1.002009470612889,1.3329832045587195
2013-02-25,-0.5813852358238891,-0.33152263202063553,-0.863573158707575,-0.4162576485841008,-1.5656193884448086,-0.7091934351377693,0.17489057364514227,-1.9270037925955064,0.238710038116152,-0.43333061348451574,0.8285332100048062,-0.7115446476691296,-0.013235990916161709,-0.9386589824649597,-0.5665101574178096,-0.9357803171954497,-0.8510887609833806,-0.02006885574587257,-0.9348716281231337,0.032565157472068236,0.015502440813159012,0.83572340557528,1.3526370640915075
2013-02-26,-1.2707514130886226,0.4901466934662111,-1.2133874836182255,-0.8458215199843178,-0.9426538203473263,-1.1783060842358313,-0.1004135513566009,-1.6541502188867412,-0.14225958509278666,-0.2716384234305438,1.1387330222302192,-1.461305660122047,0.6873098272972923,-1.275480529093265,-1.0101908986280954,-0.4505449841601612,-1.3071397203757542,-0.30176141461539663,-0.7658473600586735,-0.3654669274581189,0.1521993709587256,1.14549651851003,1.1932958322866454
2013-02-27,-0.8262862832879168,0.3305024110363937,-0.9230549799231346,-0.6553073554591801,-1.0008751883601346,-0.9532970564121228,-0.00038651520631785785,-1.684489663137063,-0.014176487689500509,-0.5660523836191057,0.2382148687216799,-0.9779012856259928,0.5511989479096128,-0.9959315341913945,-0.8134158173065595,-0.49589430416149455,-1.0883957082323146,-0.1994132504927951,-0.7846416983119328,-0.23164738070704854,-0.09670247480353264,0.24621708418244262,1.2215750693867646
2013-02-28,-1.577715420961785,0.94358421815494,-1.2413024171394094,-1.1310745971555063,-0.43322081373633214,-1.3638765987663655,-0.30707945841831524,-1.3684496494970457,-0.40483442279504217,-0.9518035338348871,-0.7801418747564401,-1.7951625462297691,1.0739054465916307,-1.3023586481783909,-1.304818322250304,-0.05374152136689685,-1.4875433214069762,-0.5132230052869382,-0.5888647793641787,-0.6398016873282388,-0.4228221100006149,-0.7707388457459639,1.1148303559856594
2013-03-01,-1.1631088649523138,0.7839399357251225,-1.0358753581211608,-0.9711808161918082,-0.4914421817486123,-1.2089110556501608,-0.22947349489214253,-1.3987887371547376,-0.31175233715866796,-1.1938666154668909,-1.297908087331065,-1.3442326319762268,0.937794567203951,-1.10456154608572,-1.1396699101605139,-0.0990908413678188,-1.3368925454221823,-0.4338161949128324,-0.6076588967194395,-0.5425507403802279,-0.6274657613088543,-1.2877928384322213,1.1409315413707235
2013-03-04,-1.196068070529458,0.6552185634938421,-1.0998602540444082,-1.0450349731799344,-0.5261975560879271,-1.2985499322499456,-0.29309360483314073,-1.415152162015764,-0.3875424657857729,-1.3169131597299901,-1.4432025953948444,-1.380079367946381,0.828048205456917,-1.166169919645677,-1.215951155618011,-0.12616221819175352,-1.4240355711981532,-0.49891260988564395,-0.6177955274132158,-0.6217352765657518,-0.7314911001961054,-1.4328874847904653,1.161432391721384
2013-03-05,-0.3485510182141471,0.4955742810640247,-0.5266904450806607,-0.6085228529208969,-0.5844189240997119,-0.8302665761334531,-0.043815079023485165,-1.44549090123351,-0.08654619224182351,-1.4074388377014595,-1.4862264078781597,-0.4583120051547813,0.6919373260692375,-0.6142887421520737,-0.7650938234301222,-0.17151153819228965,-0.9687908144536711,-0.24384957439316826,-0.6365894289208114,-0.3072583025073537,-0.8080228255312341,-1.4758521153221973,1.1725748302562282
2013-03-06,-0.0342937124570626,0.33592999863420725,-0.2915027944312949,-0.43236872415853356,-0.642640292111261,-0.6396386666860755,0.051700477506583145,-1.4758294692300633,0.03147033384819845,-1.4041733101438123,-1.2829726047041397,-0.11652286100204347,0.555826446681558,-0.3878364141639896,-0.5831506954808895,-0.21686085819264211,-0.7834706335598359,-0.14611757880236026,-0.6553832243622254,-0.18395617794382468,-0.8052621010195115,-1.2728779004980757,1.185991718568882
2013-03-07,0.32065600085190527,0.17628571620438988,0.013210580416631012,-0.21505141126343963,-0.7008616601225832,-0.39485217437988585,0.17510826358292736,-1.5061678679739683,0.18486271374052818,-1.5132441222243118,-1.3943328173183882,0.2695237209122955,0.4197155672938785,-0.09444068138253871,-0.35869162691715895,-0.26221017819281794,-0.5454998287282745,-0.019846114311778764,-0.6741769149569091,-0.023693823515995905,-0.8974721525681454,-1.3840849301577969,1.2092129129866227
2013-03-08,0.9257877482872159,0.01664143377457247,0.5901693727189846,0.16650006027403516,-0.7590830281336876,0.050785652082377716,0.40259773263766224,-1.5365060994111164,0.4677021603233341,-1.4238031439567793,-0.9818116530269259,0.9276705905842438,0.283604687906199,0.4610887493053384,0.03539887038143793,-0.30755949819282413,-0.11227007316659078,0.21292224923341668,-0.6929705019102819,0.2718131349537919,-0.8218574481454582,-0.9721312145921214,1.2181612603512382
2013-03-11,0.7704115343884772,-0.14159803562463183,0.5027873606082903,0.13966691614751012,-0.8166661690984527,0.02566115637646651,0.3844390840076708,-1.5665040236729437,0.4506354320100693,-1.1351519894612874,-0.11143290514864727,0.7586819873051445,0.14869153595392626,0.37695227355027927,0.007683901624284103,-0.35241169551183144,-0.1366950175652553,0.19434222905332502,-0.7115532791958761,0.25398204019025944,-0.577827562166818,-0.10294972725266573,1.2149008083739792
2013-03-12,0.4377332499853151,-0.19135802671258437,0.18797027541175895,-0.000674039982131674,-0.8283106421430082,-0.1407164443758977,0.29615794263623446,-1.572357903074543,0.34261161198769907,-0.8730400206749169,0.57816494251995,0.3968580168792967,0.10626673976191861,0.07382810169712671,-0.13726911603708014,-0.36148171485985287,-0.298440100735366,0.10401252326818776,-0.7151795746764296,0.14112016437071118,-0.35623428994045014,0.5856995353399705,1.2017330076927315
2013-03-13,-0.13036439746457715,0.1359703403827854,-0.3722998159266383,-0.2976438195664176,-0.6626934440483064,-0.4881999904270327,0.1096793593451376,-1.4814185036751164,0.10238290195227456,-0.5741452147163345,1.2728951743502361,-0.2210102240810971,0.3853431414706379,-0.46563247854749656,-0.4439982911269771,-0.23248049811639612,-0.6362485244782907,-0.08679329666386063,-0.6588454566629482,-0.10986765326704397,-0.10354427196645372,1.2794741221780905,1.1354833220430067
2013-03-14,0.33890554017491437,-0.023673942047031975,0.06039366169839621,-0.025863877942612877,-0.7209148120586051,-0.17625238006059446,0.26871439824530413,-1.5117560849001137,0.2998478474852895,-1.0110750906000365,-0.010746774387985818,0.2893720881964422,0.2492322620829584,-0.04901007068335598,-0.16328677422803303,-0.2778298181157747,-0.33298659525660823,0.07593215126547406,-0.6776386408301986,0.0964411419305875,-0.472931146510295,-0.0024020965776972805,1.1800996761272589
2013-03-15,-0.003942925781092451,-0.020828465249226963,-0.25855744233346417,-0.1988362558852826,-0.7059491460315933,-0.37625065309970035,0.1582415310137961,-1.5020066711034372,0.16379250714288487,-0.8643754276265438,0.36962014472366056,-0.08351306548638808,0.2516582828795174,-0.3561147159441133,-0.3419435886485546,-0.26617288182491433,-0.5274162369890697,-0.03710423951108859,-0.6715991834441661,-0.045707700085283944,-0.34890911690470944,0.377441603988418,1.1680005808393477
2013-03-18,-0.3122610608218421,-0.007952965125741444,-0.5437079860697036,-0.3716263139945941,-0.6867184653510485,-0.5739730525438692,0.04552915602159878,-1.4896668516797114,0.025273721197239415,-0.669684793449023,0.8239140663624384,-0.41884271279076235,0.2626357862243943,-0.6306742188680547,-0.520412091611369,-0.2511938746014216,-0.7196333731785184,-0.15243210583932604,-0.663955050667041,-0.1904303178823082,-0.18431482195900326,0.8311106158546039,1.1525317886592275
2013-03-19,-1.0054733999997403,0.5917992749829738,-0.9859381211865706,-0.7847476605246634,-0.34007442585835496,-0.9782000522273422,-0.21722494834874023,-1.2810303629779378,-0.3008111724506181,-0.43856287961115537,1.3128980864317878,-1.1727868464137876,0.7739776493557297,-1.0564790743831995,-0.9471099529580016,0.018811314387794164,-1.1126053200496695,-0.42128342077360875,-0.5347112613516898,-0.5311195544404468,0.011079006898524446,1.3194220077459662,1.0455995601477714
2013-03-20,-1.3077902795812575,0.6319033755730363,-1.185966374579341,-1.009244734421352,-0.2756912301464839,-1.193681815252128,-0.36967062620922014,-1.233622444467246,-0.4788091745342639,-0.4516709923883287,1.1117850609795477,-1.5015894729308124,0.8081699443460941,-1.2490778928973356,-1.1789847328861833,0.06896015569299661,-1.3220873388098828,-0.5772666015009075,-0.5053435363195004,-0.7170895414593464,-2.782370600810789e-06,1.1185856258696454,1.034895901803654
2013-03-21,-1.4426211194274203,0.5702670343484578,-1.306354929986287,-1.1517022959398933,-0.27549573813606504,-1.3380013975452525,-0.4746390036509738,-1.226592705748265,-0.6001805380291646,-0.4912326786516302,0.8688148592603855,-1.6482327378992863,0.7556195085983899,-1.3649949853116388,-1.3261239144927028,0.06911242675842809,-1.4623885736847666,-0.6846707707692118,-0.5009888327123253,-0.8438967563122742,-0.03344880757299433,0.8759496448967243,1.0413208381530883
2013-03-22,-1.3264100124882823,0.4152987802783227,-1.2856854187273004,-1.1539196896836423,-0.3311385966795783,-1.3568881500785677,-0.495185922686635,-1.2553003728484122,-0.6248206058607982,-0.7560841571888496,0.07910738740409543,-1.5218404661712488,0.6234953572186983,-1.345093179540588,-1.3284141790267634,0.02577153862739718,-1.4807494548700961,-0.7056944811840256,-0.5187723359792452,-0.8696403772583137,-0.25735810120348745,0.08732846518115138,1.0741332976137319
2013-03-25,-1.3094774206016329,0.2853788460697369,-1.3279612480137184,-1.2048841284975849,-0.3744428460614786,-1.4232219538373363,-0.5455048708275786,-1.2763991631585019,-0.6842157366253989,-0.5311554440116903,0.6486118200693598,-1.5034244230651612,0.5127271153125462,-1.3857988030420914,-1.3810534755174806,-0.00795865923063514,-1.54523630019924,-0.7571810808176325,-0.5318423776896567,-0.9316956338790479,-0.0672000942976059,0.656049508792424,1.0717319939045127
2013-03-26,-1.0844325906329573,0.1257345636399195,-1.2041538885209573,-1.1322203916957494,-0.43266421407046723,-1.3649244028310787,-0.520326154643012,-1.3067355307954032,-0.6559273858507702,-0.6835052597971923,0.17613672262673039,-1.2586635903911605,0.3766162359248667,-1.266589887515348,-1.3060017713360772,-0.053307979228993316,-1.488561951047184,-0.7314180923733615,-0.5506348100769805,-0.902140334579275,-0.19599884530202474,0.1842243304696301,1.0959883706632836
2013-03-28,-0.6133016346248733,-0.0339097187898979,-0.8274828434630396,-0.9025156577808646,-0.49088558207931565,-1.1345741501552582,-0.39739304140416115,-1.3370717544754,-0.5118506142050407,-0.8470975620008602,-0.26402975131208894,-0.7462572173716717,0.2405053565371872,-0.9039091310914564,-1.068748190697042,-0.09865729922724224,-1.2646254318954189,-0.6056323155063074,-0.5694271532874974,-0.7516108059383294,-0.3343021579061938,-0.2553366668866732,1.1182007375560932
2013-04-01,-0.3626517525362298,-0.1935540012197153,-0.6129478488917401,-0.7730777949287932,-0.5491069500880298,-1.0060924149560018,-0.33269084318716036,-1.367407835853318,-0.43526981503718293,-0.9547481141953713,-0.5036465501466371,-0.47364809385527806,0.10439447714950768,-0.6973423797274099,-0.9350565775181101,-0.14400661922538657,-1.139721064650848,-0.5394287023925747,-0.5882194083463205,-0.6716001875020005,-0.42531150108197,-0.4946238577909002,1.1412833433019562
2013-04-02,0.03380092066018982,-0.3531982836495327,-0.2085358247938054,-0.5447359044952558,-0.6073283180966127,-0.7622416720811745,-0.20523337131226765,-1.3977437765649499,-0.28282093004053793,-1.1814399765401098,-1.0177558268111029,-0.042462509983407844,-0.03171640223817182,-0.30795099769483686,-0.6992106278420485,-0.18935593922342864,-0.9026599548077806,-0.4090135791202605,-0.607011576266772,-0.512323584214347,-0.6169600999485167,-1.008025944911626,1.1728248747977057
2013-04-03,-0.5983569307753486,0.23766426463028162,-0.7586135849054004,-0.8906087482473426,-0.3739667819867887,-1.0951041275211786,-0.42738654028667633,-1.2575936811381088,-0.5460194655251345,-0.9488609343560612,-0.2866290641089533,-0.7300032196291544,0.4720462118658825,-0.8375978095397917,-1.0564499812826034,-0.007587847228081351,-1.2262543887693826,-0.6363218137098392,-0.5201929688477955,-0.7873099753787957,-0.42033439358543645,-0.27790489291185094,1.0874247855871377
2013-04-04,-1.3499648251654557,0.856581581352093,-1.1322333411664283,-1.3413631014481693,-0.0047394277463502854,-1.4383506979078484,-0.7186897572904829,-1.0098858149033514,-0.8654844043559115,-0.669684793449023,0.46944176609191474,-1.5474588976861945,0.9997279989308391,-1.1973406079139655,-1.5220175926369055,0.2800077557644778,-1.5599438086431587,-0.9343847236070555,-0.3667456812970439,-1.1210827696342862,-0.18431482195900326,0.47712591445785146,0.9764029801546319
2013-04-05,-1.3658188113240772,0.7283680998206629,-1.1893764970673133,-1.406712896640086,-0.04391694482257188,-1.5130040250901948,-0.7792047885988861,-1.0271711757347204,-0.9341838736423485,-0.5849590001010629,0.6285971862940771,-1.5647018392544432,0.8904146589540639,-1.25236135686321,-1.5895149952331225,0.24949191906417184,-1.632518533602718,-0.9963040065790251,-0.3774534225336336,-1.1928590775807102,-0.11268640347479647,0.6360624064007793,0.981246630838404
2013-04-08,-1.285293528577617,0.5769157244396921,-1.1907721779245444,-1.4151647866602597,-0.09761928425499927,-1.5399657592751603,-0.8054220327334364,-1.0544685881537912,-0.9659775929175408,-0.4228848199583581,0.9656589535382034,-1.4771217990505585,0.761288105314291,-1.2537051994432764,-1.5982446419246727,0.20766252448166037,-1.6587295615201623,-1.0231296220205728,-0.3943633170659731,-1.226076740091953,0.024333466649864858,0.97266052405092,0.9830626784853417
2013-04-09,-1.535321236121368,0.605517560064935,-1.3569794862675881,-1.6088753406793006,-0.056912311700131606,-1.709505654284275,-0.9453772725778781,-1.0186544842198177,-1.1181298480535884,-0.409862559788653,0.8765575120337477,-1.749054239793579,0.7856737014646893,-1.413739247995549,-1.7983211565237074,0.2393696723499494,-1.8235488899327423,-1.1663325240429419,-0.3721775981049101,-1.3850434283767472,0.03534267487545316,0.8836816471657469,0.9768793142299773
2013-04-10,-0.8049606778035836,0.4458732776351175,-0.8774078824564281,-1.24651432852795,-0.11513367970802213,-1.3832700228395476,-0.7460118871591075,-1.0489896142465456,-0.8990338362594937,-0.49653470834359537,0.5431318592195816,-0.9547073604140732,0.6495628220770099,-0.9519798579078228,-1.4240517796951524,0.1940203523524466,-1.5063967666753622,-0.9623408636627468,-0.3909692638313803,-1.1561347777611453,-0.03793122062083765,0.5507146422421906,0.9838673667983955
2013-04-11,-0.41238846774745225,0.28622899520530015,-0.5982694457562294,-1.0374804746701483,-0.1733550477158082,-1.1959438976154542,-0.635587852933238,-1.0793246145425701,-0.7773881332629082,-0.3710267856514806,0.7974124636889646,-0.5277422040432922,0.5134519426893304,-0.6832091607764729,-1.2081483916486662,0.14867103235502516,-1.324286437116021,-0.8493544390620108,-0.409760849193731,-1.0290409365811246,0.06817500340415963,0.8046454677972084,0.9857703077262855
2013-04-12,-0.9210146612722234,0.5313554521372483,-0.9419184323818929,-1.3284468226425772,-0.04581583664496929,-1.439589706718841,-0.8293595591099624,-0.9879170168911199,-0.9861033020550133,-0.5071580868751322,0.3472988274740898,-1.0809287432064387,0.7224439410646007,-1.0140943616671743,-1.5086768427841215,0.24801284950876618,-1.5611483192399955,-1.0476226188398818,-0.3531366969843194,-1.2471038180547893,-0.046912379405010605,0.35515099111022874,0.9651348077180477
2013-04-15,-0.47339562388461925,0.3717111697074309,-0.6359167023107023,-1.0934243360954938,-0.1040372046525614,-1.2324172350066402,-0.7037213993873135,-1.0182517621821081,-0.8494883618327361,-0.4648185044215421,0.413484500044181,-0.5940941497302213,0.5863330616769212,-0.7194581256587113,-1.265930750817874,0.2026635295114958,-1.359744232895932,-0.9190690248691887,-0.3719281243790137,-1.1043703133956442,-0.011117880344054367,0.42124562113798214,0.9708882392029868
2013-04-16,0.5851323455840785,0.21206688727761352,0.23012747634831326,-0.47874086791917414,-0.162258572660064,-0.6456635553929458,-0.34126730622931983,-1.0485863821646606,-0.44653530339640557,-0.5606654691940346,0.1164568990475946,0.5571706327219698,0.45022218228924177,0.11441950293433241,-0.6310467791253683,0.15731420951429514,-0.7893277688988282,-0.5482041823109395,-0.3907194741490452,-0.6833702225552124,-0.09214829896722114,0.12462660022964053,0.9839354643823199
2013-04-17,0.4982688131102389,0.05242981739335859,0.19143661105636156,-0.4694438021580566,-0.22047722002398412,-0.6416707849346395,-0.3421796942053486,-1.0789191611009354,-0.4474614519933563,-0.5311554440116903,0.1795988172819571,0.4626970536565835,0.31411745223496895,0.07716569095464522,-0.6214441814615386,0.1119670086589258,-0.7854461707333446,-0.5491377422554108,-0.409509683448401,-0.6843378505091012,-0.0672000942976059,0.1876816627965917,0.9997345963066968
2013-04-18,1.1979831909000933,-0.1072144650364588,0.90296095695703,-0.01108068882175654,-0.27869858803131065,-0.18192088727928946,-0.06689310415367733,-1.1092535347709678,-0.1360464776739538,-0.8070459836540436,-0.5492209618362159,1.2237128644426096,0.17800657284728943,0.7622626512096873,-0.14801776129821323,0.0666176886618623,-0.3384972719786679,-0.26746312523457993,-0.4283008806355184,-0.3589755540016663,-0.3004419708083075,-0.5401355790197698,1.0366642274240023
2013-04-22,1.4487935234268488,-0.2668587474662762,1.2499779510812254,0.22398315572055658,-0.3369199560385536,0.06352196141184005,0.07758721898800955,-1.1395877874039788,0.030191637796285,-0.5687483306753647,0.13593061909993068,1.4964964953353368,0.041895693459609924,1.0963907653087057,0.09477104782187369,0.021268368664863875,-0.09988838595353683,-0.11963013532997972,-0.44709200284398076,-0.18529214287259796,-0.09898166767180021,0.14407353295907888,1.0385166677939972
2013-04-23,1.272322306148255,-0.4265030298960936,1.1671489537830608,0.2222057743917392,-0.395141324045716,0.0687755165520105,0.07976768628055264,-1.16992192039114,0.03554850091664957,-0.890420867226837,-0.7047324527991112,1.3045647718200029,-0.09421518592806957,1.0166381966202582,0.09293525594577269,-0.024080951332071786,-0.09478110763456181,-0.11739907028086766,-0.4658830509355756,-0.17969536227228497,-0.370928310512412,-0.6954331541765667,1.0798565117600092
2013-04-25,1.733388043421188,-0.586147312325911,1.8213254362892917,0.5767644859453884,-0.4533626920528008,0.45483800329678387,0.3008857708657204,-1.2002559351076347,0.2928759934499765,-1.1505269576996797,-1.2785664232163667,1.80602412011111,-0.2303260653157491,1.6465173036633802,0.45914592313226704,-0.06943027132894701,0.28053208804214524,0.10885006078002496,-0.48467402576218604,0.08915703992232155,-0.5908257840263418,-1.2684777799891986,1.1215467909442138
2013-04-26,1.1424170953813215,-0.37857111179921216,0.9955720257462021,0.3440791095570653,-0.41727072707362733,0.20033382311908127,0.16597332503975032,-1.1765990902094015,0.13493228381610778,-1.250227546456664,-1.3664490268882108,1.1632786664674297,-0.05334898374652351,0.8514339663993573,0.21881374638693626,-0.0413178080670501,0.03311416877996722,-0.0291930291585036,-0.47001934911900495,-0.0758604843559811,-0.6751141124374798,-1.3562394956296175,1.1066223218219027
2013-04-29,1.2460234581578156,-0.5382153942290295,1.2104692202866776,0.47755653200699494,-0.4754920950805659,0.35341016796354613,0.25277778647119054,-1.2069328724470085,0.2384120096698779,-1.110663897734563,-0.8289012688032892,1.2759619021899702,-0.18945986313420302,1.0583494649275966,0.35667767226688474,-0.08666712806381144,0.18192834819042905,0.0596257303197951,-0.4888101799322043,0.03225378124516649,-0.5571249731113485,-0.8194311681891788,1.1148425343595671
2013-04-30,1.282915208088617,-0.697859676658847,1.3662871276981818,0.5755929418791467,-0.5337134630874358,0.4728859652439678,0.3195975281915289,-1.2372665404453074,0.31991238484727397,-0.8817218110743924,-0.1315556002054025,1.3160857096692213,-0.3255707425218825,1.2083799949241427,0.4579358783070905,-0.1320164480605193,0.29807753342059584,0.12799602454652936,-0.5076009399777199,0.11740430842160803,-0.36357400186703986,-0.12304474228071512,1.1176214887763702
2013-05-02,1.652483592971111,-0.8575039590886644,1.9809851295631893,0.8658769604992363,-0.5919348310942342,0.8103940018849568,0.5058529557539226,-1.2676000955172901,0.5415392177383841,-0.5525975161653356,0.7326293086067857,1.7180316936156887,-0.461681621909562,1.8002469281904794,0.7577595765223142,-0.17736576805717139,0.6261881998217147,0.318573510419855,-0.5263916300689093,0.348957127853992,-0.08532753408541917,0.7399514260066273,1.1185137990208645
2013-05-03,0.9940302004104618,-0.40250249230695523,0.8466265190686412,0.5781604101581641,-0.5007029674720197,0.4676834451192818,0.34081915476577024,-1.216186715734063,0.34126533202446796,-0.7532702786998444,0.12526091791581073,1.0018917109171404,-0.07375260357112987,0.7080205829271782,0.46058772196739467,-0.10630417814723273,0.2930198691289104,0.1497100990923927,-0.49454264686352284,0.13971358865438238,-0.2549792073860356,0.13341850861790794,1.0832855032820146
2013-05-06,1.0696300318350123,-0.5621467747367727,1.0191828501023292,0.6762983070897896,-0.5589243354786898,0.5900766862159644,0.40879508579522594,-1.246520048832184,0.4248404469895708,-0.6724453955982823,0.3189589567714866,1.0841147848356243,-0.20986348295880936,0.8741678392298404,0.5619507502628422,-0.15165349814378487,0.4120052666290666,0.21926341200807972,-0.5133331994488368,0.2270317768543792,-0.186648675183646,0.3268501036766338,1.097575151643931
2013-05-07,1.4891539245435816,-0.72179105716659,1.6436320313504653,0.9761035772020202,-0.6171457034853031,0.9427495199583803,0.6019833757268184,-1.276853272853072,0.6555529230696269,-0.49388289015973197,0.7384192884720339,1.5403928398359557,-0.3459743623464889,1.475423774281951,0.8716085993472082,-0.19700281814029286,0.7548584906661676,0.41693463736335984,-0.5321236844642112,0.468077157585921,-0.03568933494338271,0.7457334413915501,1.1085608258428787
2013-05-08,1.4870915461113736,-0.8814353395964074,1.781775214717515,1.0528216468158693,-0.6753670714918567,1.0528119819130366,0.6621249469852394,-1.3071863890503574,0.7326661187991721,-0.425493930659225,0.8208284414758515,1.5381497780316635,-0.4820852417341684,1.6084360535524806,0.9508478749397823,-0.24235213813675432,0.8618564398027196,0.4784717941426532,-0.5509141026862311,0.5486440169940974,0.022127686499942956,0.8280292354385115,1.1253692102730963
2013-05-09,1.1370551723205482,-0.9485028429565716,1.3574437045969094,0.9250861952338534,-0.7146011603547668,0.9216937315243051,0.597530822640163,-1.3277387329910089,0.6612055532240773,-0.4674527556064347,0.609370330729017,1.15744698949324,-0.5392662238636173,1.1998650336022476,0.8189146198175482,-0.27291203927843555,0.7343889669076736,0.4123787627556894,-0.5636456379355568,0.473982951719227,-0.013344914624973794,0.6168619985810366,1.137368952517832
2013-05-10,1.325892908181594,-1.108147125386391,1.759084064500039,1.0877701289797062,-0.7728225283612071,1.134983688129257,0.7094867829129685,-1.3580716372444808,0.8004801914998453,-0.3994725930026221,0.7074356515530069,1.362828652675887,-0.6753771032512986,1.5865876963904986,0.9869448782098246,-0.3182613592748087,0.9417402065842502,0.526932661756446,-0.5824359248650028,0.6194952741554923,0.04412650397375863,0.7147924244077212,1.156317584319146
2013-05-11,1.2414660815963352,-1.2677914078162085,1.7735272559758775,1.1006967707337663,-0.8310438963675966,1.1762881597159565,0.731526360721355,-1.3884044373493967,0.8340916246236955,-0.40466449148790967,0.6050157770187888,1.2710052574087851,-0.8114879826389781,1.6004944398961662,1.0002963315713613,-0.3636106792711423,0.9818946213725236,0.5494836680997367,-0.6012261472776709,0.6546120603472365,0.03973719745048547,0.6125134348324592,1.178108583641373
2013-05-13,0.08594405448667505,0.6663398835507703,-0.2124133303577303,0.4860426108255785,-0.1534106311166784,0.29796934198304253,0.367896276977216,-1.0072676468791917,0.3398906136359409,-0.23400549304919255,0.9671624470226907,0.014248843285089048,0.8375301150490492,-0.31168448522835807,0.36544263131226534,0.1642059770233618,0.12803118313524198,0.17741554608675464,-0.3651238079679237,0.13827730084285472,0.18401479787449312,0.9741619493858531,0.9234035990624687
2013-05-14,0.18306958134466034,0.5066956011209529,-0.13294755233599626,0.5316620396674354,-0.21163199912296646,0.3545485636788821,0.4013553409767157,-1.0376002422640924,0.3818731622214567,-0.3197763579977768,0.6243211142742149,0.11988346208957543,0.7014192356613697,-0.23517021936992433,0.4125612633707964,0.11885665702710717,0.18303504710197047,0.21165102786654477,-0.3839139035629355,0.18214011909965597,0.11150286065298703,0.631792216386082,0.9457422018902397
2013-05-15,1.3216753070143248,0.34705131869113554,0.7820122538642902,1.1866559100810332,-0.26985336712920677,1.0294243627792183,0.8098804415309634,-1.0679327370501637,0.8451506290255648,-0.08180226752387391,1.1567279352193995,1.3582415507472119,0.5653083562736902,0.6458062160743062,1.0890803685879678,0.07350733703088974,0.8391200114322885,0.6296559558233161,-0.40270393684011385,0.6661663636595351,0.312689619340017,1.1634666783681464,0.9454488159349577
2013-05-16,1.3181511450621344,0.18740703626131813,0.8581070475215703,1.2427888253808173,-0.3280747351353993,1.1112114501461499,0.8593890081965022,-1.098265132393529,0.9086071187366708,-0.17692326392359256,0.7653510344590749,1.354408639704482,0.4291974768860107,0.719074702425039,1.1470579945585158,0.028158017034709496,0.9186298684598276,0.6803133690745333,-0.42149390851564145,0.7324648750455994,0.23227294494226913,0.7726281410734159,0.9699840230700701
2013-05-17,1.2707786734032154,0.027762753831500744,0.899567182830518,1.2713307842280377,-0.38629610314155005,1.1665395422862477,0.8925475703962609,-1.128597429437033,0.9541966221828185,-0.21904251166137728,0.5606627295472596,1.3028859026094934,0.2930865974983312,0.7589949283956176,1.1765379352612801,-0.017191302961438202,0.9724174385676777,0.7142413759085215,-0.44028381929747457,0.780096192615636,0.1966647200559965,0.56822139775858,0.9913853560672024
2013-05-20,0.8658082432712783,-0.030180404116379785,0.5529156208491828,1.0880826727247197,-0.4059128653375248,0.98232656487375,0.7957666635996649,-1.1367866763201766,0.8463855233131021,-0.18432666308497245,0.5796628148032256,0.8624363277348431,0.2436849273429821,0.42521867358531534,0.9872676931616412,-0.03247103369568698,0.7933335762096326,0.6152146675906807,-0.4453568020024765,0.6674565650771618,0.2260140035693736,0.5871953472060066,0.9938747303512155
2013-05-21,0.4169237942108329,0.015098092036095044,0.12539756797027668,0.8552396833503798,-0.38669345467354205,0.7308546921787481,0.6657833966234407,-1.1227523118407883,0.6955117171847053,-0.14253878847075224,0.6143531826486055,0.37422546085228653,0.2822888524874628,0.013579465216777617,0.7467727237535281,-0.01750080482290871,0.5488635346892233,0.482215138126597,-0.4366629514817191,0.5098255836125228,0.2613420807953981,0.6218379962753943,0.9843665215754447
2013-05-22,0.20304066432500092,-0.09974363755603541,-0.057445442012689196,0.7328555183159604,-0.4283966235218647,0.6144759570313951,0.600301848344997,-1.1436724039113506,0.6256005683995799,-0.18185747083181808,0.43639890895976824,0.14160419613332176,0.1843761144471341,-0.16247240295176388,0.6203666159077329,-0.04998390190087786,0.43572517886175827,0.4152140901285829,-0.44962229521324787,0.43678332875655856,0.22810149462774043,0.4441285098474155,1.0015348216984563
2013-05-23,-0.8252596355426912,0.9663074670105716,-0.7769266184755662,0.12655718993441947,0.12461156739172335,-0.07640815651173173,0.2356234963166996,-0.7915182650216974,0.16673130651925408,0.06061423901026439,1.0046749617191901,-0.9767846940694603,1.0932790272624247,-0.8552306617454147,-0.0058566529487256245,0.3807607932011271,-0.2359223740577312,0.04207337475963691,-0.23147380346863775,-0.04263728089250163,0.43309060617045364,1.011622863266423,0.8291787215253749
2013-05-24,-0.5977437214927889,0.8066631845807541,-0.6621746288371289,0.19162966699978778,0.06639019938577252,-0.012168703278689352,0.275030812540829,-0.8218500872537637,0.21257596969996742,-0.18679724996811328,0.24213892229167205,-0.7293362875577817,0.9571681478747452,-0.7447407821826898,0.06135431794284861,0.33541147320513515,-0.17347156542126138,0.082395137992517,-0.2502634201196131,0.005260624234526819,0.2239253334705239,0.2501357399707184,0.8588973780562075
2013-05-27,0.24622139286452557,0.6470189021509368,-0.10009845825093085,0.6288493086216311,0.008168831379860473,0.40084115241417256,0.5440475200920194,-0.85218181777226,0.5061861738732663,-0.3555885085891735,-0.21991423718650296,0.1885679547509943,0.8210572684870657,-0.2035412039546852,0.5129424229530619,0.2900621532091734,0.228038692913006,0.35765437985193127,-0.26905297995689587,0.3120207295140547,0.08122674746458501,-0.2112818364167271,0.8777451593925334
2013-05-28,0.42182882601469696,0.4873746197211194,0.04650170291300258,0.7271176919166327,-0.050052536626018745,0.5069814114267551,0.6108260895177083,-0.8825134576311542,0.5841337226518483,-0.33253277987134505,-0.12979374040378264,0.3795602186815302,0.6849463890993862,-0.062386055343183984,0.6144402258193592,0.24471283321323722,0.3312236465609405,0.42598254638067246,-0.28784248363338627,0.39345931008697554,0.10071839599098648,-0.12128530602771768,0.8916769700154289
2013-05-29,0.3047067511517003,0.33153149652254377,-0.021214329466886526,0.6655484907328872,-0.10656855831083673,0.46207801556405964,0.5806680188905421,-0.9117646311341369,0.5571422143894521,-0.14743433902128641,0.36453137105868494,0.2521771698376003,0.5520763343612481,-0.12758698376014435,0.5508476598805945,0.2006918278664843,0.2875705137739005,0.3951246575441703,-0.3059626721438927,0.3652589349006322,0.2572033111281243,0.3723598302506751,0.8959726981220371
2013-05-30,0.40797677213054506,0.17188721409272636,0.08845102901869356,0.7250281380850531,-0.16478992631664732,0.5344886932396427,0.6239566114313906,-0.9420960927873828,0.6104783417147872,-0.6175616898688114,-0.8867222646013642,0.3644945971189195,0.4159654549735687,-0.02199480806495173,0.612282002433924,0.15534250787060158,0.35796503220714476,0.4394177621339202,-0.32475206542754914,0.4209838238893848,-0.14024919178418777,-0.8771726275822654,0.9481640487116789
2013-05-31,-0.7255284850116507,1.175958731985001,-0.6820601388701039,0.07339583021452298,0.38595989818616644,-0.14066717056997194,0.2309897985981674,-0.5621038190002358,0.13505130116690509,-0.3658746366926804,-0.12351842264257587,-0.8683161749263577,1.2720252849178084,-0.7638877060443987,-0.06076506833148722,0.584328134360204,-0.2983921988795781,0.03733215205782322,-0.0893587184612482,-0.07573613658283926,0.0725307050993719,-0.11501862035954212,0.7850052194227076
2013-06-03,-1.0082554127549677,1.111276443427537,-0.8530245367547317,-0.14797450701948825,0.38883581800976824,-0.3249333690848749,0.0933082376930863,-0.5476056623228638,-0.006505819121952364,-0.2893118776163124,0.09144553493844798,-1.17581258914502,1.2168779095006246,-0.9285021566635536,-0.2894103568325988,0.5865682227131607,-0.47752780048374766,-0.10354431029179448,-0.08037756315744307,-0.22363316640557085,0.13725797563557196,0.09964964081999171,0.783286452310216
2013-06-04,-1.044081446887084,0.9706452949829767,-0.9082319142498181,-0.23991323561389133,0.3419490238250877,-0.40219908438169305,0.03211464479900351,-0.5697169308580635,-0.06702052431652823,-0.2969081295288331,0.06259463838114802,-1.2147773142924696,1.0969774095093185,-0.9816590257481378,-0.38437049190106076,0.5500475378530941,-0.552642175798505,-0.16615790087509924,-0.0940748035099846,-0.2868581397634139,0.13083599374079175,0.07083843047980347,0.7963689127183602
2013-06-05,-0.8830685902979428,0.8110010125531573,-0.8462316462671815,-0.21732049467151596,0.28372765581939646,-0.3838343978143941,0.04008267471839669,-0.6000480482236543,-0.056543735034428326,-0.4202772646141841,-0.25964408669885153,-1.0396582464362423,0.9608665301216373,-0.9219615672217752,-0.36103527980649913,0.5046982178573044,-0.5347888244892629,-0.15800497277375466,-0.11286398351819037,-0.2759121272015635,0.026537931878607673,-0.2509570350300843,0.8181766236805744
2013-06-06,-0.7972453722536664,0.6517365813658911,-0.8243836851465649,-0.22699660544176092,0.22569113792623552,-0.39297878301448025,0.02860196466515587,-0.6302508454013064,-0.06604556990537692,-0.27415883488622445,0.15145075705786615,-0.9463161229393224,0.8250795075352991,-0.9009250814883772,-0.371029379134688,0.4594928798253801,-0.543678598942309,-0.1697520927724688,-0.13157367317723398,-0.2858395201325002,0.15006857844128696,0.15957232199416962,0.820131127224007
2013-06-07,-1.0247530920871877,0.6057806355469895,-0.9955505314265667,-0.4115102914747075,0.21908058611320916,-0.5544697341612346,-0.09039165347154104,-0.6252897086537126,-0.1891396833482086,-0.27415883488622445,0.13432743824153323,-1.1937556173456894,0.7858979965954812,-1.0657344611792898,-0.5616067866705916,0.45434384194141325,-0.7006730934315613,-0.291506958529954,-0.12850040389169123,-0.414446641623161,0.15006857844128696,0.14247255737646858,0.8265763889994181
2013-06-10,-0.9251265910515313,0.44682692185228423,-0.9682902014345355,-0.41720163028197266,0.16115148293115514,-0.5631981019035822,-0.1019895584956997,-0.6554235907683051,-0.1995887123118792,-0.08663027459273578,0.6006989341198804,-1.0854009159589542,0.6503758881702387,-1.0394866323865173,-0.5674851614330112,0.40922217051288734,-0.709158433766085,-0.3033739930095873,-0.14716740282129373,-0.42536365056700726,0.3086079519149285,0.6082025300216162,0.8268866442162686
2013-06-11,-1.5328818549587955,0.8416593088008306,-1.2543568447631523,-0.8252222202606491,0.3547955656906836,-0.8936779165377617,-0.36081391179602484,-0.5126216935691429,-0.46793600522328926,0.23459699543684012,1.3498267743729913,-1.7464011463426272,0.9870054409506757,-1.3149282091982248,-0.9889146387321716,0.5600538629852221,-1.0304365677356215,-0.5682043669767652,-0.058706087016547434,-0.7057293962220641,0.5801781599591563,1.356299897961547,0.7635955077399563
2013-06-12,-1.5762083049637514,0.7338605982325279,-1.3281368935280264,-0.9378007352729063,0.3217863163629176,-0.9946145858699851,-0.44364962195045843,-0.5252314345048706,-0.5517619727191622,0.08854945238387552,0.802754113958968,-1.7935233929700993,0.8950974999396347,-1.3859679247434473,-1.1051928509155584,0.5343425638202945,-1.1285628173162607,-0.6529622802809296,-0.06651742774107383,-0.7933096718688013,0.45670744202294206,0.8099797702923539,0.7847790497245066
2013-06-13,-1.8822570489509391,0.8167501535114946,-1.4901177153745546,-1.2020688022907153,0.37956413067376976,-1.2038922389922524,-0.6211062768314275,-0.47401556646268034,-0.7287207225105504,0.22336099141555452,1.0473038085417175,-2.126384829633909,0.9657681815910975,-1.5419324666540932,-1.378145628509442,0.5793463945372923,-1.3320134696687271,-0.8345368179001161,-0.0347907968912353,-0.9781938616706642,0.5706790786720497,1.0541930714373973,0.7701984957054604
2013-06-14,-0.7551038708309119,0.6571058710816773,-0.7940441052031306,-0.6496145681131554,0.3213427626682516,-0.7501808682378323,-0.30016486300347545,-0.5043461183293904,-0.4068063590230022,-0.029042950757175823,0.26643672621653747,-0.9004826373186946,0.8296573022034179,-0.8717123720225466,-0.8075359464016726,0.5339970745416374,-0.8909349647134511,-0.5061479566441278,-0.053579626590544195,-0.6418619405357074,0.35729311339979697,0.27440012074285847,0.7727248132506407
2013-06-17,-0.33070603217469624,0.49746158865185985,-0.513284689895939,-0.43872650274411623,0.26312139466275436,-0.5752224533584838,-0.18124514703311428,-0.5346765930809105,-0.28593289534853694,-0.06975551256626485,0.12994275309530498,-0.4389036337530483,0.6935464228157384,-0.601380902554048,-0.5897174114062941,0.4886477545459987,-0.7208479864302954,-0.3844687079531904,-0.07236840851940117,-0.5155749249100694,0.3228741212653813,0.1380939036395705,0.7840744357706444
2013-06-18,-0.5906099756573273,0.44640431632896915,-0.7147228794744578,-0.5998008315409641,0.24708825580907443,-0.716051499555112,-0.2878540176351127,-0.5366061590608775,-0.39397185688290376,-0.0433688608125021,0.1833230277146697,-0.721577559792228,0.6500155795607663,-0.7953372895063899,-0.7560851679813145,0.4761593509011137,-0.8577558735908047,-0.49355143803533774,-0.07356371438625452,-0.6284526203835267,0.3451817805923748,0.19140075034435308,0.7904587535591644
2013-06-19,-0.45335444886494314,0.2867600338991517,-0.6315023074323985,-0.5446953079726397,0.18886688780361896,-0.673921911700653,-0.26376409153800157,-0.5669364822302196,-0.36899819246998244,-0.0029000239492429944,0.2659341446967921,-0.5722971829380312,0.5139047001730868,-0.715207689914783,-0.6991686971852962,0.4308100309055076,-0.8167993165745495,-0.46890250505901565,-0.09235240241468588,-0.6023604620878238,0.3793947241113087,0.2738982305555044,0.8022116910205668
2013-06-20,-1.7656728568491422,1.587398121142314,-1.1034517894452356,-1.3213408016443404,0.8902752079633629,-1.16804262313785,-0.7499185803236244,-0.039221903031929566,-0.8264712059468817,0.16674391882066947,0.6693696755367243,-1.9995867870419803,1.6228137768110324,-1.1696280584991556,-1.501337294760037,0.9771453618706657,-1.2971620288992614,-0.9663382116655197,0.23455029958598897,-1.0803222896470805,0.5228141817035189,0.6767788105281144,0.6557714937015678
2013-06-21,-1.4486542650938763,1.4277538387124966,-1.0026859864613935,-1.2256299925400314,0.8320538399579462,-1.1126931009475434,-0.710671651246855,-0.06955207808269942,-0.7921631488614934,0.13012058433123463,0.49121095923476055,-1.6547944427701373,1.486702897423353,-1.0726048916607769,-1.4024811163137074,0.9317960418750897,-1.2433536254265973,-0.9261805573647136,0.21576170331238756,-1.044477679841769,0.49185228184472596,0.4988651627106417,0.6569425317261235
2013-06-24,-1.916237210663701,1.490827785527042,-1.209559547401303,-1.5641484217379686,0.9150986627727252,-1.3346201829717068,-0.9367100962043722,0.013401888364318734,-0.9934249728743828,0.5630843431846784,1.5412754087751352,-2.163341966913492,1.5404790191654745,-1.2717947698056553,-1.7521243651518976,0.9964806477650258,-1.4591015036107835,-1.157464225789834,0.26714909498612405,-1.2547534040686532,0.8578861433428946,1.5474851827636003,0.627066226693699
2013-06-25,-1.5190741997907387,1.3311835030972246,-1.0682943895443755,-1.4250117077015607,0.8568772947673413,-1.2512787933977956,-0.8737144231278835,-0.01692814195230683,-0.9386352170155716,0.5900662847224724,1.413487233414348,-1.731383813233133,1.404368139777795,-1.1357764721953008,-1.6084151649065117,0.9511313277694755,-1.3780806214296026,-1.093006737742709,0.24836058837080519,-1.1975097829798975,0.880697069314968,1.419872788050101,0.6193341971656227
2013-06-26,-1.5026745363918135,1.1901493388363944,-1.106551681992978,-1.4815060055064688,0.8088209745928028,-1.3058121286222986,-0.9287466435213139,-0.03930343220542196,-0.9914241845838875,0.5755582317530475,1.1957601563563753,-1.713547388065521,1.2841240331359736,-1.1726128150627377,-1.6667660495899288,0.9136996851257945,-1.431095563354142,-1.149315981139621,0.23449979480905625,-1.252663006603202,0.8684317502377285,1.2024452082377013,0.6295742947567432
2013-06-27,-0.5364190223480402,1.030505056406577,-0.5943826232964636,-0.9843096663664316,0.7505996065874517,-0.9513639693677766,-0.6440834609788445,-0.06963332109497654,-0.7303927762941009,0.08854945238387552,-0.20642051781395454,-0.6626389791670912,1.148013153748294,-0.6794667023945803,-1.153230217170804,0.8683503651302696,-1.0865164448978937,-0.8580471877431439,0.21571137580339128,-0.9799408016182015,0.45670744202294206,-0.1978066785012065,0.6501809818384883
2013-06-28,0.8274234586013056,0.8708607739767597,0.24612879179067396,-0.20111153727696382,0.6923782385821186,-0.36693597540788336,-0.17653466833477022,-0.09996314048744806,-0.2956683513241776,-0.12544738089142513,-0.7264246817014385,0.8206886819029329,1.0119022743606145,0.1298264986791748,-0.34429364320745526,0.8230010451347589,-0.5183609115657386,-0.3796489225684689,0.196922999848999,-0.5257464021189101,0.2757914054484987,-0.7170955440579767,0.6613391840035503
2013-07-01,1.1646550565340115,0.7112164915469402,0.5147200405602548,0.06271250741210718,0.6341568705768004,-0.1633917465585248,-0.01712063876450723,-0.13029289118139414,-0.14508353676310434,-0.09146361647712517,-0.5426906960462161,1.1874648781189576,0.8757913949729332,0.38844175076899473,-0.07179947996418345,0.7776517251392596,-0.32048404547823595,-0.21653568948827073,0.17813466645119783,-0.36841735526811303,0.3045217743591698,-0.5336142960197996,0.669755446210276
2013-07-02,0.6747281328056458,0.6652849985694768,0.19367008593768892,-0.13656868085731697,0.6186745683332061,-0.31732371275667887,-0.13859444641606095,-0.1298725370273507,-0.2591037781047145,-0.0625433527125687,-0.3957360720776496,0.654615837250711,0.8366307322445329,0.07931621027393354,-0.27762969802334575,0.765592374719193,-0.47013002283739264,-0.3408282975731437,0.17839506272253597,-0.4875442137382803,0.3289713861449669,-0.3868618173502814,0.6701854325032792
2013-07-03,-0.12188954524281605,0.9617457490809579,-0.3513623486828854,-0.5435779975954135,0.7463482379396557,-0.6226158936125532,-0.3904926601512222,-0.0246172610665408,-0.4948625531067522,0.10245044065205777,0.08141803033154064,-0.21179289664071077,1.089389759012613,-0.4454726691934297,-0.698014668345036,0.8650389232347422,-0.7669218323142832,-0.5985718108651097,0.24359741920032896,-0.7338619016532107,0.4684595397687625,0.08963592967437692,0.6311748229034246
2013-07-04,0.41953002874951395,0.8021014666511405,-0.0017856936496549554,-0.22096689826585925,0.6881268699343792,-0.3820697943111799,-0.19966570345214255,-0.05494681036497893,-0.31850269598564845,0.025442455083609282,-0.12427490336844015,0.3770600255739915,0.9532788796249335,-0.10887996492519673,-0.3648015161154712,0.8196896032392755,-0.5330733535418578,-0.40331671349413045,0.22480921056075567,-0.5496034270886806,0.4033558682779673,-0.11577406049873805,0.6426213850655236
2013-07-05,0.6046395566577124,0.6424571842213231,0.14996969520303222,-0.0752401082557561,0.6299055019291178,-0.2699422053493588,-0.11297332726321346,-0.0852762940683762,-0.2369945633257074,0.046579444209405546,-0.05145916803859191,0.5783868554016675,0.817168000237254,0.037238936282172605,-0.21428566850677125,0.7743402832438205,-0.42406777754916497,-0.3146126401970659,0.20602104255526174,-0.4644447949958282,0.42122538643497986,-0.04305848777824617,0.6523399233789885
2013-07-08,0.06394314105217642,0.7002382948168704,-0.2289268600652354,-0.341265378581986,0.6516091956717744,-0.4750024601312137,-0.2772464737854095,-0.05887305584014427,-0.3902201939718249,0.20080202465121263,0.35348496000251206,-0.009679553081830536,0.8664315106834495,-0.3275846706132619,-0.48905339684079957,0.7912455499240906,-0.6234184582573307,-0.4826977460671384,0.22237702410022736,-0.6245329319898066,0.5516073999291737,0.3613286142254993,0.6367738956057191
2013-07-09,0.42866842738188016,0.540594012387053,0.043112257136694136,-0.11401487129527224,0.5933878276665367,-0.2994755903387799,-0.14208544442007573,-0.0892024106058844,-0.26393379124112154,0.19627623639406439,0.2985933258532194,0.38699903221047466,0.73032063129577,-0.06564961057031936,-0.25433469672124465,0.7458962299286542,-0.4527788527768858,-0.3444003042067279,0.2035889359675855,-0.4925905483586915,0.5477812326848899,0.3065124869605816,0.646971786054282
2013-07-10,0.02368461717297803,0.5196632762816145,-0.2510850995238904,-0.3132633028709848,0.5816862304462433,-0.4557736831655526,-0.2658012018052176,-0.0873442920073848,-0.3791664279564531,0.34320887084849927,0.6395142473516822,-0.053465094959288,0.712475326382986,-0.3489199103491727,-0.460131081594906,0.7367817158768192,-0.6047250757616934,-0.4709868864821702,0.20473998241282496,-0.6129841016752808,0.6720002197702749,0.6469644503564203,0.6409023608116962
2013-07-11,0.958329984097111,0.36001899385179703,0.48974543047930946,0.2403380821419138,0.5234648624410296,-0.015436482552561677,0.07035379329583112,-0.117673520781478,-0.06395046811011924,0.09782168470656252,-0.07055671945479759,0.9630638263898045,0.5763644469953065,0.3643947458441637,0.11166345046601235,0.6914323958814013,-0.17664835861964828,-0.12703141270862198,0.1859519723280738,-0.283650585149487,0.46454632214253677,-0.062129769315098185,0.668786628786056
2013-07-12,1.4066233030904385,0.20037471142197963,0.9261516000987849,0.5633177879510609,0.4652434944358248,0.2528552952673217,0.2725194376252019,-0.1480026876433916,0.12874066083775282,0.05126271442157264,-0.1784314567598419,1.4506317747593405,0.440253567607627,0.7845919491659847,0.44525732278627655,0.6460830758859905,0.08417326473049642,0.07982548660694752,0.16716400059598446,-0.08232941114971831,0.42518469121545027,-0.16985611815543547,0.6895762159914053
2013-07-15,1.385627477869663,0.04073042899216223,0.9965932410258225,0.6369308706612702,0.4070221264306319,0.32417131349383066,0.32588966075928827,-0.17833179330449497,0.18272219247684984,0.07460414633106158,-0.09294764637925303,1.4277965216036463,0.30414268821994755,0.8524172517751352,0.5212895714788356,0.6007337558905889,0.15350360275223823,0.13443416608816872,0.14837606677588588,-0.025930212166206,0.4449178773771558,-0.08448989611569986,0.7043496195597339
2013-07-16,0.6049014830172265,0.4209564625471352,0.1975993658651822,0.2661220549808285,0.5012076656189216,0.007482830685285294,0.1070956332639186,-0.1091554657461662,-0.030254766839740987,0.12091663783109353,0.040423862116101654,0.5786717289260352,0.6283190320611888,0.08309954917136683,0.13829476874523808,0.6740959990314273,-0.1543671969182304,-0.08943697812425247,0.1912286414151099,-0.24844575669922034,0.48407113155309245,0.048698151507575796,0.6615404016651183
2013-07-17,0.6597339390765177,0.2613121801173178,0.27980236077154014,0.33365650570075484,0.44298629761374964,0.06888735660534254,0.15240997867416559,-0.13948445110715502,0.014859136709132212,0.20532313509020933,0.25429595847527675,0.6383080138586895,0.49220815267350926,0.16224936640343748,0.20804862177523306,0.6287466790360419,-0.09467238158823023,-0.043071113057649796,0.17244078211717545,-0.2013113396881056,0.5554296124779284,0.2622760533888292,0.6704512549794805
2013-07-18,1.0718397481872552,0.10166789768750042,0.6858307847415653,0.6100798841786534,0.38476492960858666,0.30625461649668334,0.3269764941495533,-0.16981337735276245,0.1827017747895447,-0.04815460960533583,-0.42667253928713905,1.0865180927206515,0.35609727328582974,0.5531971121012959,0.4935561740075771,0.5833973590406636,0.1360857674617141,0.1355462194537573,0.15365295943937368,-0.02595154429914371,0.3411358389287122,-0.41775572950946566,0.7077925528081376
2013-07-19,0.8551217306402075,-0.04916676377385821,0.5500902552751215,0.5435412230727269,0.32873065276325775,0.26085458344924484,0.2945784605409082,-0.19877413543145667,0.15547283632551384,-0.08180226752387391,-0.4553123539569083,0.8508135780350335,0.2274973754305844,0.42249824753447046,0.42483083548600376,0.5397515905121211,0.09194982555620876,0.10239638928138957,0.13571267421493302,-0.05439998345811041,0.312689619340017,-0.4463561483184939,0.7270200639005905
2013-07-22,0.755629747755763,-0.2088110462036756,0.5122493350822351,0.5309531472900197,0.2705092847581126,0.2605804490635332,0.294311640944171,-0.22910294547616927,0.1588053474714841,-0.2041305405363596,-0.7078370149175068,0.7426051798302242,0.09138649604290491,0.38606281205462917,0.4118290744778505,0.49440227051675667,0.09168332400301767,0.10212337813431376,0.11692492351995679,-0.0509182193523246,0.20927151741911487,-0.6985334457751182,0.755446557917301
2013-07-23,1.0057125988399758,-0.368455328633493,0.8421296210833773,0.7139424324552435,0.21228791675297642,0.4315297084941073,0.4139631700139233,-0.25943169841984615,0.2775025279145303,-0.43594596421134796,-1.2086631929814597,1.0145975951964428,-0.04472438334477459,0.7036907084007044,0.6008319843617792,0.4490529505213992,0.2578727753440157,0.22455142165199204,0.09813720819728901,0.07309504398644072,0.013291385254491571,-1.1986707060302813,0.7940297126620489
2013-07-24,0.1867094224351889,0.3392994030186517,-0.11596476078304005,0.28982033400685747,0.37485112588902975,0.04073571830578394,0.1630118444927247,-0.15548840324404686,0.026318169395273372,-0.38651974385647064,-0.922871780138381,0.12384218683007629,0.5586991621136378,-0.2188182014289956,0.16277185051052584,0.5756753787325113,-0.12204018264766626,-0.03222323087934116,0.16252683355015363,-0.1893390920508013,0.055077031110081706,-0.9132724171941543,0.7255986527064178
2013-07-25,-0.5020419483893106,0.6956354787276694,-0.6139469690064046,-0.10580958132902331,0.5048671519778409,-0.2917000050261701,-0.07642576145661677,-0.0654744263000705,-0.2039690430922344,-0.43594596421134796,-0.9277733986501174,-0.6252501564680514,0.8625072026153775,-0.698304390595246,-0.24585975416566172,0.6769464167319291,-0.44521976617269643,-0.27721698790726695,0.21828768125217532,-0.4299401629369514,0.013291385254491571,-0.9181672932223055,0.7048004834016651
2013-07-26,-0.6158177165623124,0.5675732220584893,-0.7126235770317776,-0.20638362313145486,0.45895692099707897,-0.37289330092251566,-0.14008788619790966,-0.0878396244580025,-0.2621260328868996,-0.4202772646141841,-0.7649791972388491,-0.7489937312927839,0.7533227952171627,-0.7933159592027647,-0.3497389869977051,0.6411863886332476,-0.5241523649012738,-0.3423563926340653,0.20443313942822985,-0.49070182604870755,0.026537931878607673,-0.7555970254419697,0.7167302940563791
2013-07-29,-0.9826059534602447,0.6240761534061913,-0.9606144089758701,-0.458714053449821,0.48305733426445263,-0.5767214785369443,-0.2983746070850316,-0.06526127426595316,-0.4097154275216468,-0.052945600183218346,0.2792584336464019,-1.1479160006497937,0.8014965447349282,-1.032095933654595,-0.6103618182163421,0.6599584888213791,-0.7223052736556655,-0.5043161578263856,0.21841972228086123,-0.6449012972958794,0.33708546578369963,0.287204191110256,0.6854103228875738
2013-07-30,-1.4856963707165136,0.8489861514780288,-1.2213435305095106,-0.8089695137433702,0.5847142805499483,-0.8445579401647247,-0.5202969292593277,0.009151309048750356,-0.6132918357717286,-0.08421560494250528,0.16533832354521477,-1.6950817784865677,0.9932522227630279,-1.2831410730679988,-0.9721278152715432,0.7391403003247623,-0.9826842583631843,-0.731388188814474,0.26451599383997326,-0.8575952688935545,0.31064934877146194,0.17344078526309054,0.6807786588819102
2013-07-31,-1.4090882569893737,0.7003594353908102,-1.2294033529525223,-0.8490473959533249,0.5311405892350447,-0.8845532599366318,-0.5564042967492964,-0.01811696421853961,-0.6472411922342013,0.06994581366468758,0.5420611710870746,-1.6117620874363476,0.8665347937437479,-1.2909015381704447,-1.013522787402438,0.6974111112999057,-1.0215659725703194,-0.7683334279830738,0.24762415010218566,-0.893065112974496,0.44097965516074833,0.54964542690834,0.6779592991956945
2013-08-01,-1.3516618472901136,0.5554985597405662,-1.2469115520044207,-0.8931299655333843,0.47858557164175053,-0.9287710479339439,-0.5953964695746138,-0.04479314044403502,-0.6841791957682485,0.3058319370543292,1.079757881907629,-1.549304594600695,0.7430280769761616,-1.3077594489630997,-1.0590540539914577,0.6564753794223984,-1.0645525871439279,-0.8082304144120889,0.23109909199139989,-0.9316574564689064,0.6404012160941439,1.0866025021905845,0.6709608095956471
2013-08-02,-1.5972672066946256,0.590979790448937,-1.4076660292990189,-1.107039287599396,0.49258868645732606,-1.0988166069651248,-0.7392173492148058,-0.029002534188001104,-0.8159145496181788,0.5380293403029515,1.538383228373984,-1.8164272487199347,0.7732789662655828,-1.4625431951222119,-1.2799931340325124,0.6673825730604326,-1.229863500174482,-0.9553886584247965,0.24088087944773356,-1.0692928330384088,0.8367042793482443,1.544596980737925,0.6594905739923618
2013-08-05,-1.3375348378036522,0.43133550801911963,-1.287475973866712,-1.039196155139547,0.43436731845225557,-1.056354658051035,-0.712734136028018,-0.05933080185871288,-0.793434006566434,0.5191434555349435,1.2932530528870376,-1.5339399287890827,0.6371680868779033,-1.346817230010888,-1.2099204549738745,0.6220332530651264,-1.1885838361595116,-0.9282909021175632,0.22209346473651326,-1.0458054553680338,0.8207378775696063,1.2998039971765636,0.668334523839729
2013-08-06,-2.3715817601977496,1.4338403844419625,-1.4567665300640573,-1.704050172383913,0.9200341520058549,-1.4324948476589852,-1.135356468233779,0.2796717061500141,-1.1396553101647435,0.9072755076562368,2.124436338363393,-2.6585788986529795,1.491892216320728,-1.5098200086492986,-1.896623743604929,1.000324959368063,-1.5542510051572866,-1.3607201880706636,0.4320949318580366,-1.407532949958603,1.1488703618805052,2.129843937930112,0.5925244229570731
2013-08-07,-2.2702990417036264,1.2966247704247318,-1.4734575951866062,-1.765803858128683,0.8747225363928772,-1.4917164894747599,-1.1964521352738147,0.25871692923894696,-1.1956020571201218,0.7724343622841493,1.5058512988611559,-2.5484228798830366,1.3749037617055981,-1.525891135441738,-1.9604068568690785,0.9650311999401106,-1.6118237152916277,-1.423233580429892,0.4191141019509758,-1.465985380228871,1.0348736956004343,1.5121098009338327,0.6048630128576721
2013-08-08,-1.5908461485485588,1.1369804879949144,-1.1744675773564475,-1.4827478366763247,0.8165011683878246,-1.304524897385449,-1.0462634873556786,0.22838881242988637,-1.0681981209684892,0.6003997975848155,0.8718875783806717,-1.8094436466585218,1.2387928823179186,-1.238006183166839,-1.6680486913821813,0.9196818799448182,-1.4298441730075935,-1.2695598040382527,0.40032678069383715,-1.3328754122802322,0.8894331714447651,0.8790181372992069,0.5966108326764199
2013-08-12,-1.0009605241832735,0.977336205565097,-0.8805562581397792,-1.210268331529298,0.7582798003827809,-1.1183180757992726,-0.8983746595499362,0.19806074475697352,-0.9413208475625602,0.6189388249326665,0.8090831644044235,-1.167878601053312,1.102682002930239,-0.9550112968499076,-1.386614621021059,0.8743325599495329,-1.2488219818706652,-1.1182392150984752,0.38153948987500763,-1.2003156946874138,0.905106334913514,0.8163001147321021,0.5845865411446156
2013-08-13,-0.1585344690823234,0.8176919231352796,-0.3770481051450869,-0.7564398093223791,0.7000584323777402,-0.7878397078949205,-0.6350486486399733,0.16773272565567318,-0.7105936236507062,0.182670707663453,-0.4128202262623432,-0.2516482537865808,0.9665711235425596,-0.4702044071522067,-0.9178718134409134,0.8289832399542498,-0.9275452543490831,-0.8488027225298949,0.36275222914477523,-0.9592549056138912,0.5362789207311642,-0.40392247120974956,0.610234880909876
2013-08-14,0.20608785679055688,0.6580476407054622,-0.12891207235037017,-0.5317988413734506,0.6418370643727055,-0.6223396209939275,-0.506076965002785,0.13740475456794055,-0.5970005623982144,0.05360247054064514,-0.6881430897091426,0.14491835076327364,0.8304602441548801,-0.23128462488921422,-0.6858484106326337,0.7836339199589715,-0.7666532520638459,-0.7168382502022816,0.3439649981574486,-0.8405743593196928,0.42716275508272644,-0.6788666107956502,0.6282204894226727
2013-08-16,-1.7881954426501097,2.3110076484191224,-0.8997892800135054,-1.654672843298227,1.6644438209974175,-1.1880466531790912,-1.20188629913701,0.9421381907085726,-1.1104265068389354,1.0789817585325145,2.0349788134640394,-2.0240825590860827,2.239754938698543,-0.9735299672202509,-1.8456237144443983,1.580154555329435,-1.316609078791354,-1.4287938440980448,0.8424722311096221,-1.376995078120445,1.2940333247530902,2.0405094674650766,0.5522766399152288
2013-08-19,-2.3667348369596177,2.314619924012962,-1.0938361737661373,-2.0683621461395996,1.7388596189021486,-1.3997429235527223,-1.4774355062941131,1.030119496844667,-1.3069980990050643,1.4256851625707536,2.66382254910025,-2.6533073402357643,2.2428347233308825,-1.1603695853201497,-2.2729081969990776,1.6381179104947379,-1.5224110058749716,-1.7107371722558105,0.8969739027237214,-1.5823705093920868,1.587141427174275,2.668488189115595,0.5769023498242714
2013-08-20,-2.184962726332387,2.1586085701582296,-1.0825330865655993,-2.0706907744114758,1.683383714931934,-1.4186399802421201,-1.5057117187255,1.0022259415913721,-1.3328784125700797,1.6973985981698474,3.018806597510666,-2.4556103162240404,2.109821237069855,-1.1494863165645544,-2.2753133515906447,1.5949070652779946,-1.5407819043136755,-1.7396695343658415,0.8796947163223144,-1.6094099228764542,1.8168519191485832,3.022983934710589,0.5524822222742138
2013-08-21,-2.7794202080692165,2.2130352762114165,-1.2740745455026505,-2.509204065976805,1.7783189270862358,-1.6298480562433004,-1.8017309274773725,1.1073249855797482,-1.5351205209643655,1.8334106261489407,2.979570512681016,-3.102147756073018,2.156224820776843,-1.333913556527063,-2.728237620100645,1.6688532376598044,-1.746109230014545,-2.0425578706278524,0.944800291972098,-1.820709835417528,1.9318384666213395,2.9838018215756517,0.600096153722315
2013-08-22,-1.4995841626389286,2.053390993781599,-0.859485479243164,-1.8910422009297985,1.720097559081225,-1.30643721413521,-1.4542413341782303,1.0769972464110729,-1.2822059815822686,1.769094913977798,2.431287155665962,-1.7101862690692071,2.0201139413891633,-0.9347231272947194,-2.089760940071707,1.6235039176645445,-1.4317032443629865,-1.68700477923721,0.9260132046513849,-1.5564680290197412,1.8774650277373313,2.43627266269451,0.5287683519589987
2013-08-23,-0.7678139511361863,1.8937467113517819,-0.6021838071008554,-1.5155712058351596,1.6618761910762172,-1.109497721665679,-1.24692939908062,1.0466695520398153,-1.1314604542319908,1.4529492879883943,1.3076758811552764,-0.914306237884437,1.8840030620014838,-0.6869781351959615,-1.701950743502953,1.578154597669287,-1.2402472163585012,-1.4748821694453345,0.9072261450812731,-1.3989710715465091,1.6101909155042382,1.3142069859402352,0.5052954767989417
2013-08-26,-0.6367056825099516,1.7341024289219644,-0.565601208960659,-1.4461295301517747,1.6036548230712153,-1.082655561466386,-1.2221830647323346,1.0163419019513034,-1.1166612819823407,1.5586797221384145,1.4122292278499158,-0.7717116757082231,1.7478921826138043,-0.6517542852624008,-1.6302269878769047,1.5328052776740342,-1.2141524330807805,-1.4495615962604425,0.8884391129429392,-1.3835090897324405,1.6995769629468598,1.4186165129511972,0.49112400648536003
2013-08-27,-2.213892783463806,2.4108351439180518,-1.0127722704513038,-2.359343197741525,2.064114367875411,-1.4492849522866857,-1.80006890870255,1.4433252245268524,-1.467541843852636,2.0357646116658024,2.4563020071378774,-2.48707491318358,2.3248667134055534,-1.082316551622334,-2.57345183497325,1.8914627252352108,-1.570573616236914,-2.0408572846974167,1.1529419471667488,-1.7501045164919993,2.102911470293578,2.4612531046698414,0.6355264432556021
2013-08-28,-1.9581349657098974,2.251309728408205,-0.9738793641156928,-2.297410322764634,2.0059734082695795,-1.4367536762202588,-1.7912430988068524,1.4130715575989163,-1.4671700282670217,2.455100192061025,3.1571747265923498,-2.20891035172689,2.1888571785869435,-1.0448682027927765,-2.5094836437343977,1.846176036303934,-1.5583912534643634,-2.0318266718302858,1.134200745285998,-1.7497160484259493,2.457423871428739,3.2209155080518856,0.6137458349864956
2013-08-29,-0.6236395636409278,2.0916654459783874,-0.5254144779277747,-1.5931623566160975,1.9477520402645867,-1.0876145293294668,-1.3865472691824416,1.38274403732942,-1.1882769674611207,2.034277556081086,1.7230422326334014,-0.7575008443167849,2.052746299199264,-0.6130601668786293,-1.7820917925572664,1.8008267163086882,-1.2189733264331601,-1.6177398730581878,1.11541379356649,-1.458332222256027,2.1016542918651164,1.7290019749592103,0.5514275005982444
2013-08-30,-0.010042558168380022,1.9320211635485702,-0.29603241530835167,-1.2306102753860355,1.8895306722595968,-0.907727807976341,-1.1817177232299927,1.3524165593424562,-1.0475406647047585,1.789590270084644,0.8745054205513436,-0.09014708192802602,1.9166354198115845,-0.392197796190983,-1.4076250674969142,1.7554773963134445,-1.0440952624696946,-1.4081572562664388,1.096626868039691,-1.3112927718672,1.8947921000041543,0.8816323784638392,0.5302720596627801
2013-09-02,0.6552697869722282,1.7723768811187528,-0.010611297819156948,-0.8043964254736954,1.831309304254613,-0.6868631668853733,-0.9325356441127489,1.3220891231522434,-0.8735843511678959,1.7485030738545868,0.6583358258771513,0.6334527608569592,1.780524540423905,-0.11737776914479281,-0.9674044404064838,1.7101280763182056,-0.8293802432540591,-1.1531929055124492,1.0778399684046736,-1.1295454882369964,1.8600563864791995,0.6657601386205498,0.5097761358120225
2013-09-03,-1.2444816304017297,2.539373858916277,-0.6788614758934005,-1.8294925576951873,2.311884773770566,-1.1220989940905886,-1.5690596089756135,1.776390451795202,-1.2550589181686327,2.4699347718917495,2.4270977330662125,-1.4327344021842223,2.434457343696131,-0.7608078475759638,-2.026188574820072,2.0844540582682605,-1.2524976265531396,-1.804487412788212,1.3592654542828568,-1.5281051318437233,2.4699652410655935,2.432089002908215,0.6815998157272792
2013-09-04,-0.16357443549462367,2.3797295764864597,-0.35053751200362143,-1.2346185804000063,2.2536634057655878,-0.8517204448485381,-1.2243297630097896,1.7460630977634521,-1.0333398546882224,2.280082329899148,1.6281509134668752,-0.2571297677404686,2.2983464643084517,-0.4446784685382781,-1.4117650984864816,2.0391047382730263,-0.9896473345858906,-1.451758108684269,1.3404786055424418,-1.2964559510966385,2.3094612241902874,1.6342411847517055,0.6379899624487324
2013-09-05,1.0814050152174426,2.2200852940566422,0.08437119515738215,-0.483812856941149,2.1954420377606128,-0.49591148401374996,-0.7752966269548439,1.7157357841043765,-0.740156793083988,1.9013963303851906,0.44799991982277165,1.0969213653636343,2.162235584920772,-0.025923109032913613,-0.6362854502485821,1.9937554182777941,-0.6437453038879531,-0.9923051560206507,1.3216917818116376,-0.9901421187926175,1.989314570196767,0.45571356279261516,0.6117005473856891
2013-09-06,1.6613106739444357,2.060441011626825,0.3316018518274032,-0.05064931942286911,2.137220669755641,-0.28449293829259154,-0.5108834519194537,1.68540851035415,-0.5661626783401299,1.9197559542341527,0.43960709863232594,1.7276321082948998,2.0261247055330927,0.21212492451973589,-0.1888867461515068,1.9484060982825646,-0.4382133686590657,-0.7217562716766084,1.302904982803119,-0.8083553409552209,2.004836063337176,0.4473322864539311,0.5957963250608708
2013-09-10,3.0098459055896094,1.9007967291970076,0.9962809333649105,0.9631826269477928,2.078999301750672,0.22635614519330519,0.11635084499985057,1.655081276054282,-0.14779944287777674,2.0387372070641416,0.6905387085000961,3.26041822533327,1.8900138261454134,0.8521165438227117,0.8582630245267511,1.9030567782873373,0.0584119410109744,-0.07996699914461525,1.2841182082328657,-0.3712548984931927,2.1054245456955636,0.6979187241593864,0.6200351440938328
2013-09-11,2.901496165949241,1.7411524467671902,0.9645474087426112,1.0001912809925344,2.020777933745706,0.2552578681488197,0.15738940677847837,1.624754080751541,-0.11839876694724522,2.084555971255097,0.7212212349885946,3.076469287694057,1.7539029467577338,0.8215616634701696,0.896487903644827,1.8577074582921125,0.08650894182154029,-0.037976137294385016,1.2653314578201147,-0.3405374564031493,2.144160395620514,0.7285590449089631,0.5808184814605861
2013-09-12,2.017998514334902,1.688018705410025,0.6037159500269434,0.6711759149315246,2.0053099354094925,0.0889058864038267,-0.026172303820537788,1.6303704151868934,-0.24195522824211232,2.0786707716316006,0.615237518237183,2.115569093253912,1.7086017298822682,0.47413218062151463,0.5566600195918932,1.8456592493566113,-0.07521123566139098,-0.22579739848608163,1.2688106016122862,-0.4696276328890052,2.139184962227242,0.6227211154049235,0.5642700295053273
2013-09-13,1.7469129577956,1.5283747258298455,0.541485714194435,0.6420338708009359,1.9470886806614922,0.08122859926349851,-0.03025470248966772,1.600043390128545,-0.24342582574044883,1.8644442714719576,-0.011719238689997535,1.8207339417257031,1.5724911087007072,0.4142132956944796,0.5265602728462083,1.8003100175785918,-0.08267476104832958,-0.2299745292407533,1.2500239566606197,-0.47116409394179354,1.9580747619270478,-0.003373223194089892,0.5553729892810099
2013-09-16,1.4309450642122739,1.3722448842555521,0.4415966648113588,0.5675315157093175,1.8900532156972596,0.048874334802221274,-0.0627717218955732,1.570674052272277,-0.26426135980831206,1.9456342121830932,0.20064769769228016,1.4770843464763055,1.4393766011725189,0.3180343181382221,0.4496095273814805,1.7558844116478138,-0.1141281728810079,-0.2632461062765187,1.2318305690233662,-0.4929327877179827,2.0267139191442776,0.20870158915218504,0.5425072589797151
2013-09-17,1.3142212054808156,1.2126006018257347,0.432780193364296,0.5873419947409142,1.8318318476923026,0.06646069172000084,-0.038524239212567056,1.5403470085290487,-0.2465518511945181,1.8084242021324421,-0.17498350231730597,1.3501344011698044,1.3032657217848393,0.3095453074341508,0.47007104336470107,1.7105350916525959,-0.09703147987989136,-0.23843596061278327,1.213043912497,-0.47443012449443334,1.9107145801971979,-0.16641290659041558,0.5380047629641903
2013-09-18,1.5289224028054162,1.0529563193959153,0.6119240733106476,0.7898137354044904,1.7736104796873484,0.18513436374109626,0.09809495406563609,1.510020001593754,-0.15148305295060852,1.7706748937530816,-0.24673090426056168,1.583645403580252,1.167154842397158,0.4820354383855846,0.6791966657754757,1.6651857716573804,0.018337913982952626,-0.09864651813718124,1.1942572787719996,-0.375103486170628,1.8788007656285755,-0.23806161548387064,0.533765715372726
2013-09-19,3.0098459055896094,0.8933120369660978,1.6052896962899024,1.7367796325846352,1.7153891116823972,0.7249947849153776,0.6948339477232767,1.4796930310435161,0.2624547914868028,1.23528378864926,-1.5863515916521411,3.196902421763459,1.0310439630094785,1.4385055474490784,1.657282950807354,1.619836451662167,0.5431667871499093,0.5119398074385111,1.1754706675864057,0.057373365566627615,1.426173335259146,-1.5758395706282362,0.5787035993041126
2013-09-20,1.8116674052886312,1.2176923132143356,0.7010095727797272,1.207211901209795,1.7861796677731363,0.4121642393133326,0.39728838518173315,1.546306569548846,0.05039405760734375,1.2761559125882436,-1.2736220855258562,1.8911614760527315,1.3076068563631817,0.567812130695125,1.1103118966273078,1.674976062612652,0.239046506608871,0.20748969833800746,1.2167356744397333,-0.16418491860022988,1.4607272235398552,-1.2635402435451821,0.5556293358208668
2013-09-23,0.6020768051470583,1.5793382082131435,-0.008240686780227206,0.6003728606043991,1.905012228815463,0.06452207029938087,0.04459819034184253,1.652214859355364,-0.1955797281695346,1.6635338564256832,-0.11209362255142793,0.5755995832222908,1.6159419877317098,-0.11509520716912072,0.4835301459798189,1.7675361659084199,-0.09891612349475055,-0.15338467458325092,1.2823425526022032,-0.42117511631278326,1.7882221737350634,-0.10360953579723312,0.5614604821064797
2013-09-24,0.536618220092313,1.419693925783326,-0.018407045558898445,0.5865889663341902,1.846790860810518,0.0642323236870108,0.047657675839617906,1.621887995471458,-0.19196958545210416,1.614696274742172,-0.2204393191450287,0.504406222388845,1.4798311083440303,-0.12488396778744279,0.4692932679885769,1.7221868459132113,-0.09919780257717589,-0.15025419370619508,1.2635560074930707,-0.41740328636841445,1.7469341715771305,-0.21180619609209722,0.5549215651213775
2013-09-25,0.3095560815525209,1.2730567108746789,-0.11885735995856608,0.4746980162588489,1.7928226427166127,0.009572017473093665,-0.009887705567270949,1.5947716737601398,-0.22944330201369487,1.4410421378309815,-0.6350922040976168,0.2574513463071571,1.3548099051515488,-0.2216033638957565,0.3537252163683832,1.6801503552607786,-0.15233618018746917,-0.2091349160329187,1.2467582929989658,-0.45655533583486874,1.600124437508255,-0.6258887000034742,0.5579278440890522
2013-09-26,0.32757280578560904,1.1134124284448617,-0.09420260224348126,0.49162981968963254,1.7346012747116706,0.025182395345751996,0.010040293919305894,1.5644448789604135,-0.21454330850725345,1.1450914394868332,-1.3099336063146663,0.2770465017522402,1.2186990257638692,-0.19786433140341336,0.3712134540819266,1.6348010352655724,-0.13716044826254478,-0.18874448719902875,1.2279717906853254,-0.4409880172889423,1.3499234109492244,-1.2998018155604827,0.5668022944794149
2013-09-27,-0.11731079537077627,1.0676634937581009,-0.3472952006021045,0.24103993217403955,1.7080162767108742,-0.11260811824748615,-0.13428279012025668,1.5570511916888263,-0.3124086507719878,1.1560132278335151,-1.1098515787013465,-0.20681300604983419,1.1796940101348128,-0.441556582831658,0.11238836557923397,1.6140936623074569,-0.27111440588910274,-0.3364165892671991,1.223391632315432,-0.5432364482686347,1.3591568497330808,-1.0999950133209133,0.5716435482160578
2013-09-30,-0.906415057945626,1.329503776594361,-0.7521912184048416,-0.2339030824838956,1.7773873594463598,-0.37859258961270703,-0.42004455023353604,1.6194411316961836,-0.5063692533673906,1.6032219501102858,0.18402816187557072,-1.0650500799755371,1.4029360242772848,-0.8314139821099557,-0.37816282553747266,1.6681276284814983,-0.5296929660341001,-0.6288094527335895,1.262040251796535,-0.745883951749569,1.7372336105781794,0.19210491454900525,0.5823429580749417
2013-10-01,-0.432961172337063,1.1698594941645435,-0.5209559234515504,-0.020095523169633856,1.7191659914414237,-0.25953207239147474,-0.28926776877352806,1.589114437574917,-0.4181602402350191,1.4563453859542639,-0.21426014632121396,-0.5501172672980679,1.2668251448896053,-0.6087672117093633,-0.1573288525040835,1.6227783084862968,-0.41394749805558706,-0.4949979952773784,1.243253811850056,-0.6537243272866591,1.613062026138914,-0.20563552310792418,0.5699788006673361
2013-10-03,0.6562658795715307,1.010215211734726,0.11128280082368923,0.5788533405487916,1.6609446234364875,0.08303360292147242,0.08112781934552989,1.5587877762450346,-0.1659132495379127,1.3532976530881404,-0.44850679636036883,0.6345361203549741,1.1307142655019258,-1.1052272253973999e-05,0.4613034243106075,1.577428988491095,-0.08092001482371078,-0.1160073753199801,1.2244673922168157,-0.3901799670333741,1.5259439733958746,-0.4395599521931242,0.5530523679147739
2013-10-04,0.5431742508555086,0.8508790086271202,0.07021424495768494,0.5422601427307833,1.602801771220051,0.06928154388122196,0.06930232873567525,1.5285154640180976,-0.1722823639826852,1.517028541308949,0.032237293730220426,0.5115366219135064,0.9948660510016394,-0.03955424281515605,0.42350765466586016,1.532140825382778,-0.09428916982514794,-0.12810727651018705,1.205714640155601,-0.39683433459228423,1.664364448635406,0.04052284425979185,0.5431425793334427
2013-10-07,0.454659444326201,0.6913160147318541,0.03784167122205926,0.5126730229874066,1.5445990769030866,0.05905685319326401,0.06115159798112806,1.498201490624581,-0.17620385799689922,1.6326667626000602,0.3273230516379844,0.4152671019556073,0.8588244772837497,-0.07072443676521036,0.3929482056711646,1.4868060505465162,-0.10422917039153376,-0.13644714502065847,1.186936080302712,-0.4009314603037029,1.7621266834886302,0.33520269320622964,0.5375776285779111
2013-10-08,0.5634187537976078,0.5316717323020367,0.14299722823547806,0.591792528829063,1.4863777088981562,0.11355920668744417,0.11926871986703269,1.4678749254258503,-0.1343098323065458,1.5867776677342131,0.1696621879167286,0.5335547300294278,0.7227135978960701,0.030525440176985344,0.47466783651812666,1.441456730551319,-0.05124434756070162,-0.07698141497368283,1.1681497202197182,-0.35716112961120866,1.7233313749877923,0.17775870188806311,0.5382002787496046
2013-10-09,1.103781346880218,0.37202744987221925,0.5994609648503465,0.9265339759419559,1.428156340893229,0.32586049061555444,0.3354378202006463,1.4375483915374299,0.018095989781650047,1.4732864371858516,-0.14108545811749254,1.1212580700581294,0.5866027185083906,0.47003523379571516,0.8204099793215658,1.3961074105561244,0.15514574744483373,0.14420389062648906,1.1493633795324836,-0.19792951788768254,1.627384237347902,-0.13256149127574285,0.5428064007605203
2013-10-10,1.0573082454921248,0.21238316744240188,0.6264311745323355,0.9502861009853929,1.3699349728883017,0.35231647785167336,0.3650464492572001,1.4072218885996322,0.04162050678824411,1.4749769392205416,-0.1160015799479042,1.0707134963646292,0.4504918391207111,0.496003717905957,0.8449426766600092,1.3507580905609298,0.18086511012648746,0.1744995880974455,1.1305770580181933,-0.17335140986888398,1.628813412365383,-0.10751211755328892,0.5454708498705704
2013-10-11,1.4949550279548003,0.05273888501258448,1.0881120719426567,1.2503378663447409,1.3117136048833775,0.5540768234386347,0.564580531828041,1.376895416256896,0.18507851040509382,1.069720323862992,-1.1385645404922466,1.5467021734098725,0.3143809597330316,0.9405368969122971,1.1548551216292415,1.3054087705657373,0.3770077623213901,0.3786638602481341,1.1117907554565882,-0.023468361980258347,1.2862035731265902,-1.1286684786326213,0.5733438319841722
2013-10-14,1.4193755822636565,-0.10690539741723291,1.1162859974560881,1.2755393184172914,1.2534922368784531,0.5859739169770444,0.5992246586026473,1.3465689741577405,0.21337835711529501,0.930307630867678,-1.3464884938653061,1.4645012712030605,0.1782700803453521,0.9676643885278806,1.1808847756098653,1.260059450570545,0.4080167324226827,0.4141119041918173,1.093004471629937,0.006098948122805503,1.1683420539683391,-1.3363064195713739,0.5868659448816769
2013-10-15,1.0444510055821992,-0.1947988207710678,0.7965470269129619,1.1207114526340736,1.2043603310021223,0.4986637371284085,0.5233819712002358,1.3216007091437971,0.16262551215463683,1.004335340190428,-0.9797177675693008,1.0567298436556076,0.10333315831469096,0.6598011396366715,1.0209687611955534,1.2217900213573571,0.3231375645698294,0.336509286774474,1.0775374111789502,-0.0469269612021229,1.2309261565570324,-0.970040209405226,0.581921219961048
2013-10-17,0.5656679004453641,-0.11223847963681527,0.2944748600581369,0.8828311197040788,1.1775031801185654,0.3489911942975145,0.39413974608545377,1.3094781008663334,0.07187288566295093,0.5734817190341022,-1.9561659805231486,0.536000922667523,0.17372315577213246,0.17637690078578877,0.7752709046935637,1.2008706652633099,0.17763241376231667,0.20426799505266094,1.0700278339237241,-0.1417441196703331,0.8666762361711967,-1.9451452566206824,0.6026481591637253
2013-10-18,1.5855394205894808,-0.27188276206663264,1.3950623755534675,1.4857505134960922,1.119281812113644,0.7645212652880442,0.7780191052774423,1.2791517474292342,0.35041994414479216,0.3737518555156013,-2.213051454883906,1.6452225943038745,0.03761227638445297,1.2360864746107756,1.3980041961496978,1.15552134526812,0.5815927160393055,0.5970552770714092,1.051241605020448,0.14927820779195963,0.6978217034182008,-2.201677368905219,0.6303949124307965
2013-10-21,1.4895108054983792,-0.4315270444964501,1.411531869398738,1.4978770608553311,1.0610604441087228,0.7921504391178017,0.8071048441678633,1.2488254228697455,0.37612746512049866,0.386776700753179,-1.8906639901874513,1.540780986853925,-0.09849860300322653,1.251944259710246,1.4105292614051415,1.11017202527293,0.6084525998145682,0.6268159507067993,1.0324553940059495,0.1761370898365659,0.7088330970977821,-1.879733368379544,0.6371399271473738
2013-10-22,1.2713580708005483,-0.5903872223062475,1.2756666514662223,1.4316025671496886,1.0029207574020549,0.7660709174067656,0.787938107963257,1.21854362032847,0.3670736774389549,0.33882812540440854,-1.7664931854013322,1.3035160605626448,-0.23394096380860246,1.1211253378473112,1.342076771686191,1.064886327818038,0.5830992205789424,0.6072044502738926,1.013696762991372,0.16667781075534713,0.66829667383057,-1.755733368320685,0.6486563206815746
2013-10-23,0.9121616483497853,-0.6386516086332359,0.8731270297583379,1.2694690646821258,0.9556463565650478,0.6678981734972503,0.7087056054177655,1.1940568119512514,0.3131774358603669,0.42347119540510186,-1.3181095485877832,0.9128507186180722,-0.2750906245799556,0.7335368135710303,1.174615033539207,1.0280637314998426,0.4876599393483115,0.5261333570327932,0.9985279498915963,0.11036772171273317,0.7398551567933459,-1.3079665113123868,0.6413170128919864
2013-10-24,0.6784435742250348,-0.7587500392586215,0.63788370061285,1.15863550982849,0.9011476110899594,0.6053081700123143,0.6585101880542075,1.165676581918592,0.2805852732728623,0.4853658825906227,-0.9861509666919758,0.6586567856061463,-0.37748516547237854,0.5070308750934882,1.0601391265963327,0.9856140067239273,0.42681265417585335,0.474773154709,0.9809472836625684,0.07631585606051201,0.7921818259278085,-0.9764645592591581,0.6445259475367915
2013-10-25,0.4330854910612638,-0.8348413702307352,0.3455085834303859,1.02729522430036,0.8503803594821787,0.5245544731052122,0.5939717160113904,1.139166525815709,0.23679391960689414,0.4384916750763519,-0.9763115775278599,0.3918030714069784,-0.44235975925525606,0.22551513330623357,0.9244825709275735,0.9460707871581664,0.3483074145073606,0.4087370670363024,0.9645251317800343,0.030563221887836767,0.7525536888602837,-0.9666387047917487,0.6534567406096617
2013-10-28,0.03187418953880928,-0.5972565357162122,-0.19838988350901543,0.7916875314310075,0.8311550529007461,0.35777396139673906,0.4633606738055749,1.1285320888503945,0.1417696681471227,0.6209938749870569,-0.37906826966278057,-0.04455804052136179,-0.23979766142901932,-0.2981818962253193,0.6811320408506932,0.9310959658847581,0.18617063879082973,0.275095194814669,0.9579374301791072,-0.06871687453790833,0.9068437041311422,-0.370216942542674,0.6211884294860652
2013-10-29,0.9323225996809497,-0.7569008181460296,0.9617572161250517,1.2884441562471496,0.7729336848958307,0.7385151785163826,0.7793052705365563,1.0982059307218621,0.3799265287190073,0.2947776628862384,-1.1647260334906033,0.9347779552313401,-0.37590854081669883,0.8188751039844272,1.1942137084991387,0.8857466458895727,0.5563107270648868,0.5983712878030558,0.9391513222633888,0.18010630184921878,0.6310557718691565,-1.1547939848570823,0.6569065805136265
2013-10-30,1.0346266267277562,-0.9165451005758469,1.193951968002463,1.3732350669663986,0.7147123168909184,0.8214284271263231,0.8488935927890203,1.067879799227277,0.43679620264108454,0.24356506410425427,-1.1429043635430827,1.0460447586027628,-0.5120194202043783,1.0424456952296575,1.2817911250849057,0.8403973258943896,0.6369153891809097,0.669574407489728,0.9203652308465691,0.2395229941561796,0.5877598956989034,-1.133002331984752,0.6755220920771021
2013-10-31,1.2469002863090524,-1.0761893830056644,1.6144067577305043,1.526551758778757,0.656490948886006,0.9595322666443793,0.9615613585446932,1.0375536940606709,0.5266629494425259,-0.019518343922981123,-1.667658292717685,1.2769155485742867,-0.6481302995920578,1.447283983654952,1.4401463034230755,0.7950480058992065,0.7711739486741845,0.7848566294238404,0.9015791557391102,0.3334145970981111,0.3653453546035515,-1.657034429228687,0.7137925666162545
2013-11-01,1.136440928165069,-1.2358336654354818,1.5793400656479408,1.5035167284759536,0.5982695808810966,0.9643159479469491,0.9677882397727631,1.007227614919596,0.537106233497273,0.039545123807904474,-1.2977169385850775,1.1567789318845352,-0.7842411789797373,1.4135197361061862,1.416354266897203,0.7496986859040258,0.7758244360393382,0.7912280054680625,0.882793096753655,0.34432560383617183,0.41527846961590187,-1.2876019526233182,0.7231891906273008
2013-11-03,1.055824860880533,-1.3954779478652992,1.5796297278776414,1.490275872958308,0.5400482128761842,0.9766550703938275,0.9794792849952445,0.9769015615050826,0.5517903173892654,0.23459699543684012,-0.6266600814561295,1.069100153579729,-0.9203520583674168,1.4137986397223619,1.4026782736830206,0.7043493659088427,0.7878199954018456,0.8031903414648778,0.8640070537050014,0.3596673428377983,0.5801781599591563,-0.6174681762753585,0.7238734137585668
2013-11-05,0.43017783132069387,-0.5630875229541732,0.26803742990156826,1.1555379580512022,0.5759053667336365,0.69934381775636,0.7932223884933047,0.9891006633440965,0.4081970854293486,0.33444298823482793,-0.28681001847408977,0.38864067385563883,-0.2106655540709338,0.15092140774247878,1.0569397791651707,0.7322789319791713,0.5182300300517929,0.6126113525652552,0.8715640163328172,0.20964301014310527,0.6645894150622349,-0.2780855983629127,0.63368047807056
2013-11-06,0.07904778270275988,-0.47853426806940863,-0.1510379949235378,0.9443707478055212,0.5510801925237132,0.5397511397390372,0.6780243305795194,0.9739269551067373,0.3231149516844213,0.40192349685410483,-0.0740169813384147,0.006748394488232691,-0.13857642126709963,-0.25258874805105436,0.8388329256820902,0.7129423068231463,0.36308095431969956,0.49474012302836273,0.8621643779341617,0.12075030841126837,0.7216384189123131,-0.06558527139154242,0.6236867589742963
2013-11-07,-0.1516261927263498,-0.5081021189172246,-0.41362283666474714,0.7838680564834465,0.5114061866614859,0.42155334357828533,0.5908595782011752,0.951914741988223,0.2598554565558241,0.31906029580657247,-0.2746159187562495,-0.24413474870643492,-0.1637856308876773,-0.5054206826466808,0.673055592453624,0.682039749068318,0.24817418631671798,0.40555271204958154,0.8485284993188901,0.05465761439125925,0.6515846630602113,-0.2659082723937815,0.6362199702382739
2013-11-08,-0.4954918932806554,-0.32647829298169095,-0.7712715876664281,0.5459196390830651,0.5060312769044544,0.2316832400959733,0.4537522438474848,0.9450909597925975,0.1559547179697217,0.268132866019491,-0.3672866365850625,-0.6181262561203821,-0.008935245458383168,-0.8497856696804069,0.42728741400349757,0.6778531675627737,0.06359071149564785,0.26526380118191517,0.8443013793461901,-0.053896519812064156,0.6085298729075505,-0.35845151583994067,0.632108263165817
2013-11-11,-0.916802589668025,0.005285801006340284,-1.0976692974873454,0.24538972099590284,0.5423956277178136,-0.01326821824794281,0.2747881324681892,0.9571804354311948,0.0179955213028753,0.34320887084849927,-0.12458266607890757,-1.0763476552815587,0.27392300599086256,-1.1640603394381375,0.1168811026483495,0.7061777954092541,-0.1745404661587674,0.08214682652733965,0.8517904319663259,-0.1980344860416777,0.6720002197702749,-0.11608139986230108,0.6119140952908707
2013-11-12,-1.2790852969458264,0.2261237756938485,-1.3288719480993072,-0.04230090084101706,0.5750981301917506,-0.24281219469609655,0.09947870067737885,0.9682907275395449,-0.11648573612878207,0.5317431011942234,0.37788557493306724,-1.4703696690689825,0.46220692370727123,-1.386675677971158,-0.18026397130720695,0.7316501657803643,-0.39769315855192877,-0.09723066167703417,0.8586729109680509,-0.33853874679791923,0.8313898013389026,0.3856956645803446,0.594191902931021
2013-11-13,-1.3452032232223547,0.14647977991025476,-1.4214891348442795,-0.1757164619144006,0.5371489828200838,-0.34782269997691984,0.01495223350745409,0.9472055249483736,-0.17969704617983706,0.44491326755874705,0.10860803635430391,-1.5422801354963778,0.3943033687596067,-1.4758528838839577,-0.3180640028440189,0.702091120936951,-0.4997798146497194,-0.18371856602334996,0.8456112864251831,-0.4045810976784542,0.7579825965811592,0.11678853413909346,0.6100939203192726
2013-11-14,-0.6609639933363963,-0.013164502519564676,-0.8670589741414286,0.12535833480553674,0.4789276148151804,-0.10414233113570882,0.19556561219318566,0.9168796669873587,-0.03919760684307889,0.182670707663453,-0.5759954933373923,-0.7980952382987158,0.25819248937192546,-0.9420153279948098,-0.007094906367134912,0.6567418009417749,-0.26288433504841946,0.00108594719537473,0.826825364453868,-0.2577891190957899,0.5362789207311642,-0.5668732804741534,0.625503932773714
2013-11-18,0.4350612396128336,-0.17280878494938207,0.18124531022634321,0.7061859483919394,0.420706246810277,0.378505288424345,0.5522921737672477,0.8865538322120816,0.23909874718814964,0.08158235673471036,-0.7583870973260353,0.39395191375409644,0.12208160998424594,0.06735291468083804,0.5928205969348646,0.6113924809465988,0.2063247352505915,0.36609035076502017,0.8080394568453935,0.032971275631976354,0.45081735798763084,-0.7490139933758982,0.6326352716515908
2013-11-19,0.47850154064866407,-0.3324530673791995,0.2634110233912811,0.7393844121524922,0.3624848788053736,0.418956527286594,0.5806014588496032,0.8562280203561979,0.26518735556585876,0.19174576062881843,-0.3750061721693253,0.44119798581280173,-0.014029269403433558,0.14646683488722423,0.6271100704893144,0.5660431609514227,0.24564967421185674,0.3950565529770832,0.7892535634347674,0.060228312815257645,0.5439511025530556,-0.3661604327190069,0.6368559727765708
2013-11-20,-0.20580593745185688,0.23896014696691148,-0.43261132902941307,0.3529091843927415,0.4713221046259624,0.08104371241073097,0.351423489106509,0.8982067521476974,0.08256417197597914,0.525447814964445,0.5324417577866205,-0.30306113877247526,0.4731510662442358,-0.5237039058052527,0.22793400628045288,0.6508177780766925,-0.08285450002306366,0.1605605070749529,0.8152580768405765,-0.1305740034129896,0.8260676747617864,0.5400392457139997,0.5713746570779633
2013-11-21,-1.1483234647059581,1.0499329963001538,-0.9491520077730121,-0.22140241315667708,0.7746802243947722,-0.3814197115287611,0.0013786962380837574,1.0389841318468775,-0.1948150263780309,0.5900662847224724,0.6318379024426731,-1.3281518943017816,1.1645771918920853,-1.021059268125798,-0.36525134344600596,0.8871070463977683,-0.5324413712724039,-0.19760707730626506,0.9024652672770275,-0.42037616587191,0.880697069314968,0.639298664741126,0.5481099694050924
2013-11-22,-1.03693071051138,0.89093862232764,-0.9244790904823298,-0.23602114923881715,0.7167494466554836,-0.3931003155523102,-0.012777729628407607,1.008802980689463,-0.2039589022905917,0.35632484457464564,-0.04735141818082215,-1.2070001074586436,1.0290204169815518,-0.9973027505394967,-0.38035049887390393,0.8419840706365809,-0.5437967476014451,-0.21209200311968476,0.8837689866515451,-0.4299295679598855,0.6830886548000413,-0.03895638838795399,0.5707758223004732
2013-11-25,0.01858364593425005,0.7312943398978227,-0.2605416266849761,0.30542796779372505,0.6585280786505832,0.021578662159748054,0.3145822550468908,0.9784772579083713,0.04628167447967731,0.5714042200825278,0.5132454373690408,-0.05901295832504927,0.8929095375938723,-0.3580252038643625,0.17889240204695706,0.7966347506414071,-0.14066384127492906,0.1228643719585641,0.8649831484199709,-0.16848148276340222,0.8649198883292506,0.5208693310387278,0.5338731400445622
2013-11-26,-0.42704239636871477,0.7587587926446918,-0.5563327322806801,0.03756739375156045,0.6725319438193021,-0.18465834441338086,0.1522574476083815,0.9829851378152801,-0.0773883044905049,0.6822006660006367,0.7336389028523683,-0.5436799519657165,0.9163254141813794,-0.6428300576709884,-0.09777094406884052,0.8075425287384806,-0.34115850900712613,-0.04322718360772797,0.8677756392473076,-0.29769026103330987,0.9585888158327329,0.7409596314920256,0.5323667873129183
2013-11-27,-0.3963268700473022,0.599367686339622,-0.5514801699902299,0.021483585665169832,0.6144039873521452,-0.19438773343494892,0.14088787115914658,0.9527041374914857,-0.08383471380545532,0.5900662847224724,0.40469556631013537,-0.5102734622476653,0.7804303898462884,-0.6381577288971535,-0.11438331854528995,0.7622659681074635,-0.35061699878803204,-0.05486059114649036,0.8490175051814073,-0.30442538526271823,0.880697069314968,0.41246877713333735,0.5479656835667823
2013-11-28,-0.08529599123296715,0.43972340390980463,-0.33154333482430765,0.17072278253540013,0.5561826193472477,-0.07369812905957533,0.23088998484886772,0.9223784788663347,-0.012513448172850754,0.5001756755636354,0.1240922349486584,-0.17199340979536384,0.644319510458609,-0.42638977171003184,0.03976036506845745,0.716916648112292,-0.23328780297568552,0.03723002212987387,0.8302317066924348,-0.2299098587477968,0.8047022403944966,0.13225143324745117,0.5593627730914295
2013-11-29,0.5620264031742704,0.2800791214799872,0.19528882907510747,0.5331289462313642,0.49796125134234726,0.22277033472735194,0.4539555868084981,0.8920528411370692,0.16240431195910354,0.639446007174556,0.4679374895853543,0.5320403966497644,0.5082086310709295,0.08087483017115624,0.4140763772686405,0.6715673281171183,0.05492597168923191,0.26547186271755535,0.811445921147811,-0.04715806827641788,0.9224434051669768,0.4756237071779411,0.551909138691137
2013-12-02,0.7967586722244907,0.12043483905016981,0.4373405982929468,0.6926211018918438,0.43973988333744685,0.3633139250289407,0.5573695006639569,0.861727224063652,0.24637505281221198,1.026863324545758,1.4041230958441002,0.7873373774166034,0.37209775168325,0.31393633013372674,0.5788099653378724,0.6262180081219444,0.19155635101650087,0.37128549706274455,0.7926601483988401,0.04057346468248335,1.2499716423205254,1.4105215314381947,0.5361430763335707
2013-12-03,0.563508142165024,-0.012670946527114181,0.2664834093153897,0.5930495473585727,0.3880414363072355,0.29145513967905967,0.5037600145922932,0.8342502054406195,0.20823322933974966,1.274386782549844,1.8600927365743924,0.5336519496422631,0.2586132895354955,0.14942510647619253,0.4759661647762039,0.5859494693024982,0.1216983583518574,0.31643200254604803,0.7756389934320052,0.0007233858444204506,1.4592315752639748,1.8658639573392204,0.5344819415467629
2013-12-04,0.17063183684291244,0.011024259763296889,-0.09945937556471077,0.3868502697545336,0.37368986296908635,0.12192367471364958,0.38316839507132733,0.822849850078609,0.11530887476039742,1.0919149116596925,1.1534860854406346,0.10635605645551564,0.27881554993826424,-0.20292585803124139,0.26299050640397303,0.5747708571528979,-0.04311277473807152,0.19304205377261127,0.7685768293029206,-0.09636276575598288,1.3049672005883894,1.1602292879570102,0.5467137453141273
2013-12-05,0.7467801639863061,-0.1486200226665205,0.48209504225782523,0.7198438567997514,0.3154684949641889,0.41309677179052096,0.5909360337616222,0.7925242935599204,0.2822221002639767,0.7003969324273648,0.001847857437723978,0.7329802909023956,0.14270467055058475,0.3570285077870874,0.6069273487573763,0.5294215371577264,0.2399530742141231,0.40563094176176623,0.7497910940657131,0.07802599151555314,0.9739722042314817,0.010175210542276436,0.5847904427425115
2013-12-06,0.7823729117079907,-0.3082643050963379,0.5771123353473006,0.7714165434074163,0.2572471269592885,0.47092840186915225,0.6303764658685587,0.7621987567641891,0.3177718091373827,0.8060439998759159,0.2752259517477309,0.771691291598247,0.006593791162905245,0.44851667546863244,0.6601948820480797,0.48407221716255266,0.29617447525989077,0.44598658933171204,0.7310053710462616,0.115167862886706,1.063287772251669,0.2831772561432657,0.5936362273987881
2013-12-09,1.4462059885033525,-0.46790858752615533,1.390253425671898,1.18803061154084,0.19902575895439104,0.8517638319844486,0.8947307858351561,0.7318732394648532,0.5328222517458833,0.15990035972930458,-1.416199964485286,1.4936822684875741,-0.12951708822477426,1.2314561383968943,1.0905002472212473,0.4387228971673812,0.6664061533197644,0.7164752528747383,0.7122196601042183,0.33984975567288306,0.5170285372716691,-1.4059219976927373,0.6635884234430991
2013-12-10,1.0201416601277262,-0.4766407601224263,0.9143501347196931,1.0085561025164875,0.16776608890933914,0.7035369244473078,0.798521212400261,0.7123167933129836,0.45963756275958983,-0.11814288607906093,-1.9439692517201543,1.0302907753329764,-0.13696203816569025,0.7732288129579938,0.9051276204854024,0.4143743662345923,0.5223063864086678,0.6180331357126748,0.7001050524345017,0.26338734878380227,0.28196673164564595,-1.9329653051828688,0.6864440832042727
2013-12-11,0.6935591117890567,-0.5350318726409358,0.5667823572598972,0.8608876277141089,0.12748601938107476,0.5834335637357098,0.7192026881171077,0.6890638570145522,0.40005278525576976,-0.2265176042700446,-1.967977347118072,0.6750965836721589,-0.18674562923675295,0.4385703726780752,0.7526062779894687,0.38299973824042766,0.40554711124505377,0.5368740245989766,0.6857005845553784,0.2011339517276814,0.1903451679996012,-1.956940375940304,0.7024658906978632
2013-12-12,0.06401640262410697,-0.02315859867637188,-0.19530215084441194,0.5181506882863829,0.21410390852174171,0.25959784832819327,0.5178515972251848,0.716596887644195,0.23471781877990922,-0.17692326392359256,-1.5834616771893033,-0.00959987312050361,0.24967163791464841,-0.2952088479033785,0.39860588491692994,0.4504674482333631,0.09072808221000055,0.33085058043824433,0.7027564372111292,0.02839413886822582,0.23227294494226913,-1.5729536314239343,0.6586312159413277
2013-12-13,-0.47333537677630166,0.2743309580597026,-0.6495169290908931,0.1932885897498829,0.2884437342439522,-0.03195728288432687,0.3226228171185262,0.7412714302854176,0.07624709292804109,-0.15233537478367,-1.3128985557266166,-0.594028624419553,0.5033078130391719,-0.7325532138023132,0.06306775830498526,0.5083716277569054,-0.19270916374975341,0.13109151532117758,0.7180415458247681,-0.13717400506913371,0.2530599041829413,-1.3027626864986201,0.6420900991563748
2013-12-16,-0.5255835565173907,0.13204698970767398,-0.7159420030701712,0.12034133315359473,0.2355397098463593,-0.09050307845084238,0.2776177938642329,0.7131672221667448,0.043177222464763784,-0.026659854015957427,-0.8179257314446086,-0.6508542265936168,0.3819981378011803,-0.7965111325019394,-0.012276783055998674,0.4671640503046376,-0.24962484549023425,0.08504215023300815,0.7006318665516638,-0.17172497366867068,0.35930781805965545,-0.8084707283702807,0.6431972846268922
2013-12-17,-0.5862226124757148,-0.0019344372342636885,-0.7955352596022247,0.04109546354211686,0.18450932197089445,-0.156659627070042,0.22773306227018764,0.6857851499823179,0.005751342224885501,-0.03381304278967503,-0.7279219409654663,-0.7168058231310295,0.26776711389526436,-0.8731481420731088,-0.09412693039838617,0.4274158707522865,-0.313939371065023,0.033999843143868,0.683669527938496,-0.21082704437118524,0.3532604081891321,-0.7185907437480115,0.6574164795101862
2013-12-18,0.07456287621925571,-0.16157871966408108,-0.17717220146085574,0.3781364848597278,0.126287953966,0.1496771458306456,0.43253539199860025,0.6554597630289,0.17396029518824518,-0.2265176042700446,-1.1257729951557789,0.001870568832249854,0.13165623450758485,-0.2777522797847858,0.25399035811805626,0.3820665507571173,-0.016132054534279332,0.24355461215893906,0.6648838977416783,-0.03508452797845325,0.1903451679996012,-1.1158945288687696,0.6805066839504277
2013-12-19,-0.327338184157844,-0.02049935632028544,-0.5589342480021932,0.13734221538771035,0.14518788058718182,-0.06839736087974224,0.2870091188583798,0.6558462722344357,0.0563305446434645,-0.47272602202003117,-1.6094361531157557,-0.4352407311880839,0.2519388773677808,-0.6453349480842717,0.005282803615650321,0.39678792968722315,-0.22813462618845265,0.09465140097983156,0.6651233281243479,-0.1579825545055675,-0.01780301077876915,-1.5988923778301989,0.6997661580076384
2013-12-20,0.5187216080454536,-0.18014363875010284,0.26612412920327416,0.5979133644940893,0.08696651258228737,0.35543516673891984,0.5690432772272044,0.6255209206270833,0.2885425125097646,-0.623019175243405,-1.7843299396915822,0.48494170206530524,0.1158279979801013,0.1490791707199411,0.4809898228058307,0.351438609692054,0.1838969641210656,0.3832301636809852,0.6463377198233141,0.08462947565326226,-0.14486302932805586,-1.7735455870370775,0.7216451723973712
2013-12-23,0.5192130182945056,-0.33978792117992024,0.30870683186003905,0.6161837801794003,0.02874514457739291,0.38457040798468606,0.5857216627352884,0.5951955863888354,0.30653313081909656,-0.5579744977401617,-1.383935173100769,0.4854761643844762,-0.020282881407578217,0.19008026972332873,0.4998606639383859,0.30608928969688487,0.2122209812794314,0.4002955712245692,0.627552122281898,0.10342583861398924,-0.08987331254560742,-1.3737015885517116,0.7303114903203018
2013-12-24,0.32242658603329605,-0.4604181984921952,0.12126394128154333,0.519526608825931,-0.021223157454249967,0.30466960248106945,0.5319778656687243,0.567995236834533,0.26637761313986363,-0.7448394878592915,-1.6818788549722208,0.27144942568577446,-0.12313086866933015,0.009599369390688086,0.40002702269288704,0.26716838151317923,0.13454488562051703,0.3453046490255321,0.6107023551631404,0.061471878377767776,-0.2478516941386842,-1.6712354302082388,0.7622269596234346
2013-12-26,0.3502705402160503,-0.6200624809220125,0.18647630963385564,0.5415928999746178,-0.07944452545914442,0.33709970666250394,0.5497736509464622,0.5376699367382196,0.28531341731071863,-0.9459203130955195,-1.9777377867806494,0.301732767061163,-0.25924174805700967,0.07238962468778275,0.42281848413655626,0.22181906151801012,0.16607202553791928,0.3635133856071103,0.5919167787715865,0.08125575917768535,-0.4178483495847789,-1.9666873895061643,0.7987102796762755
2013-12-27,0.5563026192511676,-0.77970676335183,0.48889879530511027,0.6682743433211981,-0.1376658934640359,0.4722230693390015,0.6321036606418788,0.5073446534192917,0.35808272214562353,-1.0110750906000365,-1.8864537761195148,0.5258151564642436,-0.39535262744468913,0.36357955633219463,0.5536630928751559,0.1764697415228433,0.2974330947894516,0.4477538636700808,0.5731312127730991,0.15728417813242251,-0.472931146510295,-1.8755289457250304,0.8216337387947837
2013-12-30,0.3060098109553631,-0.8300704039278444,0.17639132300052054,0.5416133063969801,-0.17797313840647913,0.35738356153540085,0.5604826656834386,0.48338619037996106,0.30204070358688234,-0.8875192591865638,-1.3226745779374347,0.2535943896982517,-0.43829208824861704,0.06267921389647702,0.42283956118051164,0.14507394627349676,0.18579110898780213,0.3744709030951291,0.5582896931106348,0.09873220933569189,-0.36847524885582467,-1.312525261177949,0.8173944015536818
2013-12-31,0.3535861301316856,-0.9897146863576618,0.2793176676186123,0.5731323775100564,-0.2361945064113706,0.40121078241665264,0.5842211524614599,0.4530609400398591,0.32641274441240475,-0.8759320366217943,-1.119235450911628,0.30533883323326466,-0.5744029676362966,0.1617826756884389,0.45539445176785426,0.09972462627832995,0.22839803116060037,0.3987602416008592,0.5395041475415001,0.12419579916754052,-0.35867924230171266,-1.1093659774266185,0.8340275533928551
2014-01-01,0.28124294362807506,-1.147885756024079,0.21228955089621565,0.5376421260162806,-0.2942112346821748,0.37802003449149596,0.5671753464735517,0.4228054415516042,0.3165818536070525,-0.7448394878592915,-0.6354298038766353,0.22665771636699897,-0.7092578027629501,0.0972441124155178,0.41873787486074443,0.054534702619986934,0.205852992435619,0.38131888758301835,0.5207618110663287,0.1139246128954809,-0.2478516941386842,-0.6262258353928298,0.8404180700259175
2014-01-02,-0.36827829689705543,-0.14417723910793656,-0.6122456497203362,0.1634009836908427,-0.11772916372024703,-0.020782523594537868,0.34145035899859877,0.47504852101094325,0.12008241312344832,-0.4806478605154399,0.12733643737955336,-0.4797675753960207,0.14649253672332932,-0.6966662615866969,0.03219794803427617,0.19199869880760312,-0.18184554771875228,0.15035595042322047,0.5531247673106675,-0.09137543524092673,-0.024500248308113554,0.13549117307449704,0.7338917081818918
2014-01-03,-0.40524242606457306,-0.29072699821646514,-0.6700603736203736,0.10821274064521537,-0.17240383563284686,-0.06972153940970705,0.3065152033754072,0.44601040521299645,0.09394256969413689,-0.6641688104225829,-0.3576582707552826,-0.5199701032006819,0.021545897340340472,-0.7523336352051813,-0.024803960670853727,0.14941194282504122,-0.2294219350899677,0.11461012430477943,0.5351365613949267,-0.11868600213673208,-0.17965152964910439,-0.34883639443104014,0.7674799715718245
2014-01-06,-0.5110945315249763,-0.39347719929611574,-0.8016349180275262,0.0122036145186259,-0.21638273423404455,-0.16171067814913687,0.24574554365121518,0.4207564020049175,0.04528215415828241,-0.49388289015973197,0.12814853485656097,-0.6350958293788425,-0.06605774253545899,-0.8790212474276113,-0.12396825980975822,0.11515625261980339,-0.31884978372388,0.05243030426310904,0.5194924950558903,-0.16952576853638288,-0.03568933494338271,0.136302153460508,0.7648476326805892
2014-01-07,-0.6760967026981315,-0.41992386525473485,-0.9894735243806128,-0.1227603817938932,-0.24240131968467257,-0.2957292951235788,0.15973030757725795,0.4017561558753046,-0.02581758319028667,-0.5418633415507554,-0.009096612045048478,-0.8145537125702976,-0.08860586581123207,-1.0598831658882457,-0.26336761321778895,0.09489006517255912,-0.4491368671464741,-0.03558091587856441,0.5077224359305873,-0.24380984519442875,-0.07625270668052232,-0.000754204136524738,0.7776426202446741
2014-01-08,-0.5035618513608606,-0.5795681476845522,-0.8332580587273274,-0.06987070216565179,-0.300622687689564,-0.2408871161687095,0.18729755217716323,0.3714310000202757,0.00023330016399107024,-0.5418633415507554,-0.005437164366719848,-0.6269032169580527,-0.22471674519891158,-0.9094698437292984,-0.208739806220562,0.049540745177392306,-0.39582168075015034,-0.007373973202786412,0.4889369488920047,-0.2165922226227481,-0.07625270668052232,0.002900209742081839,0.7927328407627974
2014-01-09,-0.49501162978626045,-0.7316205212843729,-0.8574812949644129,-0.1008829325312114,-0.3572759088795583,-0.2713395938124296,0.16410495320860036,0.3416365459598952,-0.01702101911380902,-0.5795487656941929,-0.09896829007593462,-0.6176039171143832,-0.354354850420462,-0.932793382283078,-0.24077119962039495,0.005412873494848449,-0.42542625797055755,-0.031104756569173667,0.4704802150421074,-0.23461930997513614,-0.10811251258655882,-0.09050225803949359,0.8137967181700376
2014-01-10,-0.4163797629203123,-0.8912648037141904,-0.7894788352294918,-0.08957798700078998,-0.41549727688444976,-0.25812867839751785,0.16652976236114958,0.3113114201721536,-0.012340966391633741,-0.7448394878592915,-0.5078814445766238,-0.5320831734852159,-0.4904657298081415,-0.8673166649751306,-0.22909473670946695,-0.039936446500318364,-0.4125831793176888,-0.028623679705732152,0.4516947466292704,-0.2297296520362695,-0.2478516941386842,-0.4988529268580786,0.8465113846877014
2014-01-13,0.39341526285259343,-1.0509090861440078,0.35331630269514847,0.35102318091367307,-0.47371864488934123,0.21701809111899917,0.4329266318376451,0.2809863091595143,0.2214498859590981,-0.6421741747137109,-0.17617163161981528,0.34865736532666847,-0.626576609195821,0.23303285882839067,0.22598602257597916,-0.08528576649548518,0.0493338900830513,0.24395493072078972,0.4329092873691478,0.014531976003642847,-0.16105694459172293,-0.1675994015465758,0.8510669770071196
2014-01-14,0.10141565557756507,-0.9657981559891106,-0.07994362455929623,0.19877440834837895,-0.49108833342235203,0.055408271454046955,0.3412328049232269,0.2636907818670387,0.14387769705738124,-0.7001476665324674,-0.299669105182615,0.031075899326915544,-0.5540120088695976,-0.18413495963411147,0.06873385879428417,-0.09881522467368714,-0.10777616322106116,0.15013334800422798,0.4221952483273873,-0.06651443347403603,-0.21006857810845544,-0.29092699659142973,0.8537860955501733
2014-01-15,0.6705272249835781,-1.1254424384189279,0.7912978823939826,0.5289028425845872,-0.5493097014272434,0.42535167499186877,0.5437822904513095,0.23336569989739708,0.3247692695406399,-0.7899926522672504,-0.4889757374343386,0.6500468911582408,-0.6901228882572771,0.654746958462674,0.40971139007285595,-0.14416454466885395,0.2518667592809844,0.35738299555582187,0.40340980705849483,0.12247871809365084,-0.28602483632239606,-0.47997322570131995,0.8807160118205464
2014-01-16,0.5598055265972074,-1.2838925158144237,0.6924480852059667,0.49645476373568836,-0.6073534399931,0.402457802585703,0.5281445314142449,0.20309525541231704,0.3155559281903896,-0.7560841571888496,-0.33617255705626364,0.5296249508012915,-0.8252156021653242,0.5595686332718287,0.37619696152559073,-0.189375506969116,0.22961033005207238,0.3413823622267431,0.3846582120050335,0.11285273942394888,-0.25735810120348745,-0.32738023567832814,0.8976273441029651
2014-01-17,0.05066423768101637,-0.6541115438734109,-0.17237530733124676,0.22588095308611458,-0.51997355017111,0.0883989116909555,0.3657010626689548,0.21808229400300297,0.17066873914623942,-0.7928302611635929,-0.38447947659098175,-0.024121810860314605,-0.2882715875858926,-0.2731335515490001,0.09673121299841206,-0.12131426553028685,-0.07570409447608531,0.1751693918173365,0.3939422143870156,-0.03852350272669865,-0.28842379217149616,-0.3756207060164729,0.8471230812053295
2014-01-20,0.3513810393580251,-0.8137558263032282,0.23235598042273056,0.39571680111999463,-0.5781949181760015,0.28429492914818166,0.47005160497644116,0.18775725435874452,0.2665205542578181,-0.8098946805703021,-0.3760215016324438,0.3029405561701656,-0.4243824669735721,0.11656523607206037,0.27214842090774377,-0.16666358552545366,0.11473751240507568,0.2819413890833863,0.3751567993373762,0.061621221390269564,-0.30285030063077883,-0.3671743655327896,0.8662577816071526
2014-01-21,0.3701970591970173,-0.9734001087330456,0.2984227139996202,0.4189403423768543,-0.636416286180893,0.32147819661620697,0.4866783541948959,0.1574322285000687,0.2855231879443139,-0.7532702786998444,-0.17954148506389847,0.3234050328881745,-0.5604933463612516,0.1801781238225318,0.2961351634724397,-0.21201290552062046,0.15088547139688582,0.29895396211693137,0.35637139282747476,0.08147492479499564,-0.2549792073860356,-0.17096461954596312,0.8807865673224803
2014-01-22,0.5000030250127147,-1.133044391162863,0.5382330421503729,0.5071142430634997,-0.6946376541857845,0.43433681846131167,0.5435060918258345,0.12710721626861987,0.34064508029716123,-0.669684793449023,0.06069793485204097,0.464583198516442,-0.6966042257489311,0.4110814341595483,0.38720674610934297,-0.2573622255157873,0.2606017258341054,0.3571003877395903,0.3375859947592149,0.13906555775333063,-0.18431482195900326,0.06894433598532046,0.893872654934917
2014-01-23,0.4758580722270785,-1.2926886735926804,0.5608602839261018,0.5127939584941286,-0.7528590221906759,0.4545733051114756,0.5508414888456817,0.09678221750787024,0.3518979253383331,-0.7448394878592915,-0.13755645917179157,0.4383229251766397,-0.8327151051366106,0.43286825656249084,0.3930731155130611,-0.3027115455109541,0.28027475995348394,0.36460600269117,0.31880060503563246,0.15082238323302902,-0.2478516941386842,-0.1290373466893533,0.92097175884047
2014-01-24,-0.18264335470383392,-0.23607544540895245,-0.43481332859492133,0.14879606635292375,-0.5236899562527867,0.00476881503799952,0.33107931076519775,0.15489390276581463,0.14757627386057595,-0.6752077411023444,0.061436782708939854,-0.2778693001460307,0.06814118280446559,-0.5258241188626189,0.017113065479603392,-0.12420901868373005,-0.1570056451505053,0.13974424195351448,0.3547989793035844,-0.0626502087522591,-0.1889840022658053,0.0696821675106678,0.8186836644483686
2014-01-27,-1.1598520545052724,0.9192385706739791,-0.9930139386509934,-0.4369318075674808,0.05770999426428813,-0.5881646409142488,-0.03000877641924111,0.3637534782969735,-0.18471355708533316,0.046579444209405546,1.9083792666611072,-1.3406904948962939,1.0531486275094766,-1.0632920823485972,-0.5878637366928676,0.32865035760158545,-0.7334298195204725,-0.2297228964543911,0.4841809639430399,-0.40982228273140137,0.42122538643497986,1.914084066276326,0.6467759552765259
2014-01-28,-1.0923312044821352,0.7645385626504719,-0.9951817176965843,-0.4705019225151196,0.0025159020179195374,-0.6235307386956032,-0.05995893715058551,0.3347006600631984,-0.20889087921479513,-0.18185747083181808,1.077556057731929,-1.267254195662849,0.9212531796244738,-1.0653793459021148,-0.6225370751045283,0.2856590189076366,-0.7678112050025332,-0.26036805084469494,0.46618365032744075,-0.4350824330136214,0.22810149462774043,1.0844037067620884,0.6789066566867469
2014-01-29,-1.0060215992886858,0.6071115783186579,-0.9819122460714261,-0.48697255820178864,-0.054479666498650256,-0.6439452697237441,-0.07976164017350271,0.3048795287488757,-0.2245455679034298,-0.10357038855773615,1.1414669486240205,-1.1733830730165151,0.7870327430975749,-1.0526027280295682,-0.6395489895978156,0.24126448879719292,-0.7876573261395969,-0.2806302757097364,0.44771039075182084,-0.4514382472257506,0.29428653308475106,1.1482266842166646,0.6836233879619479
2014-01-30,-1.2435680581858595,0.5924333375863947,-1.155224970782582,-0.6841131854325708,-0.03739696712134801,-0.828540898353966,-0.21068614583075526,0.30531384547546336,-0.33765468847104657,-0.2994431478323629,0.4934936098642629,-1.4317407926163184,0.7745182438400727,-1.219478284090594,-0.8431683008012993,0.2545704076889893,-0.9671131854056156,-0.41459288530407296,0.4479794364008179,-0.5696131786151151,0.12869285238164707,0.5011446734110853,0.7081901436733731
2014-01-31,-0.9695780123323273,0.43278905515657734,-1.006164775882247,-0.5958751052876226,-0.09561833512623948,-0.7522533087122464,-0.16889462645061645,0.2749889243509356,-0.3006166310065978,-0.409862559788653,0.14870976439372738,-1.133746691721698,0.6384073644523932,-1.0759544721372922,-0.7520304295597761,0.2092210876938225,-0.8929497014050695,-0.3718315934666838,0.42919409477045045,-0.5309163000814339,0.03534267487545316,0.15683509973729548,0.7262796891161233
2014-02-03,-1.5346966300806417,0.7877750897844636,-1.27766426572105,-0.9764323874168681,0.10935250119823248,-1.0720048552553005,-0.4137664490055119,0.35527519332053925,-0.5126032051423703,-0.04815460960533583,1.060238026276599,-1.7483749125029118,0.9410643754530102,-1.3373699476174883,-1.1450940651437023,0.3688753240108822,-1.2037982787105868,-0.6223856681290079,0.47892893116551327,-0.7523971031169907,0.3411358389287122,1.0671094973448332,0.6736443831145922
2014-02-04,-1.352130763304826,0.6281817542905479,-1.2184414447150054,-0.9530692606319117,0.051158085958550696,-1.0632444382271677,-0.4156196681895457,0.32496200686591054,-0.514480924267293,0.05126271442157264,1.1806199326698181,-1.549814591983133,0.8049969328370218,-1.280346776333573,-1.1209631498152068,0.3235469978469518,-1.1952817814512644,-0.6242818912752948,0.46015085879669043,-0.7543589195261597,0.42518469121545027,1.1873258108780886,0.6732107590417027
2014-02-05,-1.0181185891258042,0.4685374718607305,-1.0320542282096148,-0.8290260954254176,-0.007063282046340778,-0.9597649694508023,-0.35510440960376155,0.29463712258738306,-0.46239685495383814,0.10707430361995347,1.1735075686792693,-1.186539870734526,0.6688860534493423,-1.1008823403041865,-0.9928435216409568,0.278197677851785,-1.0946835326007844,-0.562362375751971,0.44136553999126954,-0.6999421643899818,0.4723686208005311,1.1802232303901405,0.67383490532298
2014-02-06,-0.7870609159149486,0.30889318943091315,-0.8971635899130223,-0.7438201189406218,-0.06528465005122927,-0.8894193656154856,-0.3165499124878375,0.2643122503097787,-0.42882551447003303,0.10938440346784499,1.0300082720975432,-0.9352394142935672,0.5327751740616627,-0.9710018003110279,-0.904837398874876,0.2328483578566205,-1.0262965893371296,-0.5229132212998044,0.4225802286200457,-0.664867266464743,0.4743216128246425,1.0369213260879997,0.6838527289626438
2014-02-07,-0.48531689858613414,0.14924890700109575,-0.6782526007922403,-0.6032108345660465,-0.12350601805612074,-0.7627629611133045,-0.24261502697298074,0.2339873898952483,-0.36388650341597106,0.01837403346417388,0.6655847796361973,-0.6070598380461201,0.3966642946739833,-0.7602215872696465,-0.7596072348273141,0.1874990378614537,-0.9031667293824605,-0.4472626763242309,0.4037949245976258,-0.5970198361488179,0.3973801217930638,0.6729991209892046,0.7017256063311729
2014-02-10,-0.5071606542825565,-0.00022515197241591625,-0.7223935546077452,-0.6323029730903722,-0.1781656433643681,-0.7982751033897247,-0.27085174964279674,0.2050745052294296,-0.3881953816519308,0.1347153053002596,0.880488389595414,-0.630817308207634,0.2692244308537766,-0.8027230609802627,-0.7896554359057499,0.14492400185901258,-0.9376900929847377,-0.4761546323125373,0.3858842954574395,-0.6224174345323157,0.4957367258066237,0.8876071175588686,0.7092381104750187
2014-02-11,-0.3788233801392825,-0.1598694344022333,-0.6246497185632747,-0.5749982175697456,-0.23638701136925658,-0.7488173711265517,-0.24629046651335443,0.17474966813380938,-0.3660080348373409,0.03719783426388481,0.5187201671120322,-0.4912365051881133,0.13311355146609713,-0.7086096194043897,-0.7304674592228185,0.09957468186384809,-0.8896094319934875,-0.45102340446112876,0.3670990058803562,-0.5992363844598879,0.4132940368815615,0.5263365299477023,0.7329420330083493
2014-02-12,-0.17405960009024113,-0.3195137168320507,-0.42997619184571173,-0.4657197309711541,-0.2946083793741451,-0.6445201882036702,-0.18887918012144295,0.14442484249713047,-0.31430807086990853,-0.25403608997709837,-0.29337634397382706,-0.2685335294598758,-0.0029973279215823666,-0.5211666426956908,-0.6175977251496078,0.0542253618686836,-0.7882162369360695,-0.3922798888250073,0.34831372340172917,-0.5452209375708673,0.1670806397799434,-0.2846428914702288,0.7723360369759538
2014-02-13,-0.8051829075070054,0.3007978713783216,-0.9138362828016643,-0.8292800607137117,-0.08795142530688864,-0.9750174244709711,-0.42035372519093145,0.21821065387918323,-0.5196807530382741,-0.16215395120776557,-0.01710831671773299,-0.9549490594891508,0.5258731989812486,-0.9870552372497396,-0.9931058330569164,0.21519293546529047,-1.1095113074612806,-0.629125802097721,0.3940217293218039,-0.7597916326899031,0.24475913681053144,-0.008754888207113103,0.7162893271709538
2014-02-14,-0.34152352499888644,0.1411535889485042,-0.5550122475997195,-0.593273335924255,-0.14617279331177713,-0.7559083601815203,-0.2884028057778771,0.1878858507670346,-0.4034507073870181,-0.4516709923883287,-0.7554358787302816,-0.45066883871893154,0.38976231959356916,-0.6415586183362676,-0.7493431575696192,0.169843615470126,-0.8965029838253915,-0.4941129608102383,0.37523646079642,-0.6383559995482874,-2.782370600810789e-06,-0.746066834366359,0.7495929888767355
2014-02-17,-0.11295245522805979,-0.018490693481313217,-0.3597789316590645,-0.4667750797525478,-0.2043941613166686,-0.6376004855324776,-0.22031047750961605,0.15756105872347761,-0.3426060735534565,-0.6752077411023444,-1.2288538023500661,-0.2020728351134199,0.25365144020588964,-0.4535766440551972,-0.6186877561339125,0.12449429547495919,-0.781489202293165,-0.4244405496571231,0.35645119912768297,-0.5747863210589761,-0.1889840022658053,-1.2188335419497878,0.7838359563199397
2014-02-18,0.3069882432073582,-0.17813497591113267,0.0550252960633798,-0.21651870189358813,-0.2626155293215571,-0.3900919274266502,-0.074315611690878,0.12723627762136436,-0.21144651653736468,-0.7928302611635929,-1.3691669908759054,0.2546585416396526,0.1175405608182084,-0.05417904487134647,-0.3602071375028913,0.0791449754797947,-0.5408721232205641,-0.2750578721035894,0.3376659442368286,-0.43775252949863663,-0.28842379217149616,-1.3589537208874358,0.8078316615692727
2014-02-19,0.45447465418963656,-0.3377792583409501,0.23914935219118436,-0.10119364149017061,-0.3208368973264456,-0.2724405097246299,-0.007662224648337569,0.09691150733502026,-0.15007989080870587,-0.890420867226837,-1.4399062872286523,0.4150661224987509,-0.01857031856947109,0.1231062889190417,-0.24109211948910353,0.033795655484630205,-0.4264965206439998,-0.20685779281594666,0.31888069604600544,-0.3736374806971934,-0.370928310512412,-1.429595710902828,0.8335997084158515
2014-02-20,-0.08386102847374002,-0.012109982785274134,-0.3327467621650626,-0.376233252913543,-0.2305918508149597,-0.5493616651116693,-0.17920151930255585,0.12356637371031755,-0.30505935391816297,-0.8643754276265438,-1.1841856344402668,-0.17043273106369294,0.2590915607710471,-0.427548501439786,-0.5251704295684394,0.10408860174251014,-0.6957072503762192,-0.3823776578289175,0.33539255337007134,-0.5355579989349081,-0.34890911690470944,-1.1742268179055588,0.806677023010344
2014-02-21,0.40900486191668084,-0.17175426521509154,0.1551721977582699,-0.08461097688758633,-0.28881321881985117,-0.25624563954795676,-0.006368805038893582,0.09324162468421866,-0.14869726511213466,-1.2000931986682244,-1.8900064587407206,0.36561275705244584,0.1229806813833676,0.042248207864862754,-0.2239644944443488,0.05873928174734332,-0.4107525706662987,-0.20553435939672715,0.31660731834930617,-0.37219293143353077,-0.6327298053460717,-1.879076741408544,0.8527121842043394
2014-02-24,0.5803739927877286,-0.33139854764490895,0.37143716197161625,0.04771741468621158,-0.34703458682473964,-0.11772503206790719,0.07271158519683789,0.06291688610544009,-0.07533657343813027,-1.1022776792941698,-1.3918279790545147,0.5519954043341265,-0.013130198004311908,0.2504806744639931,-0.08728736034261457,0.013389961752178828,-0.27608884744683465,-0.12461890823244592,0.2978220898003297,-0.2955466392358187,-0.5500351420196349,-1.381583537456004,0.858854365449851
2014-02-25,0.6020234860444923,-0.4910428300747263,0.44572003926984216,0.10161843897211792,-0.4052559548296281,-0.056997914831295446,0.1054672262746581,0.0325921578539725,-0.04328429737963567,-1.2282230316926104,-1.5324041871918788,0.5755415928745751,-0.1492410773919914,0.3220045425216539,-0.03161497260383405,-0.03195935824298566,-0.2170525794414057,-0.09110317230744136,0.27903686764879987,-0.2620588399754466,-0.6565111754831046,-1.5219663742052103,0.8886815240165329
2014-02-26,0.8077721075847363,-0.6506871125045437,0.7519076925975775,0.2620114580434141,-0.46347732283451665,0.11991425186363079,0.2044034554973399,0.002267439811196066,0.049688455526500516,-1.2266555083071502,-1.327530498895699,0.7993156912918885,-0.2853519567796709,0.6168197962385529,0.13404908418600384,-0.07730867823815014,-0.045066248430025754,0.010128872706277747,0.26025165182123544,-0.1649221224355474,-0.6551859684050615,-1.3173745025124783,0.9063917089394808
2014-02-28,0.980583208559513,-0.8103313949343611,1.0549971596973875,0.4132874109756989,-0.5216986908394051,0.29298165593345354,0.29995853324362004,-0.02805726814015685,0.14061226810563984,-1.1574633639885428,-0.9756239950965923,0.9872666385577493,-0.4214628361673504,0.9086519363356795,0.29029645830875805,-0.12265799823331464,0.12318237120822116,0.10790130660335626,0.24146644224499272,-0.06992611097972574,-0.5966899228299134,-0.9659520681732255,0.9188515717096286
2014-03-03,0.4273192400767204,-0.4133204502576236,0.227876058669584,0.1515435572536475,-0.44764062226743445,-0.0001019299771719774,0.1438225132713817,-0.01128092245915224,-0.004565931408633962,-0.8291720637551635,-0.004312727387797959,0.38553164365375886,-0.08297587011994424,0.11225170724772182,0.019950847892095648,-0.06497328272453202,-0.16174077207875032,-0.051857850646483156,0.25185886449178657,-0.22160639706748347,-0.31914768086745393,0.004023099987439128,0.8537886494090986
2014-03-04,0.9371497405929895,-0.572964732687441,0.8690838186803918,0.4733737374305862,-0.5058619902723229,0.35520126613828706,0.3425499671532862,-0.041605610574070924,0.1814766762693359,-1.091627511346857,-0.6748450883829896,0.9400279982082441,-0.21908674950762375,0.7296437751456704,0.3523574174187707,-0.11032260271969652,0.18366957610770435,0.15148107499171623,0.23307366720359537,-0.02723151122704797,-0.5410313350735703,-0.6655869017040812,0.8966370016090225
2014-03-05,1.035254526381223,-0.7326090151172584,1.0785518901589413,0.5838572361075779,-0.5640833582772115,0.4894280271014011,0.4158788206938381,-0.07193028894133979,0.25327321080644455,-1.2620613726670555,-1.0224108028190495,1.046727668057024,-0.35519762889530326,0.9313317987069529,0.4664717641973497,-0.155671922714861,0.31415900808326996,0.2265115250173954,0.21428847595376885,0.04778057002987318,-0.6851186013017639,-1.0126745177082153,0.9319384945584821
2014-03-06,1.4273694825852319,-0.8922532975470757,1.7106790165392118,0.8683460349945898,-0.6223047262821,0.8236486026913933,0.5975864630274504,-0.10225495767292028,0.4270522589281601,-1.066625669538708,-0.3860070946689728,1.473195510920961,-0.4913085082829827,1.5399805052100133,0.7603097928583179,-0.2010212427100255,0.6390737475164108,0.41243569427849675,0.19550329067295036,0.2293426490703179,-0.5198944142240336,-0.3771462227600189,0.9360756716392598
2014-03-07,2.1457916599451563,-1.0518975799768953,2.9006172520212465,1.3616914539454712,-0.6805260942869884,1.4080751313727486,0.9114822973672222,-0.1325796168794916,0.7269340962234618,-0.43594596421134796,1.2850361233562249,2.254558097062395,-0.627419387670664,2.685722141060937,1.2698681512913343,-0.24637056270518998,1.20722785636836,0.7336154833321287,0.17671811129257758,0.5426552746963273,0.013291385254491571,1.2915983705475065,0.9157355438037682
2014-03-10,1.9352117531095738,-1.2115418624067127,2.8037248401411805,1.3536851146115083,-0.7387474622918769,1.4293843056286786,0.9240674157818649,-0.1629042666704694,0.7457166173904762,-0.16768660118194487,1.809638675568446,2.025529448198678,-0.7635302670583435,2.5924285001149108,1.2615986975346796,-0.2917198827003545,1.227943710826688,0.7464926394948784,0.157932937744871,0.5622790074164871,0.24008175402050425,1.8154792990575628,0.9147882330526692
2014-03-11,1.4930981956392786,-1.1918252725753702,2.094253451120783,1.1959552002883196,-0.7672604547580943,1.2594552183533407,0.8443503714285832,-0.18367102519607953,0.6749309447944851,-0.2804662245303937,1.2884232843633387,1.544682665457851,-0.7467201292969115,1.9093082459646027,1.0986852638005222,-0.3139289936106587,1.062746026582645,0.6649257606504401,0.14506857935604084,0.4883230615086535,0.14473621946153611,1.2949808723022866,0.919007712884843
2014-03-12,1.3268254151728367,-1.3514695550051876,1.9922821614509492,1.1703040163041374,-0.8254818227629798,1.2568610815520371,0.8433969616404261,-0.21399565647908125,0.680618237461626,-0.35302075156779256,0.937913673092953,1.3638428558801226,-0.882831008684591,1.8111243665392847,1.0721910982508784,-0.35927831360582085,1.060224119362057,0.6639502269824448,0.12628341727344744,0.49426507058235,0.08339756661216,0.944953408978499,0.9448161006002793
2014-03-13,0.9741131091209699,-1.3315317598417877,1.3935207044669327,1.0249911395066218,-0.8559468382409112,1.0964071359535414,0.7683976569809493,-0.23567661207290105,0.6135396016064046,-0.409862559788653,0.673102866832785,0.9802296987343292,-0.8658322738007732,1.234602064159913,0.9221027663928838,-0.3830078785904559,0.9042377566639381,0.5872105630096319,0.11285274234999951,0.4241821882285421,0.03534267487545316,0.6805068665854832,0.9496184125848777
2014-03-14,0.9192119318425359,-1.4911760422716052,1.4199319074914887,1.0307756925622573,-0.9141682062457996,1.1286712043667264,0.7840526839018819,-0.26600122527067305,0.6348574908868182,-0.5078229054736177,0.33704397834931904,0.9205186719699159,-1.0019431531884528,1.2600323041974453,0.9280774187278877,-0.4283571985856203,0.935603483812895,0.6032288649239271,0.09406759147064114,0.44645484042879463,-0.04747442672149705,0.34491024817338894,0.9790698600638355
2014-03-18,0.8810151390113646,-1.6508203247014224,1.4727976890759715,1.0419258824341027,-0.9723895742506882,1.1683141596409392,0.8029455903210431,-0.2963258295813345,0.659522628023228,-0.33061694337368575,0.7506817458257584,0.8789754877957444,-1.1380540325761324,1.310934548756892,0.9395940402045727,-0.47370651858078483,0.9741426445469185,0.6225601813495791,0.07528244609657021,0.47222465345693154,0.10233807204215165,0.7579790309663514,0.9895492475233957
2014-03-19,0.8112370669017914,-1.8104646071312398,1.4604823664019577,1.0315259088823938,-1.0306109422555767,1.1815501151344037,0.8086144578695599,-0.3266504251069666,0.6715528394022625,-0.3936390638513086,0.4942466917723698,0.8030842130026161,-1.2741649119638117,1.299076640904355,0.9288522896030876,-0.5190558385759493,0.9870100660774928,0.6283605950034755,0.05649730616455065,0.4847936611300756,0.04905825439802498,0.5018967194078107,1.0168697239095918
2014-03-20,0.4013315317593888,-1.329231677651476,0.4527629541505492,0.8191071917164162,-0.9976946619386811,0.899788375888705,0.6898806217321644,-0.3303436776505148,0.5565911815805418,-0.38651974385647064,0.45101984167647474,0.3572671724018554,-0.8638712501748576,0.3287858699687136,0.7094528006005977,-0.49341695408570346,0.7130935307844871,0.5068715394881398,0.054209451549104976,0.3646832230211703,0.055077031110081706,0.4587293305544651,0.9738154936870883
2014-03-21,0.4134649617894562,-1.4888759600812935,0.5295369809628645,0.8277830032451476,-1.0559160299435695,0.9326172875468518,0.7039050080233633,-0.36066825590765483,0.5762544844565148,-0.5781972520235265,-0.09680870564958444,0.3704636028098074,-0.999982129562537,0.40270836144590494,0.718413727591783,-0.538766274080868,0.7450083740237188,0.5212213617471325,0.035424322314376984,0.38522718496336655,-0.10696992326441407,-0.08834564425692375,1.0101659760008181
2014-03-22,0.36318781465200384,-1.648520242511111,0.4958177615860998,0.8009005146420558,-1.1141373979484581,0.9199616277977226,0.6961029361892888,-0.3909928256790334,0.5745841958449106,-0.6627909008316275,-0.29889833366736857,0.3157817138743941,-1.1360930089502166,0.370241538869437,0.6906477927376286,-0.5841155940760324,0.7327050908327185,0.5132382427894692,0.016639198336313204,0.38348208924441635,-0.17848662483187808,-0.29015728532072843,1.0389863317778916
2014-03-24,0.9437186455673795,-1.8081645249409284,1.726106300179423,1.136777370977186,-1.1723587659533465,1.3865788543958986,0.9107063323865603,-0.4213173870621155,0.7934862007029702,-0.48395286555390776,0.20125040324249277,0.9471723998437399,-1.272203888337896,1.5548347898002648,1.037562658013414,-0.629464914071197,1.1863301087644418,0.7328215120794478,-0.0021459204454629065,0.6121880439479648,-0.027294347656532197,0.20930346564312483,1.0536105160956055
2014-03-25,0.8570838683658498,-1.9678088073707458,1.685538361200855,1.1180808420768875,-1.230580133958235,1.391648526724605,0.9120251551023031,-0.45164194015325654,0.8020852904042876,-0.38393377040822074,0.4343721747397832,0.8529476171223396,-1.4083147677255754,1.5157736222686775,1.0182517001958855,-0.6748142340663614,1.191258624194066,0.7341709380841998,-0.020931034090640444,0.6211722605201084,0.0572632506899867,0.44210456352742245,1.0702600592386988
2014-03-26,0.8200707005169814,-2.127453089800563,1.7436567497045876,1.1222817320309064,-1.2888015019631236,1.4277397204355158,0.9270056475836477,-0.48196648504770667,0.8244516875016558,-0.17076332210805995,0.9277110617359203,0.812691754395555,-1.544425647113255,1.5717333818021728,1.0225906450947349,-0.7201635540615259,1.2263449164718854,0.7494990529832007,-0.03971614265822396,0.6445403799886769,0.2374806493822767,0.9347648319530726,1.0814598091694623
2014-03-27,0.9911674895737818,-2.2870973722303805,2.3169286593282514,1.2441828560316872,-1.347022869968012,1.6286487497060997,1.0142166658536604,-0.5122910218396065,0.919940027399942,-0.023682807715569486,1.1875725696516921,0.9987782002082375,-1.6805365265009344,2.1237128677403874,1.1484978376031176,-0.7655128740566904,1.4216599558885423,0.8387338034539435,-0.05850124620653054,0.7443053499516297,0.3618246563189951,1.1942688840718767,1.1007669891082665
2014-03-28,1.2353140144269241,-2.446741654660198,3.0778808574110244,1.4171083432878608,-1.4052442379729004,1.908416809685133,1.1343263679827316,-0.5426155506220379,1.0498898556919016,0.03719783426388481,1.1925695405957848,1.264314212414501,-1.816647405888614,2.932019082033405,1.3271062203562538,-0.8108621940518549,1.6936383227181064,0.9616306519395232,-0.07728634479322163,0.8800752327461981,0.4132940368815615,1.199258981369135,1.1150519335936326
2014-03-31,1.1245532457655827,-2.6063859370900153,3.0778808574110244,1.3967573560564635,-1.463465605977789,1.9184131805786868,1.1379270802769648,-0.5729400714869921,1.0623350286800055,0.6887802751653272,2.712912230658274,1.1438497788661461,-1.9527582852762935,2.867838293593485,1.3060864333109532,-0.8562115140470193,1.7033563606887563,0.9653149187840867,-0.09607143847528277,0.8930777868869915,0.9641513131560149,2.717510344738806,1.1210015801781312
2014-04-01,1.087865875026481,-2.7660302195198327,3.0778808574110244,1.4117222398960185,-1.5216869739826775,1.9799320456244327,1.1627584665584005,-0.6032645845254201,1.0966771803722406,0.49489221802996375,1.8666097769011554,1.1039482560807876,-2.088869164663973,2.9953995224554606,1.3215431120405141,-0.9015608340421839,1.763162331554781,0.9907225175327469,-0.11485652730905536,0.9289580182920878,0.8002355285195055,1.8723720330684077,1.1379028858311162
2014-04-02,1.1576773176246018,-2.92567450194965,3.0778808574110244,1.4851513930628644,-1.579908341987566,2.130265557145383,1.2235380610305613,-0.6335890898272194,1.1684981534237997,0.6050419259189568,1.910151185553332,1.179875824925038,-2.2249800440516525,3.1899221560342315,1.39738538666504,-0.9469101540373484,1.9093100474387374,1.052912502858272,-0.1336416113502281,1.0039956325896155,0.8933576942829248,1.9158535477830185,1.162114368584146
2014-04-03,0.8841646986734084,-2.788275765044434,2.6273816622798223,1.3623267627476623,-1.6187530526290923,1.9733814769386593,1.1645786834591967,-0.6594027605291302,1.1153424614650238,0.785810293985778,2.1292937631972055,0.8824009779327344,-2.107835460968028,2.4226350477747762,1.2705243384127856,-0.9771667638245701,1.7567941529532098,0.9925849725776159,-0.14963237422403436,0.9484592601144415,1.0461819028851467,2.134694681071514,1.1649095437607304
2014-04-04,0.4685456047036511,-1.8054198771800019,0.7657219498856614,1.1407998523194929,-1.5521408307945381,1.5996198320350508,1.0430836948895286,-0.6602694465684231,0.989467385542368,0.8990891280635577,2.1468615492318053,0.43036981805489505,-1.269863833218707,0.6301209653844483,1.041717331211702,-0.925281707408334,1.3934393018953972,0.8682706920712973,-0.15016925915994336,0.816946625358357,1.1419494774583694,2.1522383015149558,1.063710801907141
2014-04-07,0.40375157588610183,-1.9650641596098193,0.7036382491484722,1.0989735209653444,-1.6103621987994265,1.5705260104844105,1.0287553257134907,-0.6905939291894582,0.9829240845167896,1.315335109001696,2.939698019241236,0.3598992347142602,-1.4059747126063866,0.570343172956851,0.9985164501952771,-0.9706310274034986,1.3651555511671443,0.8536098330028044,-0.1689543291510909,0.8101102699355824,1.4938498862578347,2.9439841752505282,1.0762576654707685
2014-04-09,1.0469665831743349,-2.124708442039637,2.266638526252128,1.464072071686714,-1.6685835668043152,2.164094431953351,1.2637291292401838,-0.7209184044232567,1.2380885494381784,1.6460963438511083,3.1571747265923498,1.0594658090461162,-1.5420855919940661,2.075290607139225,1.3756133300395732,-1.015980347398663,1.9421970114568687,1.0940362050461576,-0.18773939456607613,1.0767027691413642,1.7734802468830402,3.2865931919825107,1.1096263927368855
2014-04-10,0.9037662550475701,-2.284352724469454,2.096859852712729,1.409187899173484,-1.7268049348092036,2.122260986595258,1.2456093305781586,-0.7512428723546618,1.2288066115814535,1.9300494785668096,3.1571747265923498,0.9037198114314376,-1.6781964713817457,1.911817840777674,1.3189254846162426,-1.0613296673938275,1.9015283513238985,1.0754959363477714,-0.2065244554574567,1.0670051217379164,2.0135383585821303,3.2865931919825107,1.130021883762322
2014-04-11,0.6385618008461366,-2.1882960482291653,1.366795133274545,1.274715627719847,-1.7539518150549607,1.9306612174804423,1.177650443063946,-0.7746141341155334,1.1642500730012786,2.0006844516048226,3.1571747265923498,0.6152810010476046,-1.5962996538125285,1.2088691321942364,1.180034015749687,-1.0824746971538957,1.7152633706371305,1.0059600624422005,-0.2210022222654174,0.9995572936656751,2.0732541925502908,3.2865931919825107,1.1257387184351446
2014-04-15,0.24635705118633408,-1.5120599433007809,0.24153095498601979,1.0513167203327651,-1.669761780434729,1.5315341550201078,1.053021733470136,-0.7723872247470627,1.0313773782308606,2.3863427931605568,3.1571747265923498,0.18871549799297696,-1.01974852705379,0.12539943439561893,0.9492934916642193,-1.0168980720894296,1.327249361412566,0.878439342896626,-0.2196227214550179,0.8607336381618971,2.3992953659557728,3.2865931919825107,1.0581188253720144
2014-04-16,-0.19966091575286848,-0.8298116785032318,-0.49107675232938786,0.7749108438647228,-1.4889475455421919,1.0313125905210816,0.8925819161597363,-0.7439043931207803,0.8540444051210955,2.2871068600105615,3.1571747265923498,-0.2963777564968036,-0.43807150192677713,-0.5799978105937597,0.663804016614857,-0.8760597015940129,0.8409556644995928,0.7142765186656439,-0.20197849674284954,0.6754584647262515,2.3153998641556734,3.196058548575537,0.9770441848650762
2014-04-17,0.5441835458245509,-0.9894559609330492,0.5488668347711461,1.16409960340221,-1.5471689135470805,1.6312220921280884,1.1371383043628804,-0.7742288326718408,1.121148001346798,2.243726266830943,2.670050333722739,0.5126343404306163,-0.5741823813144566,0.421320267226114,1.0657827881056867,-0.9214090215891774,1.424161647715973,0.964507839320197,-0.2207635400534929,0.9545248123330776,2.278725279479888,2.674707407029866,0.9994830190180147
2014-04-21,0.7290287401419366,-1.1491002433628665,0.8914654170705931,1.2718453402890273,-1.605390281551969,1.8279604887848306,1.2141135870148958,-0.8045532653303805,1.2124717636373346,2.7178982650658177,3.1571747265923498,0.7136736786069621,-0.7102932607021362,0.7511940778318931,1.1770694013126264,-0.9667583415843418,1.6154221790982108,1.0432693338666874,-0.2395485790944349,1.0499386860219921,2.6795971861444,3.2865931919825107,1.0332087535684389
2014-04-22,0.6097494629304709,-1.307358861654889,0.7839216561121105,1.2135192445234269,-1.663233030771206,1.7763363458586963,1.1904259818939698,-0.834785479739689,1.1967288945069419,2.5848676645230872,2.746145924656227,0.5839444365928486,-0.845222738780225,0.6476446994423348,1.1168265198132334,-1.0118127508782455,1.565235427676057,1.0190320577272096,-0.2582764918098293,1.0334907420363988,2.567131180807084,2.750698323706975,1.0487082807498276
2014-04-23,0.6968858145819296,-1.4670031440847084,1.0148060942299542,1.267868922420607,-1.7214543987760944,1.8980974778792976,1.2350171821236746,-0.8651098988497925,1.254484642523965,2.283244764518388,1.6190478643468993,0.6787147363120387,-0.9813336181679063,0.8699536445066127,1.1729623053842102,-1.05716207087341,1.6836063161640564,1.0646579970250294,-0.27706152245793814,1.0938331929811305,2.312134792431845,1.6251506574465382,1.0747042574417631
2014-04-25,0.197219956432372,-0.8214216059081686,0.03146651391335298,0.9867948365696956,-1.5389489670490961,1.3646837065571817,1.0741511065166693,-0.8359181461415971,1.0722636079471701,2.21920111394985,1.2475816238069877,0.1352735405446096,-0.4309182225129493,-0.07686280844357331,0.8826512083665832,-0.9150064069331816,1.1650445962183982,0.9000590231711187,-0.2589781432741714,0.9034510367876449,2.2579913583852633,1.2541953920107265,1.0006424988625535
2014-04-28,0.013469442209418704,-0.8922286540808029,-0.20675122162306708,0.8609101470755849,-1.565251056806,1.1908374415953205,1.004597840084167,-0.8579933890913752,1.0037545509476697,2.3185783888836817,1.3436092239879949,-0.06457521346474046,-0.49128749754702333,-0.30623267812562144,0.7526295374106083,-0.9354934192759219,0.9960388018211028,0.8288917727749204,-0.27265306690157454,0.8318736691108607,2.3420063525859875,1.350090900206934,1.0132309983443883
2014-04-29,-0.31807490906116775,-0.669082796637291,-0.6252904378757327,0.6398657665336138,-1.478561777640429,0.8312846154410587,0.8747433363783433,-0.8500742336202972,0.8617645186320092,2.2716379760018506,1.051692557623465,-0.42516590775727503,-0.30103590553209153,-0.7092265411666183,0.5243209176015249,-0.8679701027386061,0.6464971477319299,0.6960239945336975,-0.2677473973917578,0.6835243384585554,2.302322244537417,1.0585757835196166,0.9889869016271067
2014-04-30,-0.4180256825618672,-0.7669846160489534,-0.7669237874651398,0.5357070689417107,-1.512588568761668,0.6907030709171329,0.8135681452141644,-0.8738947631809554,0.801642928353341,2.206708054854691,0.7513955939150163,-0.5338732908677727,-0.3845058709511995,-0.8455993551588309,0.41673922549963577,-0.8944739773785171,0.5098298709568025,0.633429232692549,-0.2825034715716605,0.620710086428775,2.2474295444481442,0.7586918971128057,1.0057218654823645
2014-05-02,-0.38419366148473716,-0.9261299592441783,-0.752346643224198,0.5051376262343575,-1.5706302298636812,0.6631799981812215,0.7961285502135633,-0.9041716612164974,0.7899950881652409,2.5453476791442067,1.5257033586518802,-0.4970772727098115,-0.5201913604849626,-0.831563634151945,0.3851651712045825,-0.9396833215173407,0.4830731340605126,0.6155849517856197,-0.30125906439809735,0.608540575180209,2.5337204101391415,1.531934552971628,1.0285569564705432
2014-05-05,-0.31159273887599814,-1.0857742416739957,-0.6763011766130459,0.5006182952222463,-1.6288515978685698,0.673930213095495,0.7942545307419001,-0.9344960415099214,0.795208125190852,2.692701524507909,1.7088565843449,-0.41811583967849475,-0.6563022398726421,-0.7583426427457711,0.3804973202358961,-0.9850326415125051,0.4935240264735708,0.6136674456809045,-0.32004407100048543,0.613987088155823,2.6582954950559765,1.714835839919343,1.0527231225945763
2014-05-06,-0.16858303139813888,-1.2454185241038132,-0.47580501017652943,0.5425089519950838,-1.6870729658734551,0.7563401309615035,0.8208214631384455,-0.9648204155914804,0.8317304175669199,2.573377839265983,1.1838925261690247,-0.26257716283967,-0.7924131192603217,-0.5652932903802198,0.4237646406140613,-1.0303819615076673,0.5736393722833651,0.6408508639026589,-0.33882907375481713,0.6521451020636759,2.5574175153540346,1.1905939027197514,1.0759111963139654
2014-05-07,-0.5969122717738969,-0.5991481378184719,-0.9491086266877238,0.26255485183164107,-1.4626988286671079,0.28131353765664063,0.6502205611989735,-0.9203376663701718,0.6346872527117496,2.6185065295223957,1.1489396550378008,-0.7284319951750111,-0.24141041962913418,-1.0210174982976328,0.13461033566635702,-0.8556142620273797,0.11183913298031338,0.4662911670129944,-0.3112733997483194,0.4462769778076582,2.5955699667339225,1.155689111454248,1.0024704575544754
2014-05-08,-0.47716763139200064,-0.7587924202482892,-0.8410250581599381,0.2776632238022859,-1.5209201966719965,0.31442205375103993,0.6570047084350265,-0.950662028241246,0.6484943775764294,2.707071884446123,1.2299884077058474,-0.598196619884669,-0.3775212990168137,-0.9169483618323557,0.15021521801497303,-0.9009635820225441,0.1440257955184884,0.4732327404262487,-0.33005839493863715,0.46070248147508797,2.670444406441152,1.236626376481395,1.0251714744069165
2014-05-09,0.9585477523637476,-0.9184367026781066,1.0908435087547317,1.06397696858152,-1.579141564676885,1.5005410878855534,1.1378506470061243,-0.9809863841120594,1.1855992554379808,3.001587199545188,2.13575972750724,0.9633006731650863,-0.5136321784044932,0.9431668828964205,0.9623697969610406,-0.9463129020177087,1.2971192465491077,0.9652367118787392,-0.3488433864119806,1.0218626405467703,3.0204494174404504,2.141151751042236,1.0461687887109885
2014-05-12,1.8783833897917475,-1.078080985107924,2.5443263701056575,1.6322224471092106,-1.6373629326817734,2.396475574862384,1.4956500878872518,-1.0113107340515362,1.5923089555196064,3.001587199545188,1.6816927717419972,1.9637223961232855,-0.6497430577921727,2.342664589238199,1.5492896752104472,-0.9916622220128731,2.1681078739589106,1.3313388909261896,-0.36762837421104627,1.4467876214973832,2.9611300279504085,1.6877093928437956,1.082384982344847
2014-05-13,2.2549436025841487,-1.2377252675377415,3.0778808574110244,1.9352435092508722,-1.695584300686662,2.9129977110979146,1.698280155294177,-1.041635078127808,1.8304407303011265,2.4099509699302,-0.1784931854867245,2.373272756590558,-0.7858539371798522,3.1118709090277497,1.862268997738437,-1.0370115420080377,2.670248279318927,1.5386709902596065,-0.3864133583780397,1.6955845885784855,2.4192540621034775,-0.16991776197058397,1.0910785067523425
2014-05-14,1.9539886943391145,-1.397369549967559,3.0778808574110244,1.8635081333551315,-1.7538056686915475,2.85704765828603,1.6746767488280179,-1.0719594164082191,1.817226977515816,2.4605004075127437,-0.023174045699690123,2.0459514226606235,-0.9219648165675317,2.8756772409459974,1.7881761634302944,-1.0823608620031997,2.615856066037166,1.5145198666051831,-0.4051983389546782,1.6817790323071273,2.4619892921465123,-0.014812273398545711,1.1307866146842844
2014-05-15,1.787070214919502,-1.5570138323973761,3.041102128273854,1.8493234615893277,-1.812027036696436,2.890287491441787,1.6852018950287566,-1.1022837489593484,1.842327785547477,3.001587199545188,1.3942099277216808,1.8644093449461117,-1.0580756959552111,2.820989138229722,1.7735253370878412,-1.1277101819983644,2.6481703893236315,1.525289248886481,-0.4239833159822056,1.7080040285945475,2.9270884526233907,1.4006219995000648,1.1598808211485705
2014-05-16,2.0704386124904532,-1.7166581148271935,3.0778808574110244,2.084084237059181,-1.8702484047013244,3.0693427765494623,1.848259586235295,-1.132608075846996,2.04091046936633,1.198079440910039,-3.1520142148160715,2.172603427665618,-1.1941865753428906,3.1899221560342315,2.0160011172973067,-1.1730595019935288,3.0243827672277153,1.6921306947930241,-0.4427682895013831,1.9154806221498828,1.3947202383450519,-3.2576895784574105,1.1638381266994868
2014-05-19,2.1866749974308637,-1.876302397257011,3.0778808574110244,2.2352393927423844,-1.928469772706213,3.0693427765494623,1.9629908389779298,-1.1629323971362215,2.1865026722475362,0.48324609870599805,-3.1520142148160715,2.29902319198098,-1.3302974547305702,3.1899221560342315,2.1721237243794014,-1.2184088219886933,3.0243827672277153,1.8095242869419765,-0.4615532595525128,2.0675934535464244,0.7903897297882021,-3.2576895784574105,1.2118650430484423
2014-05-20,1.9717920725001161,-2.035946679686828,3.0778808574110244,2.198050205347622,-1.9866911407111014,3.0693427765494623,1.9638503189690708,-1.1932567128913283,2.202843302155396,0.17642066911703427,-3.1520142148160715,2.0653145409500038,-1.4664083341182497,3.1899221560342315,2.133712378996625,-1.2637581419838577,3.0243827672277153,1.8104037111714546,-0.4803382261754288,2.084665930182523,0.5309950472039289,-3.2576895784574105,1.2478466669548833
2014-05-21,1.5613166054525496,-1.9655610214805015,3.0778808574110244,2.0326401089618242,-2.004994863804459,3.0693427765494623,1.885143646622495,-1.2145057216976067,2.1228468463837555,-0.13520572060022257,-3.1520142148160715,1.6188776371526754,-1.4063983313237214,2.9793203599540155,1.9628663673688451,-1.2780151308542302,3.0243827672277153,1.7298706500221823,-0.4935013235531089,2.0010866783523884,0.26754156307166577,-3.2576895784574105,1.262234094290356
2014-05-22,1.5021373839342091,-2.1252053039103207,3.0778808574110244,2.0456780629425606,-2.0632162318093474,3.0693427765494623,1.91351637452376,-1.2448300265744452,2.170757102846561,-0.1535614922297673,-3.1520142148160715,1.5545137700163172,-1.5425092107114027,3.0909688787874674,1.976332791039865,-1.3233644508493947,3.0243827672277153,1.7589017672441476,-0.5122862834372773,2.051142688353406,0.2520233266536031,-3.2576895784574105,1.2834173500668076
2014-05-23,1.880666560435351,-2.284849586340138,3.0778808574110244,2.3075272315293143,-2.121437599814236,3.0693427765494623,2.0947037636170465,-1.275154326105679,2.3975017065162207,-0.18556178209933896,-3.1520142148160715,1.9662055935730693,-1.6786200900990822,3.1899221560342315,2.246787177311161,-1.3687137708445591,3.0243827672277153,1.9442936107853688,-0.5310712400100107,2.2880424878311345,0.2249698159832449,-3.2576895784574105,1.3144032674076944
2014-05-26,1.5767942832243382,-2.4061122781281026,3.0778808574110244,2.193338041907939,-2.1742625755694007,3.0693427765494623,2.04825504058579,-1.3043206495291606,2.3589250470870486,0.31245111707200707,-2.2108888182467745,1.6357113022486927,-1.7820072666704259,3.1899221560342315,2.1288453584978866,-1.4098597763636436,3.0243827672277153,1.896767044858274,-0.5491388665460194,2.247738098066668,0.6459971671923102,-2.1995177071103753,1.308822687261588
2014-05-27,1.1008070419646918,-1.7757897932258544,2.0101899691556038,1.960481669292307,-2.0924700101696057,3.0693427765494623,1.9270418608525628,-1.3041637020432777,2.2165760477145127,0.14618103653182804,-2.348928501007138,1.1180231885998355,-1.244601564367314,1.8283670437491006,1.8883365660315232,-1.346150568754003,3.0243827672277153,1.7727411125641317,-0.5490416424797726,2.0990137233232726,0.5054300218199091,-2.3373675076322717,1.2715220679407153
2014-05-28,1.0239919116216476,-1.9354340756556718,2.0135736960822643,1.9312043629037623,-2.1506913781744914,3.0693427765494623,1.9274249991513541,-1.3344879859033025,2.232555500354374,-0.2221555812969495,-2.987687880391929,1.0344783443688332,-1.3807124437549936,1.831625092535687,1.8580971118689364,-1.391499888749165,3.0243827672277153,1.7731331415894387,-0.5678265893446814,2.1157088466685763,0.1940328856899083,-2.9752482334417025,1.3127320893238636
2014-05-29,0.27593347677199004,-0.36618020078051555,0.05340335765450153,1.5081088519855097,-1.577383975347999,2.162683822836834,1.685232298954703,-1.2046684653396782,1.8877789132924152,-0.4438014119262705,-3.1520142148160715,0.2208830912448344,-0.042784635499910205,-0.055740741361488114,1.4210973025622085,-0.944943894664789,1.9408256784899327,1.525320358335711,-0.4874074504435849,1.7554907730398501,0.006650275456977667,-3.154602438356667,1.1561785927796113
2014-05-30,0.19413330476719076,-0.5219985072185309,-0.014927887177231683,1.429462421591536,-1.633575079711777,2.085553272567286,1.6485934550120032,-1.234406943573,1.8587030454097402,-0.5378448075425192,-2.99615888153328,0.13191646972521104,-0.17563353175337215,-0.12153403205403009,1.3398662939650459,-0.9887118180234549,1.8658427047489363,1.4878313098001144,-0.5058295090166688,1.7251126861545645,-0.0728553795589829,-2.9837075821898678,1.182471758413145
2014-06-02,1.013528041555725,-0.6816427896483483,1.0210576007470382,1.8696895471333974,-1.6917964477166654,2.808062950749705,1.9295211066744835,-1.264731212295652,2.199406865898876,-0.4945456940037635,-2.4947019261705594,1.0230977427763228,-0.31174441114105167,0.875972958022087,1.794560718625611,-1.0340611380186193,2.568235259157524,1.7752778893001833,-0.5246144465044478,2.0810755864790247,-0.03624967895713841,-2.4829404123096603,1.2039447673068895
2014-06-03,1.2125008075795205,-0.8412870720781657,1.3812272433009674,1.9968029866372012,-1.7500178157215538,3.062948788324938,2.024060789024915,-1.2950554760879807,2.325600874008357,-0.6848897111334243,-2.657786143624266,1.2395023582398819,-0.44785529052873113,1.222765205836878,1.9258515203240891,-1.079410458013784,2.8160242091788126,1.8720113655451776,-0.5433993809380454,2.21292143741703,-0.19716928060589234,-2.6458002971971846,1.239017918036058
2014-06-04,0.9602459623479321,-0.9699429795128747,1.1251287208311755,1.8729839563382509,-1.7960692937118985,2.9126652110977247,1.9660040721511172,-1.3220920272159806,2.2716305040281184,-0.7490528520896833,-2.47592529421824,0.9651476620065637,-0.5575458377430136,0.9761786761127699,1.7979633928614462,-1.1152805050978556,2.6699250372482304,1.8126074422089757,-0.560147680046912,2.1565338999888652,-0.2514137335648769,-2.464189608791852,1.2591366716083652
2014-06-05,1.2807406446397618,-1.129587261942692,1.7106486566761778,2.0664215032172226,-1.854290661716787,3.0693427765494623,2.100942583407819,-1.352416281316906,2.447312633624588,-0.7821987061599361,-2.23800265155392,1.3137206344061358,-0.6936567171306931,1.53995127297081,1.997757928415393,-1.16062982509302,3.0243827672277153,1.9506772024267123,-0.5789326084769879,2.340084293690221,-0.27943572087882257,-2.22659424363982,1.2623064313127834
2014-06-06,1.7880068851974613,-1.2892315443725095,2.673705260965436,2.385568854027887,-1.9125120297216756,3.0693427765494623,2.315614503526434,-1.3827405306554597,2.719930583111786,-0.6332703492821674,-1.5635989353160602,1.8654280761793787,-0.8297675965183726,2.467238098718052,2.327393502052937,-1.2059791450881845,3.0243827672277153,2.170330585736039,-0.5977175339569234,2.6249119655391926,-0.15352952101834103,-1.5531182119974944,1.2810083949863185
2014-06-09,1.9865683250945951,-1.448875826802327,3.0778808574110244,2.5529793667351126,-1.970733397726561,3.0693427765494623,2.4412741123991886,-1.4130647752863448,2.888948283860662,-0.33892496858791227,-0.6032943401486074,2.0813853295538984,-0.9658784759060521,3.004270380831901,2.5003056702067004,-1.2513284650833467,3.0243827672277153,2.2989061265844937,-0.6165024565206052,2.8014994510518783,0.09531434664157631,-0.5941345760099931,1.273228078160893
2014-06-10,1.7314015677253196,-1.6085201092321442,3.014078397676852,2.466604544182845,-2.0289547657314495,3.0693427765494623,2.41307054398465,-1.4433890152636257,2.8743791202760725,-0.45101465298274424,-0.8103862342567631,1.803863610822916,-1.1019893552937317,2.79496912107441,2.4110922892792517,-1.2966777850785112,3.0243827672277153,2.270048094196157,-0.6352873762015244,2.7862777792859825,0.0005520965128320507,-0.8009416022335294,1.3177301975564195
2014-06-11,1.3165324375073473,-1.5244786326923165,2.1542867650100006,2.2714637252144096,-2.024367462391037,3.0693427765494623,2.316558391083516,-1.4583095957729795,2.767231044924333,-0.3478897551315729,-0.43833785644527046,1.3526481184384727,-1.0303365588216515,1.9671118068638125,2.2095385065598654,-1.2931046796323837,3.0243827672277153,2.1712963762095305,-0.6445302098775174,2.674330870056636,0.08773538565700657,-0.42940500029245254,1.3049651461618093
2014-06-12,1.278836131389016,-1.684122915122134,2.2597682361984197,2.270452089718875,-2.0825888303959252,3.0693427765494623,2.3363420239514228,-1.488633826602811,2.809998060117422,-0.38846022771542116,-0.4832344953270744,1.3116492682292007,-1.166447438209331,2.068675492900361,2.208493625422561,-1.3384539996275484,3.0243827672277153,2.1915390883965005,-0.6633151238918775,2.71901328877591,0.05343651782105388,-0.47423988103253945,1.3307624335673527
2014-06-13,0.43744435418705185,-0.14030512905104411,0.17655467349240403,1.8008252726295537,-1.4266597992117338,2.4705906833097506,2.067964374565725,-1.315361533968398,2.3880494087535418,-0.17137892607224728,0.13892497471576445,0.3965438111446048,0.14979385323092928,0.06283649723623945,1.7234333394650214,-0.8275430308781958,2.2401593660213766,1.916933734051132,-0.5559783496642368,2.2781668506237116,0.2369602088337149,0.14706376965102258,1.1380445701271686
2014-06-16,0.3184706800855989,-0.29344277685743725,0.08627838647899883,1.7027800783495066,-1.4810382949977527,2.3742647280032245,2.021137151555272,-1.3444201254863035,2.348495570720103,-0.1175347284193667,0.26161027103810036,0.2671469458915346,0.01923045570084738,-0.0240867544730279,1.6221660603326267,-0.8698990917328432,2.146515452525569,1.869019885050559,-0.5739792396490629,2.236841517420424,0.28248087698004315,0.269580304656129,1.1548593306077741
2014-06-17,0.8763639225332478,-0.4530870592872547,0.7406606569412342,1.9914598023565446,-1.5392596630026412,2.8479235880644738,2.21039604383572,-1.3747443429852153,2.589921506143302,-0.1880330668884149,0.049298082160488324,0.8739167818557353,-0.11688042368683212,0.6059904971647633,1.9203327415815068,-0.9152484117280076,2.6069860409246375,2.062670531058691,-0.5927641454053345,2.48908018050148,0.2228805558645629,0.05756016450589445,1.181558310548077
2014-06-18,0.2991747225160227,-0.1146186909803248,0.03726811172501613,1.6542711076551344,-1.3219025416201193,2.1814034320231563,2.0189950121541713,-1.3124614438396796,2.3289095237247732,0.025442455083609282,0.5932675425952131,0.24616048447125197,0.17169381495163652,-0.07127669315701697,1.5720629266522457,-0.7459463498119057,1.959024070166828,1.8668280372918402,-0.5541818343953886,2.2163782714129696,0.4033558682779673,0.6007813608419253,1.1127374704136166
2014-06-19,0.14248164222646095,-0.24791634451152325,-0.10209234641495206,1.528981739850772,-1.3650948349553995,2.038467498219759,1.9529245727985394,-1.3375097025597227,2.2642267745449836,0.06353249514646936,0.616706566608949,0.07573964515996674,0.0580457683927392,-0.2054610352691433,1.442656141598349,-0.779589343765984,1.820067958307525,1.7992244329956681,-0.5696984484492089,2.148798580155202,0.43555774236957695,0.6241881430085475,1.1276789544157846
2014-06-20,-0.06761933327580985,-0.32638136549328967,-0.31740238586399944,1.365248514904199,-1.3803285305057513,1.818758329695746,1.861371393945368,-1.352888272358914,2.163774334959053,0.08796928473791311,0.6020713624179026,-0.15276811356843192,-0.00885260619637931,-0.4127740448503056,1.273542108874299,-0.7914550514587989,1.6064762393774914,1.7055467620794562,-0.5792249921878699,2.043847183694957,0.45621695985341754,0.6095730704584658,1.1359126905922012
2014-06-23,-0.1812716738039875,-0.45184239709538304,-0.4445661401570231,1.2472305813508548,-1.4217032849881945,1.6773267833646357,1.7955301773364782,-1.3774094141918192,2.09771415313225,0.11457767175715637,0.5949039217038574,-0.2763774473482741,-0.11581923901489927,-0.5352146922050931,1.1516457211162399,-0.8236823426586233,1.4689826277329099,1.6381776996452362,-0.5944150737912558,1.9748283688038568,0.4787120774001685,0.6024154890085079,1.1514937148826385
2014-06-24,0.3745663500749129,-0.6114866795252004,0.213761343218365,1.5127417197319508,-1.479924652993083,2.097740956950153,1.9636118169305996,-1.4077336104739981,2.313756097479098,0.16617403100013733,0.6527940887972192,0.32815711394516883,-0.2519301184025788,0.0986612395339931,1.4258824214526076,-0.8690316626537878,1.8776910425975626,1.8101596746917534,-0.6131999664044241,2.20054616965221,0.5223323902479879,0.6602260245474278,1.1697825822212973
2014-06-25,0.24910523891422603,-0.7552841621548885,0.08782188065576353,1.4160319334765186,-1.531708111086243,1.9932209407929138,1.9127745831384917,-1.4359288172525662,2.267530693835478,-0.03799114472733775,0.04679730161384887,0.19170445231250938,-0.3745301985092109,-0.022600588645020552,1.3259944362078673,-0.9093664176070848,1.776081218739986,1.758142762585346,-0.6306660165055684,2.1522504718639413,0.34972818001829037,0.05506282393969115,1.1996126239431688
2014-06-26,-0.2666418047333294,-0.2599809361359377,-0.5225789087729321,1.0869937870998625,-1.2931600671357073,1.3816266886411497,1.7177570638578106,-1.363251202387822,1.9985020294026108,-0.18617947241460858,-0.3370930933208067,-0.36922678912014517,0.04775963630921662,-0.6103299162276602,0.9861430232038183,-0.7235584926125178,1.181515828126592,1.5585998606029872,-0.5856445037204878,1.8711728381454396,0.22444761160312104,-0.3282995056875234,1.1412699989275998
2014-06-27,-0.14346512369532882,-0.4196252185657551,-0.40107518765402284,1.100787748519756,-1.3513814351405957,1.4310420161115949,1.7287259396003736,-1.3935753865159262,2.025860853631888,-0.20475085876193433,-0.33863677842564704,-0.23525869475833608,-0.08835124307846288,-0.4933390775053798,1.0003902991841171,-0.7689078126076823,1.2295552650185912,1.5698232691727825,-0.6044293888045861,1.8997569802549679,0.2087470913653821,-0.32984106735671587,1.1625810862413417
2014-06-30,0.5033856748784241,-0.5792695009955725,0.3588469925932883,1.4268747881422081,-1.4096028031454844,1.9252118462430254,1.9317272223763127,-1.4238995666853824,2.284036816951335,-0.14437397790833556,-0.13736573283358147,0.46826219970874167,-0.2244621224661424,0.23835812824349772,1.3371936224411676,-0.8142571326028467,1.7099657284062348,1.7775351979300724,-0.6232142714364258,2.1694958536415743,0.25979058494226215,-0.12884688270717962,1.1797723892076604
2014-07-01,0.5730852915812552,-0.7389137834253899,0.4959939504624921,1.4558701259027567,-1.4678241711503728,2.006776030871621,1.956691138434858,-1.454223742941662,2.3301037851002615,-0.19607439864248158,-0.2497872341378739,0.544068145677899,-0.3605730018538219,0.37041118375136206,1.3671418415670191,-0.8596064525980113,1.7892588890648642,1.8030784018101127,-0.6419991516441746,2.2176260200949596,0.2160822969956833,-0.24111374118781048,1.204481324078956
2014-07-02,1.0432048075977036,-0.8985580658552073,1.1938406322002302,1.7211903483886497,-1.5260455391552583,2.4379907286524207,2.1271707234680197,-1.4845479153297132,2.553370381089818,-0.21904251166137728,-0.27391648806687596,1.0553744672339218,-0.49668388124150137,1.0423384946537155,1.6411813518892073,-0.9049557725931734,2.208467104842302,1.9775139666339299,-0.660784029455677,2.450892042588964,0.1966647200559965,-0.26520980381517417,1.2303711201677092
2014-07-03,0.8361183496155469,-1.0407260269782665,0.990685015061327,1.620237185773418,-1.5785741988483069,2.331043473574867,2.076210277422707,-1.512986455888447,2.507520790747125,-0.16092542319510886,-0.08682303799849486,0.8301453255634498,-0.6178946500500863,0.8467284687108647,1.5369105390979758,-0.9458709739868807,2.104497624641175,1.925370983133245,-0.6784008172346491,2.4029889896274734,0.24579775226791348,-0.07837371251777091,1.2465283675022414
2014-07-04,0.9424130013667179,-1.200370309408084,1.249530315094079,1.6888208814342522,-1.6367955668531924,2.482024239819898,2.1278840707403615,-1.5433106206728227,2.5882081159954597,-0.07577474285463649,0.14543098886174397,0.9457523691690766,-0.7540055294377658,1.0959597553849252,1.6077481186796845,-0.9912202939820429,2.251274573478999,1.9782438671339946,-0.6971856903359118,2.4872900528605935,0.3177853763978341,0.1535608343666294,1.266049732395315
2014-07-07,1.0263476276427568,-1.3600145918379014,1.5016294458285158,1.750083670002408,-1.6950169348580808,2.6261460388513296,2.175901783210925,-1.5736347817207343,2.665213517199928,0.21604208096434716,0.8780132684169264,1.037040442840282,-0.8901164088254453,1.3386954384914203,1.6710242022849657,-1.0365696139772074,2.391383532050056,2.027375830909722,-0.7159705611225518,2.5677442899573135,0.5644915652840722,0.8851354010647474,1.2771056063652055
2014-07-08,-0.11532567703564056,0.6794701334790294,-0.3509705102904885,1.105195638109927,-0.6351658246312816,1.0952744473460556,1.7907984762240354,-1.153366327137353,1.9853029052882392,0.16446392191717743,0.6344653029567457,-0.20465397303969182,0.8487248151480085,-0.4450953844341815,1.004943046402279,-0.21103890606134604,0.9031366059549775,1.6333361993801696,-0.45562737792364333,1.8573825657183534,0.5208866391466105,0.6419224511010584,0.963030500311705
2014-07-09,-0.3454802737036194,0.580981333617137,-0.5169647506171944,0.9249320841774308,-0.6469241946910445,0.8962832318381343,1.682082441142782,-1.1604483163832515,1.864457534864592,-0.06795135747353505,-0.04166063946846192,-0.45497223510349644,0.764754396946952,-0.6049242787269247,0.818755444169188,-0.22019764115697235,0.7096859818511028,1.5220974080544194,-0.4600144491005305,1.7311249015541295,0.3243993802318183,-0.03327343769851378,0.9847209360855556
2014-07-10,-0.4167857287182834,0.4353054593831932,-0.5841709440167736,0.825609596160935,-0.6954285489093467,0.8002600918726971,1.620571846512948,-1.1859685253546708,1.805216879030158,-0.6380624645939584,-1.4969338800233747,-0.5325247056313328,0.6405528217588905,-0.6696343045660009,0.7161688952623512,-0.2579782628768177,0.6163364522886378,1.4591594597081883,-0.4758234215967102,1.6692310383222062,-0.15758084502976508,-1.4865448586681382,1.0391422404457442
2014-07-11,-1.0481750190827828,0.7829615813340729,-0.960867423562167,0.3996962345585336,-0.3941201945779043,0.2549862658500826,1.3570352069202352,-1.0290756947295256,1.4448951962719376,-0.705013653164145,-1.4725000206850996,-1.2192295211677389,0.9369604335006216,-1.0323395507914799,0.276258631507748,-0.023285581374629414,0.086244901853421,1.189507450817015,-0.37863321257536275,1.2927716518079406,-0.21418235400856328,-1.4621446096353399,0.9770452893534329
2014-07-14,-0.9558822590001936,0.6245318230364504,-0.9417296076021282,0.36036427320206843,-0.45147789602352606,0.2232933506271783,1.3251233587345894,-1.0589285959882007,1.4200349401391013,-0.7497554742035257,-1.3942304079186274,-1.1188510640810305,0.8018850434217639,-1.0139125502036832,0.23563409362236293,-0.06796218115542141,0.05543442504974536,1.1568550880032962,-0.39712615263937656,1.2667979810015824,-0.25200774052329944,-1.3839826616285862,0.9958303002263184
2014-07-15,-0.38643301539086916,0.464887540606631,-0.5579633874271368,0.6058562822524514,-0.5096992640284146,0.49995301890905897,1.467747640985968,-1.0892527355015726,1.5916276268809817,-0.9791168343824296,-1.7999051750441464,-0.4995128146717972,0.6657741640340826,-0.6444001471422734,0.48919377074706505,-0.1133115011505859,0.32439094836607374,1.3027889675776239,-0.4159110100860417,1.4460757782373614,-0.44591317170091116,-1.7890993976768763,1.0239032791988714
2014-07-16,0.26079869000226563,0.3052432581768136,-0.053189149846166,0.9307936877988419,-0.5679206320333031,0.873943997850898,1.6626818316888718,-1.119576871568745,1.8244186973197343,-0.9902385641480356,-1.5929696663206803,0.20442235756516344,0.5296632846464032,-0.15837419768016314,0.8248096792028544,-0.1586608211457504,0.6879687480234551,1.502246607342059,-0.4346958653978937,1.689292847197868,-0.45531564386953866,-1.5824485417201282,1.0378984554183432
2014-07-17,0.31678606546358173,0.1455989757469962,0.014333755365739024,0.9505387524645352,-0.6261420000381885,0.917441206413423,1.6746705707970848,-1.1499010042293134,1.8513374271555365,-0.9210045287487509,-1.2065947014521918,0.2653147434913412,0.39355240525872365,-0.09335922331592193,0.8452036310907632,-0.20401014114091257,0.7302548465415171,1.5145135452130059,-0.45348071859946093,1.7174171844349622,-0.39678418296525736,-1.1966050598408025,1.0505000655052095
2014-07-18,0.41070666154961155,-0.014045306682821205,0.12530922017158128,0.995797961645694,-0.6843633680430771,0.9912894867429842,1.702610442834662,-1.1802251335224028,1.896775852695642,-0.8831704529026067,-0.9508214370744439,0.3674636500290071,0.2574415258710442,0.013494398825613131,0.8919502054957116,-0.24935946113607704,0.8020469398873805,1.543101762148376,-0.4722655697149801,1.764890657782611,-0.3647987047468218,-0.9411836276247104,1.066184193319928
2014-07-21,0.47277309332747386,-0.1736895891126386,0.21887251430032625,1.028099574558319,-0.7425847360479656,1.0522440905884154,1.7232155899245805,-1.2105492594866907,1.9342066156968887,-0.9407789779855721,-0.9731042694848581,0.43496767367251027,0.12133064648336467,0.10358257187036259,0.9253133547583474,-0.29470878113124155,0.8613043605016775,1.5641850517997946,-0.4910504187684107,1.8039978299304091,-0.4135017900747318,-0.9634358086020522,1.0896844278321316
2014-07-22,0.9112221521859996,-0.333333871542456,0.7240143601957868,1.2821087534261253,-0.800806104052854,1.3776284159883145,1.880474713697576,-1.2408733821604112,2.1304568997954734,-1.017046660073991,-1.0403899512335197,0.9118289139253172,-0.014780232904314836,0.5899624759656102,1.1876701036788933,-0.34005810112640605,1.1776288809663662,1.7250933744808072,-0.5098352657834376,2.009037562730996,-0.47797959823185354,-1.0306289346767825,1.1156366834611335
2014-07-23,0.9526627054930497,-0.4929781539722734,0.8461910387757732,1.3302559030974401,-0.8590274720577425,1.4657666394387607,1.914764218378901,-1.2711975015813652,2.185477828932536,-1.0021329942109347,-0.8649553388852307,0.9569000419104245,-0.15089111229199434,0.7076012772117607,1.2373995257173425,-0.3854074211215705,1.263313036874328,1.7601785673234127,-0.5286201107834773,2.0665227106405717,-0.46537136811253843,-0.8554356436371999,1.1348331307420563
2014-07-24,1.0298559052511331,-0.6526224364020908,1.0242224848001538,1.4005944280836593,-0.9172488400626281,1.5836825501284797,1.963301635088182,-1.3015216177869104,2.257763143199257,-0.9932091408057113,-0.7276030499193322,1.0408560779241773,-0.28700199167967383,0.879020292181264,1.3100496040393346,-0.4307567411167327,1.3779457680553426,1.809842295077827,-0.5474049537916715,2.142045462573046,-0.457827012598794,-0.7182722913565052,1.1551783069963508
2014-07-25,0.6459660196507722,-0.6201216324917583,0.5428020301546567,1.2070852443009348,-0.9181119529320888,1.3467369954585748,1.8506485993496982,-1.3061085116692472,2.1278752579066977,-1.1443704838328317,-1.0188777800312157,0.623333897709018,-0.25929218000516785,0.41548072114278456,1.1101810773593388,-0.43142903005549194,1.1475975825209557,1.69457514497104,-0.5502463913092862,2.006340297014961,-0.5856210114406121,-1.00914635481474,1.164294164565113
2014-07-28,0.30082194605524004,-0.5766463273893673,0.11854962375983442,1.013821940652999,-0.9137232585804559,1.1077006766503963,1.735390759568038,-1.3082729418738508,1.9935630583992876,-1.112953841401024,-0.8038742346539307,0.2479520199849324,-0.22222563481439012,0.0069858668534897765,0.9105665112372834,-0.4280106235265272,0.9152168468241371,1.5766427463276713,-0.5515871882288098,1.8660126657692175,-0.5590609248063995,-0.7944385602944409,1.1599198074453396
2014-07-30,0.5110264714994855,-0.7362906098191847,0.41641588693338205,1.1231258074776518,-0.9719446265853444,1.269357574087463,1.8033058812463525,-1.3385970486530783,2.088032894666503,-1.2478646181771906,-1.0435698238449687,0.47657240058526923,-0.35833651420206963,0.29378880288572273,1.0234624596135597,-0.4733599435216917,1.0723726670952674,1.6461338388108602,-0.5703720253976946,1.9647135164452592,-0.6731164584886384,-1.0338044331740823,1.1903392466261524
2014-07-31,0.01118760179472153,-0.3521099071312992,-0.2328441235313307,0.8329371220760868,-0.8534626280603317,0.8641784993453795,1.6272848905269075,-1.2890632141585217,1.8580713280355272,-1.2683858616926775,-0.9586646586651576,-0.0670569641452969,-0.030788464934392783,-0.33135643936383485,0.7237372275773449,-0.38107289756416174,0.6784751541692943,1.4660282799486555,-0.5396873618029822,1.7244526760954244,-0.6904654163473966,-0.9490160603723709,1.1524511737266203
2014-08-01,-0.7272119948569621,0.43253248574913794,-0.8213285156988935,0.37686138605742425,-0.4661268910447804,0.2434658296213232,1.34529348350239,-1.0954129401747468,1.455922519745257,-0.8470975620008602,0.24912116859283046,-0.8701471757612167,0.6381886163260023,-0.8979833869227274,0.2526733554104536,-0.0793724586118126,0.07504523370367959,1.1774932606370092,-0.4197270645062116,1.3042928553000042,-0.3343021579061938,0.25710838175431583,1.016213968071785
2014-08-04,-0.14389111685364783,0.27288820331932057,-0.38033440786127126,0.6469882886672051,-0.5243482590496689,0.5485284322375517,1.5031665401796028,-1.12573703784876,1.6461426698886086,-0.9650697834789678,-0.08341253026302038,-0.2357220088462807,0.5020777369383228,-0.4733686502512757,0.5316775090420891,-0.12472177860697709,0.3716138571789832,1.3390297625389544,-0.43851189603470053,1.503032382928345,-0.4340375904779666,-0.074967896149519,1.037149519277178
2014-08-05,0.24873728504307405,0.11324392088950316,-0.04057607313224073,0.8411543187715202,-0.5825696270545574,0.7797291066808127,1.618210078953024,-1.156061132557156,1.7896327462262345,-1.2290070040865555,-0.7475083274257117,0.1913042622885869,0.3659668575506433,-0.14622959494666765,0.7322244681560666,-0.1700710986021416,0.5963771194673388,1.456742887317906,-0.45729672572608226,1.652948939976605,-0.6571739571519989,-0.7381501879056511,1.0742789314214065
2014-08-06,-0.2465561925622895,0.2820097487629876,-0.4637135915449704,0.5435258798037702,-0.47979698102092444,0.4253499597787978,1.433843097022338,-1.1013018811708373,1.5580659947603328,-1.1205956566925221,-0.3700321766134216,-0.3473814920722856,0.5098546616913782,-0.5536509703424334,0.42481498798718814,-0.0900202552187009,0.25186509182527184,1.2680976684684706,-0.4233750795496262,1.4110110234831075,-0.5655214266447293,-0.3611932792058505,1.0407448946241218
2014-08-07,-0.3635296103696418,0.1530847784249321,-0.5727525868846937,0.438148523380145,-0.5230102582880429,0.32035112323595877,1.3634816940066872,-1.1236049787170515,1.4868844416028923,-1.169821977783653,-0.44598554368086757,-0.47460286013142505,0.39993471453976187,-0.6586400472262998,0.3159745879497866,-0.1236795938083022,0.1497897795681619,1.1961035286748767,-0.43719115198393066,1.336641466736883,-0.6071380747541487,-0.43704216765476145,1.0595173135077622
2014-08-08,-0.8238419172290962,0.3676678400519315,-0.9114814680372683,0.12858535110405886,-0.3954611628159461,-0.02951066379742699,1.1662737880841363,-1.0530087326337707,1.2401838731245203,-1.0237744347306863,-0.010950828703309141,-0.9752427705559054,0.58288576530847,-0.9847878848445183,-0.003761839788330339,-0.024330077576182173,-0.190330666849289,0.9943194121155191,-0.3934589821606342,1.0788919359532831,-0.4836673568179327,-0.002605870203516054,1.0188751164588747
2014-08-11,-0.3712666074441373,0.20802355762211408,-0.5732990160783772,0.3241393796095547,-0.45368253082083465,0.18495514102298224,1.275190330270541,-1.0833328158164413,1.3726213668005014,-1.2133541909605532,-0.4935938074385547,-0.4830176895083692,0.4467748859207905,-0.6591661809865063,0.1982187318811611,-0.06967939757134667,0.018163681434122513,1.1057633633149953,-0.41224380471218885,1.2172608990395306,-0.6439408411817561,-0.48458494326070095,1.0466675849654683
2014-08-12,0.2865314997157889,0.04837927519229669,0.0014701967491966934,0.6659352935707358,-0.5119038988257231,0.5658303903408248,1.476797697488598,-1.113656896199945,1.6114477757239993,-1.3821945355258751,-0.8605327549420378,0.23240959874462203,0.31066400653311105,-0.10574500457137598,0.551247174321228,-0.11502871756651116,0.3884340699946793,1.312049030695543,-0.4310286255297471,1.4667836107967205,-0.7866809251591903,-0.8510191432355088,1.074303708084631
2014-08-13,0.31633077918412605,-0.11126500723752071,0.053323430144119256,0.6814545072487096,-0.5701252668306116,0.5988995656877683,1.4827821443011495,-1.143980973816436,1.6302820453989124,-1.2874143809247043,-0.5034091059991084,0.26481956993467637,0.17455312714543153,-0.05581770021007724,0.5672763999756106,-0.16037803756167565,0.4205824871654464,1.3181723466321842,-0.4498134446332273,1.4864614096818347,-0.7065524033772937,-0.4943867402626838,1.084488344282699
2014-08-14,0.5818502836632642,-0.2709092896673381,0.3550462627516402,0.8353041613441169,-0.6283466348354971,0.788556756029448,1.5740111756257373,-1.1743050486976907,1.7468696694061516,-1.4633290812216793,-0.8872332805432827,0.5536010319062659,0.03844224775775202,0.23469856483394538,0.7261820554756739,-0.2057273575568378,0.6049589770709759,1.4115183481744722,-0.4685982620423142,1.6082706360179917,-0.8552732506244436,-0.8776829405897162,1.117435267099884
2014-08-18,0.9926352473662307,-0.43055357209715756,0.8593723005034373,1.088030500572302,-0.6865680028403855,1.0978009460569782,1.7281607695456491,-1.2046291208751314,1.9371989968985566,-1.3708414636270743,-0.5325368906437764,1.0003745471205108,-0.09766863162992923,0.7202929614724275,0.987213806462139,-0.2510766775520023,0.9055927583593841,1.5692449843435563,-0.48738307777647266,1.8071242307142126,-0.7770828729850566,-0.5234744578133155,1.1297003939547785
2014-08-19,0.9936089911655301,-0.5901978545269749,0.9451684041486129,1.1254424606032216,-0.7447893708452741,1.1665972830039175,1.7535424102068948,-1.2349531903798072,1.980507213174743,-1.242356077785209,-0.13137013298227038,1.0014335998575181,-0.23377951101760872,0.8029024324591618,1.025855245516456,-0.2964259975471668,0.9724735715876248,1.5952156061282023,-0.5061678918549367,1.8523720892542725,-0.6684594582902034,-0.12285953017937684,1.1393024043227742
2014-08-20,0.7236743070157905,-0.6919269587976044,0.6667243785585469,1.0046347554150723,-0.7872944524845679,1.043253333830474,1.682207279033172,-1.2577265179982455,1.9081465530517543,-1.3201141653322732,-0.3114428401759555,0.7078501477547527,-0.32051257549602785,0.5348003546708602,0.901077405129005,-0.3295337140906715,0.8525639369530779,1.5222251428088023,-0.5202752571343348,1.7767706169555697,-0.7341972769079478,-0.3026845360740958,1.1585758720905621
2014-08-21,0.7151096846846056,-0.8515712412274218,0.726123892603686,1.0191792329406486,-0.8455158204894563,1.0849637966632817,1.6923219123541926,-1.2880505822491493,1.9337217712463113,-1.2969597725147857,-0.20922080316341718,0.6985351855154027,-0.45662345488370737,0.5919936562738284,0.9160998616219809,-0.37488303408583595,0.8931130388120336,1.5325744862565522,-0.539060067958251,1.803491270782977,-0.7146222163160999,-0.20060311188259833,1.1772145028973964
2014-08-22,0.7448860575438075,-1.011215523657239,0.8437191595240136,1.054808092800842,-0.9037371884943448,1.1534692597258207,1.715578739818758,-1.3183746439183417,1.9749801509400473,-1.3329416641448553,-0.2720002611430363,0.7309202432660928,-0.5927343342713869,0.7052212083198742,0.9528996020184916,-0.42023235408100046,0.9597110770729014,1.5563709885415764,-0.5578448771828779,1.8465974868429713,-0.7450418310483832,-0.26329621278161214,1.2008931875385054
2014-08-25,0.5984211493445307,-1.162667359908513,0.699435807753637,0.989308065282394,-0.9602925260088786,1.0975004538114972,1.677181766805607,-1.3479491915852297,1.9433145511091516,-1.2794757690173526,-0.09709181002470287,0.5716236582551598,-0.7218604282553799,0.5662968183354821,0.88524702997152,-0.4642839829978232,0.9053006328387762,1.51708301353993,-0.5761653858893859,1.813513681853239,-0.6998409853614341,-0.08862835920422409,1.2168512742451718
2014-08-26,0.5026901974078826,-1.32183803801668,0.6159266632633319,0.944455487981094,-1.0184268102687237,1.0659529072080105,1.6505405568118232,-1.3782349516419687,1.9255285772360522,-1.2431425875347557,0.011204995415726324,0.4675057919973561,-0.8575675180445815,0.48588936443257075,0.8389204506962072,-0.5095654724222596,0.8746314770983429,1.489823594108849,-0.5949264684612053,1.7949311287257919,-0.6691243850764427,0.01951947719031502,1.2354756148531383
2014-08-27,0.614236185608284,-1.4814823204464975,0.8784631652258597,1.0140857449107066,-1.0766481782736093,1.180161399184501,1.6936034701384857,-1.4085590057425819,1.9909264842202188,-1.515754888940324,-0.6874029418108928,0.5888242375585127,-0.993678397432261,0.7386747546820693,0.9108389849632803,-0.5549147924174217,0.9856600166970417,1.5338857825968975,-0.6137112729973336,1.8632580075139782,-0.8995947912823342,-0.6781274810172404,1.2775628514118131
2014-08-28,0.6338872214292893,-1.641126602876317,1.0013601812628818,1.0364510515197034,-1.134869546278498,1.2360716242462406,1.7085900131146428,-1.4388830573780709,2.0231928654146034,-1.5140808843426576,-0.5916409125703515,0.6101968853599545,-1.1297892768199422,0.8570071386636755,0.9339392884905058,-0.6002641124125863,1.0400135111685154,1.549220088392479,-0.6324960760063945,1.8969695010230276,-0.8981795634381557,-0.5824971784520191,1.2994708263161046
2014-09-01,0.9740487852907644,-1.8007708853061344,1.780571070224975,1.2452965852439506,-1.1930909142833863,1.5418015840944033,1.838443562125602,-1.4692071065767476,2.1948727032182322,-1.3619418187252628,-0.1221177490190667,0.9801597395433357,-1.2659001562076218,1.607276633307341,1.1496481675896546,-0.6456134324077507,1.3372309103834332,1.6820868897851373,-0.6512808775059262,2.0763383525494854,-0.7695589836923381,-0.1136198734504217,1.3135353556660563
2014-09-02,1.1617423516521894,-1.9604151677359498,2.336056913158992,1.3841796436485574,-1.2513122822882747,1.7629412478026212,1.9281923239400613,-1.4995311533665978,2.3196035741345167,-1.3886952596802973,-0.17248851067860785,1.1842969934254608,-1.4020110355952995,2.142130661354798,1.2930953762518964,-0.6909627524029152,1.5522132946524152,1.7739182721544586,-0.6700656775132652,2.206655536864043,-0.792176731946989,-0.16392134696914779,1.3405610599589395
2014-09-03,1.1853341895840444,-2.1200594501657672,2.581204745533678,1.4373010118274716,-1.3095336502931603,1.8730016292791454,1.967125921516915,-1.5298551977752948,2.38343007649211,-1.4066222272332412,-0.19368631300653438,1.2099556939488836,-1.538121914982979,2.3781732307210137,1.3479624858412091,-0.7363120723980774,1.6592092212384135,1.8137553240960187,-0.6888504760455542,2.273340632628913,-0.8073324511594545,-0.18508999039090976,1.365614935810554
2014-09-04,0.9147307064544532,-2.1388548567448593,1.9744590767368668,1.3198675362438579,-1.353053786033943,1.7378943905328557,1.9019373626996656,-1.5545323061287621,2.3165977234213315,-1.5107347958564343,-0.4333290565666519,0.9156448499072644,-1.5541466624965887,1.7939632655448705,1.2266697632479389,-0.7702104267235209,1.5278638269720997,1.7470540643813988,-0.7041371740378048,2.2035150633105864,-0.895350731545227,-0.4244030903321094,1.3804687298999396
2014-09-05,0.7344249728106605,-2.2626802161022286,1.657859630753804,1.2384677329696852,-1.4076589593847668,1.6564571086473723,1.8571785100502871,-1.5834934488956733,2.276575210830783,-1.5586599106839996,-0.4977492283303031,0.7195426710271983,-1.6597187399684912,1.4891229332202378,1.1425948969577795,-0.812743049444959,1.4486940356531317,1.7012565822885044,-0.7220776975645826,2.1617000650533003,-0.9358673209464541,-0.4887346481104757,1.402153717889363
2014-09-08,1.1333519809576151,-2.422324498532046,2.851064468283434,1.482035474448518,-1.4658803273896521,2.043207212821318,2.010886048484501,-1.6138174863237564,2.4838131781694246,-1.6071159335109666,-0.5551927813471792,1.153419364412189,-1.7958296193561707,2.6380098432224446,1.3941670688026515,-0.8580923694401212,1.8246757031539773,1.8585309050716996,-0.7408624917725993,2.3782195857481407,-0.9768327476952594,-0.5460991839185739,1.4341987285106794
2014-09-09,0.8570101418003386,-2.3620566853931675,2.0597556075416015,1.3558520688156284,-1.5040623856423534,1.886158533600941,1.9407552453574757,-1.6368909398880873,2.4091003312058348,-1.6190999792545229,-0.5115976611661458,0.8528674314297058,-1.744445974917095,1.8760917187893673,1.2638368649213334,-0.8878328313549009,1.6719997926504717,1.786772716238527,-0.7551557757029503,2.3001605793698867,-0.986964234338624,-0.5025640315586818,1.4359577982847815
2014-09-10,0.3966447464529165,-1.4252334034729037,0.4776375995649569,1.1065734113542367,-1.4054979923872415,1.4680683988773209,1.7931610582963915,-1.6094865242969394,2.2105420063699244,-1.5603510663054196,-0.29211498621727566,0.3521697814760736,-0.9457212176488499,0.3527366231074007,1.0063660977689186,-0.8110598464006484,1.2655507075111443,1.63575360518365,-0.7381795960470734,2.092709435761678,-0.9372970485156669,-0.28338326879035625,1.3557403067625953
2014-09-11,0.28746056922717533,-1.5683097668444288,0.3301687201208423,1.0347898239319004,-1.4605388053446693,1.394482496270421,1.751095828454532,-1.6386242218927658,2.1728077572145716,-1.702172842093797,-0.6157940907918548,0.23342006331406193,-1.0677064797684044,0.21074502208706913,0.9322234675461772,-0.8539317940228823,1.194013686400858,1.5927122514316383,-0.7562294897767956,2.0532851852451404,-1.0571952413201113,-0.6066171324625198,1.3858345869370443
2014-09-12,0.3561075490020309,-1.7279540492742462,0.5106386639552977,1.0603303051116748,-1.5187601733495577,1.4623407659095227,1.767806085975903,-1.668948250381847,2.209104866831056,-1.7557904352816096,-0.6712035922737034,0.3080811516518284,-1.203817359156084,0.3845119643578598,0.9586032922362101,-0.8992811140180468,1.259982551301684,1.609810270578768,-0.7750142784473796,2.0912079311478107,-1.1025243347545024,-0.6619504147010082,1.4116684514920694
2014-09-15,-0.0685751085663123,-1.0434299310610602,-0.31788730490610234,0.8042177717210603,-1.3921349955842406,1.03366333008812,1.6118150311000974,-1.6305380136936791,1.9947943408455489,-1.451763742011165,0.19842730268291245,-0.15380762358954714,-0.6201999675778267,-0.4132409530645199,0.6940740657032769,-0.8006512483398338,0.8432409514917271,1.4501994423412918,-0.7512203363188082,1.867299093582268,-0.845495744576429,0.2064842484353673,1.3330138246699286
2014-09-16,-0.7105131945193985,-0.01735467796422859,-0.9140136718014984,0.3990448456564787,-0.9771677812418837,0.36764660247360637,1.3606749850161346,-1.4616225326038983,1.6132170243069033,-1.4426980932525009,0.19848921500750247,-0.851985406500186,0.2546199939722697,-0.9872260376802084,0.27558583584190716,-0.47742832116413647,0.19576839200319454,1.193231689985406,-0.6465824707857346,1.468632098600765,-0.8378315132077171,0.2065460755956731,1.21368417908916
2014-09-17,-0.3759602715452828,-0.176998960394046,-0.6240787446516671,0.5254832564635451,-1.0353891492467693,0.5407369025484124,1.4305549385701826,-1.491946554654655,1.7102518153900308,-1.5544348799678849,-0.11148742282296491,-0.488122561874681,0.1185091145845902,-0.7080598525643916,0.40617942519910893,-0.5227776411592986,0.3640392701438693,1.2647332082797602,-0.6653672554679777,1.5700127805571318,-0.9322954185034802,-0.10300416993450418,1.2380270150418042
2014-09-18,0.4769027160996196,-0.3366432428238634,0.2627696741302547,0.9731279671207581,-1.0936105172516577,1.1349236220769054,1.6996232491232781,-1.52227057460841,2.052040400206051,-1.7699635508337126,-0.6477119705107898,0.4394590894872197,-0.01760176480308931,0.14584930657393116,0.8685352010139086,-0.5681269611544632,0.9416818129748378,1.5400452505890472,-0.6841520388511937,1.927109028477789,-1.11450649286569,-0.6384911071367102,1.2706295753900607
2014-09-19,0.44489088143747807,-0.4962875252536808,0.26803233699282636,0.9566407165795665,-1.1518318852565463,1.139083810639836,1.6898129651896892,-1.5525945924892555,2.0545422479938686,-1.9280562236165495,-0.9671173021480308,0.4046427228618731,-0.15371264419076883,0.15091650399418396,0.851506125647791,-0.6134762811496276,0.9457261677562009,1.5300073189580854,-0.702936820950307,1.9297229263596605,-1.2481603387360924,-0.9574570767141685,1.3024394684891358
2014-09-22,0.5217884312845409,-0.6559318076834981,0.40434114209380523,1.0014370757661009,-1.2100532532614348,1.2249604399355807,1.7174221417285687,-1.5829186083209992,2.1033018739681233,-2.048364082434777,-1.1482038569364341,0.48827720730560537,-0.2898235235784483,0.2821625373431461,0.897774639297735,-0.6588256011447922,1.029211699973263,1.5582571666037324,-0.7217216017800658,1.9806663465291594,-1.349870353099485,-1.1382945355926726,1.3315503048000674
2014-09-23,-0.30331055253331995,0.34894683183374525,-0.504494020886324,0.5276804776215068,-0.7065012422200652,0.46078426388878785,1.4270597445091913,-1.350343312575872,1.6482574005239685,-1.7399003812208071,-0.20543829296785243,-0.4091080574251663,0.5669244489818329,-0.5929167359351644,0.40844885421042154,-0.2666029161504049,0.2863127845400852,1.261156908219672,-0.5776484690779278,1.5052418258670446,-1.089090651846047,-0.19682580476696387,1.1719022784410362
2014-09-24,-0.3619661214864322,0.20110493754343062,-0.5662156256928638,0.45238564647895363,-0.7577691678014229,0.3850726878179042,1.3749271141537966,-1.3771026123112502,1.5970075623910958,-1.6960618306772932,-0.06385412052961827,-0.4729023952019077,0.44087615000162067,-0.652345881372904,0.33067958934711383,-0.30653611666335157,0.2127092759358705,1.2078145398649767,-0.5942250196072513,1.451696664569042,-1.052028903351396,-0.055436390234980835,1.1841185552820275
2014-09-25,-0.8588352180096884,0.44851238974302693,-0.9175886704964493,0.12126652250476723,-0.574202382456076,-0.020443831789013555,1.164642511428336,-1.2801107585875624,1.313606652514791,-1.4377611018025405,0.6098034143005432,-1.0133018072298947,0.6518128987120321,-0.9906682540329412,-0.011321188965299102,-0.163553751693658,-0.18151628624361477,0.9926502816751613,-0.5341415951498537,1.1556030965857693,-0.8336577088010897,0.6172944864189567,1.121918559256947
2014-09-26,-0.4194357713548963,0.28886810731320955,-0.6036734063521044,0.30680763065655214,-0.6324237504609644,0.19431409505932612,1.2672725488721086,-1.3104347664555744,1.4445008601153904,-1.561196889369122,0.2165577627441172,-0.5354069164443929,0.5157020193243526,-0.6884124078598675,0.1803174051311413,-0.20890307168882247,0.027262050398144076,1.0976618497518411,-0.5529263710463295,1.2923596545436136,-0.9380121196407214,0.22458976891201202,1.1443413091310026
2014-09-29,-0.4328952385885529,0.1346646203150422,-0.6350123024219535,0.25651943230353086,-0.6877383747305917,0.14563110759501674,1.2277165024215249,-1.3392261903644846,1.4082580831329787,-1.409072516137,0.5814223561085962,-0.550045557145078,0.3842298995558653,-0.7185873169250304,0.12837657256840757,-0.25198829421751673,-0.0200654373212164,1.0571879050067121,-0.5707617590406661,1.2544936746671616,-0.8094039610511923,0.5889524681519918,1.1487671807455553
2014-09-30,-0.3510941704872821,-0.024979662114775196,-0.5815071713857208,0.26214732653232414,-0.7459597427354803,0.16074708726259837,1.2219164407255005,-1.3695501943865238,1.412209852600358,-1.4882154026285301,0.3055250784200698,-0.46107796102266746,0.2481190201681858,-0.6670694695847962,0.1341894177565861,-0.29733761421268123,-0.005370337875890668,1.0512532528443301,-0.5895465325546817,1.2586224317764965,-0.8763125088458634,0.31343470446716837,1.1725351664148653
2014-10-01,-0.4283913550012697,-0.15806588217317172,-0.6732832669723586,0.181507714311368,-0.7925453665240754,0.07247457328885343,1.163299205896453,-1.393999165258005,1.3509819708924988,-1.536734180764472,0.14393706200640546,-0.5451470918159982,0.13465123935684326,-0.7554368240860567,0.05089972487696803,-0.3336237138485737,-0.09118504520280377,0.991275804730374,-0.6046919065012669,1.194652340915283,-0.9173309898459863,0.15206896250134683,1.1921744068696676
2014-10-07,-0.9360635548878506,0.2392553684439009,-1.0385179492127254,-0.15162958979055544,-0.5874192195280208,-0.32263202868381197,0.9485364919505525,-1.286981600792462,1.0631253759986428,-1.0704046537567444,1.3245867035586403,-1.0972960586995164,0.4734027686806499,-1.10710598625064,-0.29318555754434844,-0.17384850419155964,-0.4752905372170013,0.7715295207224564,-0.5383978673286786,0.8939035314395529,-0.5230892224674106,1.3310945464471065,1.1044683485090536
2014-10-08,-0.882019210038884,0.08517049027918518,-1.0402960935374552,-0.1859385353697203,-0.6428706640687948,-0.36106628516650474,0.9128646140959282,-1.3158188934896573,1.0295754792005998,-1.1775638806193816,0.8805853497078906,-1.0385169307880016,0.34203177343963415,-1.1088180868678372,-0.32862200697173743,-0.2170402976661227,-0.5126546534397566,0.7350298767287943,-0.5562616696049376,0.858851037597035,-0.613683192058677,0.8877039442966312,1.1294002553668103
2014-10-09,-0.07613259984349083,-0.07447379215063223,-0.32575201754661226,0.22074334130156437,-0.7010920320736833,0.10642794853631901,1.1478231169845314,-1.346142890081274,1.3162046079541567,-1.4848890344375731,-0.019651358633559407,-0.1620272208057382,0.20592089405195463,-0.4208135551185963,0.09142476253462012,-0.2623896176612872,-0.05817704726033278,0.9754405930826595,-0.5750464385160385,1.1583174064863238,-0.8735003487774895,-0.011294432009340336,1.1637927107004997
2014-10-10,-0.6728666879579303,0.3583314162962292,-0.7949269441406384,-0.13892112767947773,-0.47142717485010677,-0.30969841139569126,0.917761410388678,-1.220189616081298,1.0082755858125876,-1.110663897734563,0.9457955912447376,-0.8110407187482622,0.5749256377775431,-0.8725624206202731,-0.28005945392044174,-0.08350091307088253,-0.4627170357691044,0.7400403032088144,-0.49702231862347046,0.8365971872700458,-0.5571249731113485,0.9528244850576844,1.0753315065069395
2014-10-13,-0.4497854021704915,0.19868713386641182,-0.6406360433394124,-0.05594193152737013,-0.5296485428549953,-0.2184015815074745,0.95476919584878,-1.2505136090845015,1.0597963631635765,-1.059077481366561,0.9582375117170866,-0.5684154548356439,0.43881475838986367,-0.7240021812652465,-0.19435329075128702,-0.128850233066047,-0.373962219756245,0.7779068545519318,-0.5158070853116615,0.8904254223232938,-0.5135130661147084,0.9652492908883386,1.0863381406138122
2014-10-14,-0.5214442206732083,0.06376447080915112,-0.7241538626260153,-0.1298829478696419,-0.5763149907554058,-0.2985992579816332,0.896678919011737,-1.27449656720423,0.9989776325268279,-1.0312618962650304,0.9080627483923952,-0.6463522467521761,0.32378124739566516,-0.8044179877658008,-0.2707242500445932,-0.16519928756946745,-0.45192692048942407,0.7184685924933372,-0.5306637789114841,0.8268828071555854,-0.48999736574406694,0.9151435460964639,1.0998613688994023
2014-10-16,-1.1599970551436418,0.5885360712166721,-1.0970550820440643,-0.5352531122625377,-0.2784141845383039,-0.7136018837806318,0.6340829688456722,-1.0998439502607458,0.6546784000749171,-0.5118139403858148,2.126121277924212,-1.3408481989279328,0.771195479349436,-1.1634689371402989,-0.6894162001290259,0.06683921394465916,-0.855374463440722,0.44977910173258506,-0.4224719368800352,0.46716346738676084,-0.05084850570712415,2.1315265597509225,0.9869290683072136
2014-10-17,-0.8282653535573901,0.4288917887868547,-0.899342266316667,-0.412348497090333,-0.3366355525431924,-0.5932246682546428,0.6905841758008073,-1.130167938034414,0.7253094680448312,-0.5204736952105864,1.8311533508226892,-0.9800537407041391,0.6350845999617565,-0.9730995564737167,-0.562472538456502,0.02148989394949468,-0.7383489585110221,0.5075914195331549,-0.4412567003286926,0.5409578844011907,-0.058169588438234436,1.836964379527064,0.9993382082243287
2014-10-20,-0.1318068798871108,0.2692475063570373,-0.3705330653028518,-0.057345649837559354,-0.3948569205480809,-0.2248073112410517,0.8916064843370823,-1.1604919241047968,0.9617627130808947,-1.1536084470559427,-0.028300138980328085,-0.22257908126793444,0.498973720574077,-0.463931348447229,-0.19580313982328904,-0.023859426045669808,-0.38018959221406046,0.7132784519417094,-0.46004146272221763,0.7880011455343651,-0.5934309199647985,-0.019931315416479713,1.056969230133032
2014-10-21,0.1636266729140692,0.10960322392721993,-0.11484296096558227,0.10538517915746703,-0.4530782885529694,-0.048861855355270704,0.9796201901499622,-1.1908159084914542,1.071113495702286,-1.4270833645531817,-0.724007999352206,0.09873717555751767,0.3628628411863975,-0.21773806741898905,-0.02772444505100545,-0.0692087460408343,-0.20914305549902557,0.8033345163245538,-0.4788262240727274,0.9022494145404985,-0.824630594365933,-0.7146821860068371,1.0951072472140078
2014-10-22,0.5355582590373058,-0.05004105850259748,0.24977991863918605,0.3290770311496094,-0.5112996565578579,0.19946880258184627,1.107482226948833,-1.221139891213727,1.2277184528518645,-1.5266515624846926,-0.8833381073292884,0.5032533989693437,0.226751961798718,0.13334201563911086,0.2033186507546655,-0.11455806603599879,0.03227323335292514,0.9341635924523273,-0.49761098439220286,1.0658682277141225,-0.9088069976468863,-0.8737931254306979,1.1197951241240651
2014-10-23,0.5666368816906004,-0.20968534093241487,0.32200210056724987,0.37549655995194275,-0.5695210245627433,0.2603098517315617,1.1296434918994622,-1.2514638722907325,1.2632673234012115,-1.5832458935912566,-0.9117537647673909,0.537054795606806,0.09064108241103852,0.20288172652457737,0.25126367666785043,-0.15990738603116095,0.09142026101997529,0.9568391096887245,-0.5163957436924866,1.1030092232152513,-0.9566526686302946,-0.9021696953503857,1.1426205191222667
2014-10-27,0.35008651560830467,-0.32623616074370915,0.12563576380141384,0.27914107238443786,-0.6131712921155659,0.16023718393092498,1.0648027389083037,-1.2739715224181996,1.1950221326377486,-1.366793925667953,-0.2357378552270883,0.30153262020051036,-0.00872880629665308,0.013808813995632016,0.15174163352144576,-0.19390710158166613,-0.0058660437666913385,0.8904937266364709,-0.5303385300629768,1.0317075395344455,-0.7736610255014222,-0.2270836880785864,1.1389485833856499
2014-10-28,0.5063014286538611,-0.4858804431735265,0.33519172461759744,0.38587478675058334,-0.6713926601204543,0.2907404209513483,1.1234653284931182,-1.30429550026115,1.273483730611954,-1.4295451452918204,-0.36378620052136035,0.47143340040705434,-0.1448396856843326,0.21558146251514512,0.2619829658470358,-0.2392564215768306,0.12100353982139321,0.9505175819635728,-0.5491232873598646,1.11368319199086,-0.8267118196220884,-0.35495589484551493,1.162734239788188
2014-10-29,0.7981239141552989,-0.645524725603344,0.7377530927583416,0.5792914310531557,-0.7296140281253428,0.5262111804129181,1.236944623554099,-1.3346194765148747,1.4175099163626477,-1.535052129614994,-0.5849882744478957,0.788822227132247,-0.2809505650720121,0.6031909255198539,0.46175591189775,-0.2846057415719951,0.349917993455859,1.0666301647453784,-0.5679080436722764,1.2641598691495806,-0.9159089593298263,-0.5758536914504088,1.1907247611940748
2014-10-30,1.140870412122112,-0.8051690080331613,1.2612234757488294,0.8175302081760378,-0.7878353961302283,0.8226261713630141,1.380706435145286,-1.3649434511976326,1.599102127122422,-1.4484649681290946,-0.28456041549383504,1.1615964794895741,-0.41706144445969157,1.1072186095147902,0.7078239922378486,-0.32995506156715726,0.6380797841493673,1.2137279700346504,-0.5866927990115235,1.4538850384346762,-0.842706913138294,-0.2758390898526032,1.2050661991014544
2014-10-31,1.8559511545440857,-0.9648132904629787,2.375481733505031,1.289174225075648,-0.8460567641351168,1.4094554437422875,1.6712037520492695,-1.3952674243274639,1.9579693503063904,-1.4385835468477968,-0.2198823951395983,1.9393248901742663,-0.5531723238473711,2.1800911678831905,1.1949677697704157,-0.37530438156232176,1.2085697361526713,1.510966278915406,-0.6054775533887811,1.8288248245883936,-0.8343530158091922,-0.21125003817055438,1.2315462299640785
2014-11-03,1.6176532742077132,-1.1244575728927961,2.2114937866688007,1.2458263845475386,-0.9042781321400053,1.3871316591063427,1.6518314373677605,-1.425591395922208,1.948729466477169,-1.2953674266798305,0.17861675674193392,1.6801499176867918,-0.6892832032350505,2.0221940494736246,1.150195377826266,-0.4206537015574862,1.1868675215138944,1.4911444295558094,-0.6242623068151001,1.8191711146834424,-0.7132760239780791,0.18670095314241467,1.239310414078246
2014-11-05,1.478994322771076,-1.2841018553226136,2.170264484438095,1.24382657938626,-0.9624995001448938,1.4149015871060504,1.657178081289584,-1.4559153659994997,1.9691640991253119,-1.2897987767102719,0.17226834375942252,1.5293431632456473,-0.8253940826227301,1.982496082995839,1.1481298525451475,-0.4660030215526507,1.2138642403848803,1.4966151423818277,-0.6430470593014047,1.8405209518941166,-0.7085682062681466,0.18036127279999434,1.2590735891294422
2014-11-07,1.2711598985143726,-1.443413297595427,1.9905517121749818,1.191397424121869,-1.020665722761773,1.3792881567354318,1.631438392463396,-1.4862140986035228,1.9519701289896105,-1.178338825073586,0.4385039404006292,1.303300526556447,-0.9612211863200072,1.8094581894848087,1.0939777042443388,-0.5113093881454343,1.1792424088930182,1.4702781639224303,-0.6618161779611516,1.8225569165369269,-0.6143383413759553,0.446230645685548,1.2711406187900878
2014-11-10,1.1383956055940332,-1.6030575800252445,1.9112387951925949,1.1686712259035057,-1.0788870907666617,1.3801549639179402,1.623146171592762,-1.5165380656979872,1.9558301424091826,-1.2344987486375714,0.24009144937191235,1.1589048570843674,-1.0973320657076866,1.733091107112086,1.0705046490324375,-0.5566587081405987,1.1800850812190602,1.4617935220168816,-0.6806009285996879,1.8265898081263128,-0.6618167579020966,0.24809108347833259,1.2960941083749404
2014-11-11,1.0854681486060243,-1.7627018624550619,1.9666319620354407,1.1830313937149965,-1.13710845877155,1.429096448296008,1.6372589051550357,-1.5468620313266903,1.987194110142247,-0.9695008228181878,0.8915912631068688,1.1013404667115445,-1.2334429450953661,1.7864268649699515,1.0853367387930084,-0.6020080281357633,1.2276638684199974,1.476233741645903,-0.6993856783302307,1.8593584718410785,-0.43778365560840626,0.8986947183716789,1.300981720613746
2014-11-12,1.0517764334775024,-1.9223461448848793,2.059282030242792,1.204080340278717,-1.1953298267764385,1.488135363579342,1.655619560672442,-1.5771859955064689,2.0240920796065227,-1.0787299289688435,0.4983287326786474,1.0646970465973384,-1.3695538244830456,1.8756357310642393,1.1070774223906432,-0.6473573481309277,1.2850589397492749,1.49502045628444,-0.7181704271632101,1.8979089882624398,-0.5301275312671803,0.5059731452108854,1.330804535468066
2014-11-13,0.7637199154415343,-1.8803887347481596,1.4163983337192554,1.0744547715467099,-1.2296357020307858,1.3324297268662664,1.5816376010737583,-1.5974794519044107,1.94190753673112,-1.2755118594028003,-0.06872404698945288,0.7514041208213027,-1.333781419085132,1.2566299741659555,0.9731919347043697,-0.6740786047405792,1.133688676887412,1.4193217448706428,-0.7307415896645352,1.8120436516138265,-0.696489838497118,-0.06029961780563467,1.3463417396200075
2014-11-14,0.8356290010685328,-2.040033017177977,1.7015299804441606,1.1362680019171796,-1.2878570700356713,1.4463997740412318,1.6234097911194687,-1.6278034132360637,2.00798781610254,-1.2211735959036416,0.08210928175802679,0.8296131055704303,-1.4698922984728116,1.531171281949987,1.0370365494248204,-0.7194279247357415,1.2444854107978465,1.4620632588362825,-0.7495263367331897,1.881083464156966,-0.6505514798955275,0.09032623024118577,1.3663937424490689
2014-11-17,0.9466113005679507,-2.1996772996077945,2.112125607280114,1.2240177067877542,-1.3460784380405597,1.5999899646249072,1.681930816877346,-1.6581273731681425,2.0957817339327276,-1.086312135686758,0.42007416297047734,0.9503184781014674,-1.606003177860491,1.9265165957962056,1.1276699957876486,-0.7647772447309059,1.393799128736628,1.5219422653469963,-0.7683110829348518,1.9728094024714071,-0.5365376391500783,0.42782621956976385,1.3825431940515462
2014-11-18,0.7879827577641251,-2.3493238675367265,1.8704098622534793,1.1608389480396017,-1.403356267846217,1.5438447098240755,1.6488878616620493,-1.6880800962875422,2.0687029377108432,-1.1923113535979515,0.09613852535774156,0.7777926119087981,-1.7335901208323414,1.693778639438703,1.0624149769734383,-0.8093916315358884,1.3392171485523843,1.4881325481582366,-0.7868658595242827,1.9445178299654147,-0.6261509202952871,0.10433617573672184,1.410262504264842
2014-11-19,0.43317406823493254,-1.8275582210081374,0.704209337254981,0.9742047042430158,-1.3840213482372623,1.269944374911497,1.5390529724757729,-1.6880571409708873,1.9300017521580382,-1.1060876037230976,0.3074622346724275,0.3918994087580123,-1.2887387305891096,0.5708930497503311,0.8696473232297148,-0.7943314313641293,1.0729431293910239,1.375748939711262,-0.7868516394224785,1.7996046434418957,-0.5532561075674896,0.31536919603964486,1.3670432912994055
2014-11-20,0.47777884243548707,-1.9872025034379548,0.8750187021511067,0.9988068008845679,-1.4422427162421507,1.3334361620878,1.5563542508603359,-1.718381096799965,1.9658417702204902,-1.161321681218781,0.12838913424344703,0.4404119725706675,-1.4248496099767889,0.7353582256049976,0.8950579250051169,-0.8396807513592938,1.1346670895335622,1.3934516943642503,-0.8056363830824596,1.8370498260608512,-0.5999518003561272,0.13654242188785226,1.3935301011755472
2014-11-21,0.8269155144837186,-2.1468467858677722,1.777109912303828,1.2024239775983085,-1.5004640842470363,1.6598819206201905,1.6839559269685391,-1.7487050512926767,2.1429129512686247,-1.2589025539991305,-0.13618297918619085,0.8201362371958505,-1.5609604893644684,1.603944029462649,1.1053666262304327,-0.885030071354456,1.4520234892266928,1.524014368129972,-0.8244211259146035,2.022051482570839,-0.6824480900380614,-0.12766575601158742,1.4253214651000985
2014-11-24,1.0025439810416537,-2.3064910682975897,2.367734237630919,1.3247352778152615,-1.5586854522519247,1.8765082293495923,1.764400169327134,-1.779029004464367,2.261366898344765,-1.5308498293971602,-0.8140048859530502,1.0111513772546623,-1.697071368752148,2.172631428938877,1.2316974746832152,-0.9303793913496204,1.6626181856511348,1.6063253196137872,-0.843205867928416,2.1458106188657244,-0.912356273580835,-0.8045552762475257,1.4681398031589201
2014-11-25,0.49294131320739726,-1.280764246979824,0.5837361531730346,1.0588979135432586,-1.4266549061782492,1.4114551471684262,1.6080073476441892,-1.7372401366887924,2.0404224480550086,-1.3635585897509928,-0.2768098948627584,0.4569028156264467,-0.8225484761301302,0.45489447193313587,0.9571238276091998,-0.8275392196358832,1.2105137610425225,1.4463034015680083,-0.8173189693512759,1.9149707438598516,-0.7709258254420345,-0.26809923054859774,1.3700242243325502
2014-11-26,0.4902523322511262,-1.4404085294096414,0.6439642084182682,1.0576878859990881,-1.4848762741831376,1.4403791307356766,1.6104305005471677,-1.7675640872637857,2.0580354369378724,-1.5417842186088144,-0.6958980372550717,0.45397825513779627,-0.9586593555178097,0.5128855411190422,0.9558740346134983,-0.8728885396310477,1.2386324026537754,1.4487827837485978,-0.8361037097565157,1.9333725645295634,-0.9216003653192859,-0.6866108909250094,1.4036310042322435
2014-11-27,0.5198993161744836,-1.6000528118394588,0.7678111120120892,1.0750592280393738,-1.5430976421880231,1.4972390601790526,1.6242166166217107,-1.7978880365627625,2.09041997272634,-1.6242460668602068,-0.8149647799555191,0.48622258828850107,-1.094770234905489,0.6321325320027118,0.9738162556087798,-0.9182378596262099,1.2939091585107971,1.4628888067291312,-0.854888449371303,1.9672075044148114,-0.9913148116777172,-0.8055138498556106,1.4310987763853882
2014-11-28,0.9609053857208774,-1.759697094269276,1.7174687326618203,1.3324866544120249,-1.6013190101929118,1.9165177296246765,1.785694846739312,-1.828211984600373,2.3146339911706937,-1.5713595439935109,-0.5712567938774379,0.9658648569488747,-1.2308811142931686,1.5465180381888823,1.239703586795581,-0.9635871796213743,1.7015136855280681,1.6281141401427186,-0.8736731882047135,2.2014633815114384,-0.9466037757301089,-0.5621410993924137,1.4524527004288337
2014-12-01,0.650150616578888,-1.6569120875450662,1.0411862570711075,1.1785132588291316,-1.612938255312373,1.6920138349793064,1.697947249060845,-1.8415538060270618,2.207616323173034,-1.4691232381332777,-0.23244409319059528,0.6278851039227901,-1.1432477995250618,0.8953539972529828,1.0806701232591778,-0.9726375486367581,1.4832607419393673,1.5383303589351385,-0.8819380299315065,2.089652720181851,-0.8601717151843759,-0.2237944568182873,1.4421865705700112
2014-12-02,0.38528985633743057,-1.588164032980136,0.5152667189248418,1.0330693394598411,-1.6271515284495524,1.480250017693325,1.6132255210338464,-1.8558796965794082,2.1044615717727115,-1.7451906547465068,-0.9083790913428228,0.33982009825973414,-1.0846339987637443,0.38896812444541706,0.9304464423431127,-0.9837084371054472,1.2773931486788939,1.4516426627023924,-0.8908124717504965,1.981877983643849,-1.0935631260598735,-0.8987996640006988,1.4609802926586821
2014-12-03,0.3976805535602392,-1.7478083154099535,0.5995694861762293,1.033402338945745,-1.6853728964544408,1.5126474933021399,1.6159962043776779,-1.8862036409191902,2.122972247130154,-1.7549061385111238,-0.8132421053782173,0.3532963348393001,-1.2207448781514239,0.4701397244303835,0.9307903852781806,-1.0290577571006116,1.308888568513976,1.454477639769794,-0.9095972082932176,2.0012176954138545,-1.1017767373979284,-0.8037935449251983,1.483460210224508
2014-12-04,0.4841266037134925,-1.907452597839771,0.8477295386924071,1.0775760851870835,-1.7435942644593292,1.614395827564433,1.6456771352398418,-1.9165275840545706,2.1771026240191764,-1.7275812349883153,-0.6353591281978866,0.44731585628235576,-1.3568557575391031,0.7090826342760848,0.9764158248909363,-1.074407077095776,1.407803883515842,1.4848473168101923,-0.9283819440898495,2.057772405969814,-1.0786758663735152,-0.6261552569329085,1.50404807868656
2014-12-05,0.26900057122065724,-1.8664597660790867,0.381790982396218,0.951940086966294,-1.7685077625123196,1.430410575835052,1.571613049793935,-1.9353516639807404,2.0885562765755368,-1.9051187092813804,-1.0062671763984992,0.21334279922465949,-1.3219057405725336,0.2604499340413899,0.8466510180146151,-1.0938124987497144,1.2289414061843218,1.4090645738183956,-0.940042873753552,1.965260339025791,-1.228768630368849,-0.9965530978579815,1.520216140332547
2014-12-08,-0.32867506307804695,-0.5072946595369471,-0.6167343502693013,0.5927175817297194,-1.3819604641018228,0.7315629251636298,1.3522582677945632,-1.7980235946591046,1.7398110021810624,-1.8118646510478424,-0.6341949023940013,-0.43669473303179984,-0.16309720030534366,-0.7009882431454566,0.4756232896741013,-0.7927261840583093,0.5495520480619699,1.1846196627903518,-0.854972423378691,1.6008958327232692,-1.1499302926613475,-0.6249926325946111,1.380674596827769
2014-12-09,-0.841502621719308,0.021992059243529354,-1.0233880483224531,0.25006651165245597,-1.0864854912572368,0.1989813474875442,1.138086364910757,-1.6731385881731702,1.4183393551198282,-1.710042422555857,-0.2882975980199191,-0.9944507156450478,0.2881665696520987,-1.0925380390418,0.12171158789893889,-0.5625771931763605,0.03179935066431172,0.9654778996187592,-0.7776100618505218,1.2650264559263995,-1.0638482991476916,-0.2795711316498083,1.3003235317045303
2014-12-10,-0.6574847995503261,-0.13765222318628803,-0.8940488618988618,0.28450165236841124,-1.1447068592621223,0.2536699507370731,1.150879501893952,-1.7034625266276928,1.4454437468724692,-1.7993414450613814,-0.47767509113155293,-0.7943112350482022,0.15205569026441917,-0.968002759298845,0.1572783796468908,-0.6079265131715227,0.08496523742462155,0.9785679014221891,-0.7963947947475085,1.2933447703085188,-1.1393429921036742,-0.4686881241460531,1.3236984131221083
2014-12-11,-0.9356038649476894,-0.040621306793880874,-1.1309438568252792,0.06371622591218845,-1.0650742542978382,-0.04334699403869695,1.0074426719429008,-1.669752503220662,1.2527343090974594,-1.6139599387567,0.062409531821973674,-1.0967960956808531,0.23478313378416424,-1.1960990175066832,-0.07076277600062404,-0.5458997245829992,-0.20378174665524376,0.8318026189739566,-0.7755124879652969,1.092004467485363,-0.9826187693125041,0.0706535785463071,1.2940054836926074
2014-12-12,-1.2149614817222425,0.0842910506622092,-1.3360521448852993,-0.17113324247056907,-0.96376990625749,-0.3443804190185432,0.8523919854863516,-1.623057989009013,1.044159007003587,-1.290593864226832,0.8867077158962475,-1.4006280162145588,0.3412819733352202,-1.3935891884089342,-0.31333016386137785,-0.466992556070615,-0.4964333784864992,0.6731539804105312,-0.7465866946177131,0.8740877169106424,-0.7092403848234284,0.8938178887864352,1.2494917242547887
2014-12-15,-1.0924545260672538,-0.0741038562659534,-1.2919336452826131,-0.186022318304611,-1.0213113767838602,-0.3632293684642771,0.8293475984715764,-1.6530505374167064,1.0238934057757707,-1.2063286579712063,0.9906662311585669,-1.2673883213562254,0.2062362971331945,-1.351109334918393,-0.32870854328712146,-0.511812295786686,-0.5147575091506212,0.649574848257206,-0.765166141729552,0.852914481519516,-0.6380013533687728,0.9976334025930071,1.260372503405715
2014-12-16,-1.8370712232685842,0.7975363273269387,-1.4704992350976134,-0.6937969299968451,-0.4127750651327356,-0.8960615396761562,0.503434848229506,-1.3198776579842109,0.548753344629986,-0.545214942327953,2.561606504130109,-2.07724030887058,0.9493866943334399,-1.5230426545485884,-0.8531702847948863,-0.037816083203243006,-1.0327538227087814,0.31609929069586695,-0.5587759474595871,0.3564943533771945,-0.0790861987444462,2.5664127487240656,1.06621408231916
2014-12-17,-1.828973795923418,0.686400130071053,-1.5218494733364245,-0.8038699937032592,-0.4353091326199679,-1.016762076572766,0.41498056987451787,-1.328551691561025,0.4461278613137085,-0.3826413567600799,2.649722991205475,-2.0684334722069875,0.8546332505516292,-1.5724856459633798,-0.9668607083711465,-0.05536813792626716,-1.1500936466438356,0.22559243028243875,-0.564149240382085,0.24927258921847228,0.05835587599316378,2.654408026046721,1.0631732047276525
2014-12-18,-0.8495817607807106,0.5267558476412357,-0.8908469488177302,-0.3466243491936865,-0.4935305006248564,-0.5340760352000907,0.6737906961822561,-1.3588756233876085,0.7583393828488092,-1.029763378278359,0.6484088271720492,-1.0032376618025451,0.7185223711639498,-0.9649197714411247,-0.49458848070475003,-0.10071745792143165,-0.6808472243259838,0.4904082471195816,-0.5829339691732704,0.5754671078499158,-0.4887304968342111,0.6558467951245708,1.10703988894113
2014-12-19,-0.3707072364799255,0.3671115652114183,-0.5559452986400841,-0.12157115707765896,-0.5517518686297449,-0.2897834198228931,0.7965419160460755,-1.3891995541535191,0.9118412839081182,-1.0560618494233929,0.4994614807006046,-0.4824093124885852,0.5824114917762703,-0.6424570140625694,-0.2621393066987968,-0.14606677791659614,-0.44335654521203327,0.6160079097747485,-0.6017186973074021,0.7358438885621019,-0.5109636069915287,0.5071043350669172,1.1203233502157648
2014-12-22,0.22923004616397377,0.2074672827816009,-0.06818202743635593,0.20191316951560442,-0.6099732366346304,0.07330113012872595,0.9830677667598554,-1.4195234838709359,1.143594175091132,-1.1474476376426848,0.20275348838544688,0.1700880093674076,0.44630061238859076,-0.17281021089839393,0.07197576989033906,-0.19141609791175832,-0.09038150251313011,0.8068620939703061,-0.6205034247920245,0.9779762814001076,-0.5882224820450502,0.2108044831982242,1.1402019035517377
2014-12-23,-0.1323350617122038,0.21250098312444723,-0.37224033911499693,0.0021048955690232767,-0.5835380810492042,-0.15189980980691212,0.8527180810663402,-1.4019512484655094,0.9823587194248632,-0.8248808528547725,1.006832908201213,-0.2231535366923538,0.4505922874164144,-0.46557521081927905,-0.13439885560038872,-0.17082543900342084,-0.30931208328338616,0.6734876430404045,-0.6096179737155112,0.8095195838740777,-0.31551982873374956,1.0137778413577607,1.112059488355332
2014-12-24,-0.6552277196461985,0.4518183501610693,-0.762684681824522,-0.31153030746658145,-0.4251459412261079,-0.4930578013173594,0.6497504334263244,-1.3055089814008678,0.717756549746819,-0.890420867226837,0.710777241603283,-0.7918564141273087,0.6546315225479243,-0.8415176980724368,-0.45834113430945717,-0.04745190657537273,-0.6409710774116633,0.4658101299225682,-0.5498750010305448,0.5330666940429076,-0.370928310512412,0.7181294178913717,1.0774754887026947
2014-12-26,-0.4268163081431721,0.29217406773125193,-0.6092511186048795,-0.2182586411750654,-0.4833673092309964,-0.3951105699202362,0.6925476532295157,-1.3358329080445155,0.7751347981034897,-1.0155530032521327,0.30010703184889176,-0.543434056326393,0.5185206431602448,-0.6937829531287246,-0.3620042568638617,-0.09280122657053722,-0.5457510296590234,0.5096004594673438,-0.5686597266110632,0.5930147382745662,-0.47671683902146234,0.30802411075875036,1.1015781823103077
2014-12-29,-0.1200878638985643,0.1325297853014345,-0.36344697781988106,-0.06563421805772438,-0.5415886772358819,-0.22858698692463927,0.7732707403966961,-1.3661568336870147,0.8781794891091294,-1.034260473219007,0.21572890090635394,-0.20983337139370262,0.38240976377256536,-0.45710845191156735,-0.20436409742781858,-0.1381505465656994,-0.38386402888722687,0.5921967263551963,-0.5874444515714015,0.7006744851501521,-0.4925324063312286,0.22376204722567467,1.1178589467818252
2014-12-30,-0.10248730227224462,-0.027114497128382892,-0.35018072035110703,-0.0627735936117644,-0.5998100452407704,-0.22338008615396868,0.7642481987189437,-1.3964807583398728,0.8751758238242346,-0.9510676983616544,0.40379292976920556,-0.19069083823803007,0.24629888438488584,-0.4443349288154418,-0.2014094635328156,-0.18349986656086387,-0.37880210592162195,0.5829648165438307,-0.6062291759186881,0.6975362949036206,-0.4222000239848987,0.4115673822255632,1.1299417325542496
2014-12-31,0.09755275079289268,-0.18675877955820028,-0.15265234084033522,0.04705193816342101,-0.6580314132456588,-0.09655419359267388,0.8211067640665459,-1.4268046820144484,0.9512428111937189,-0.8759320366217943,0.5468341898160607,0.026874568455335864,0.11018800499720634,-0.25414313404890526,-0.08797470659435434,-0.22884918655602837,-0.25550747703114823,0.6411427852405028,-0.6250138996599591,0.7770100894860009,-0.35867924230171266,0.5544118800508049,1.1420986439522438
2015-01-01,0.08324460864221739,-0.3464030619880177,-0.15596031198725072,0.04390911085655954,-0.7162527812505474,-0.09586365563855155,0.810204667164834,-1.4571286047219834,0.9462659654571165,-0.9035019753784964,0.4077724951404484,0.01131290108752869,-0.025922874390473163,-0.2573282407714229,-0.09122081745665513,-0.2741985065511929,-0.2548361659993954,0.6299877051149606,-0.6437986228021787,0.7718103460832852,-0.38198726967820174,0.4155414734551266,1.163425132036265
2015-01-02,0.6913070207294822,-0.506047344417835,0.5531115773626581,0.40052535492075153,-0.7744741492554359,0.3277349095366706,1.0203924854685829,-1.487452526473589,1.2098908684571803,-1.2770969922196809,-0.6013355683615222,0.6726471886646137,-0.16203375377815266,0.4254073518961808,0.2771149994691928,-0.3195478265463573,0.1569679761758683,0.8450529329999795,-0.6625833453522298,1.0472422004573685,-0.6978299328447067,-0.5921784986363124,1.2081362594359681
2015-01-05,0.49724889652171544,-0.637250672838588,0.3687000095020761,0.32570763367016753,-0.8243342793361907,0.2484987023321627,0.9705629964550098,-1.5134380972681114,1.1573336853795277,-1.1651834047505392,-0.2337931581778615,0.46158778296816216,-0.273896202831347,0.24784518511293954,0.19983852388496878,-0.35838447830354087,0.07993797414180462,0.7940671503957217,-0.6786805949652016,0.9923311422416256,-0.6032165576192084,-0.22514166608207967,1.2166952533811262
2015-01-06,-1.0055237002912023,1.488416581935272,-0.7711762947300164,-0.5196514630288558,0.40417192557512943,-0.6326996376943179,0.44633125297775617,-0.7095462772061104,0.3777825345137585,-0.2565463763933756,2.130903008310566,-1.1728415534747039,1.5384232547105037,-0.8496939161073271,-0.6733018298177164,0.5985137003495404,-0.7767248107067816,0.2576706061746555,-0.1806947168912082,0.17786628471503013,0.16495840711813908,2.1363017125673243,0.8072918352397875
2015-01-07,-1.0306098464925253,1.3406476154572409,-0.8139839801339444,-0.5924997213974593,0.3556584023203012,-0.6980832850113435,0.3850478065592289,-0.7323178123845556,0.3169371698461965,-0.07939026086760051,2.3121988072783743,-1.2001254774540826,1.412437133144419,-0.8909116415650017,-0.7485441195463773,0.5607259367574632,-0.8402879551771602,0.1949650770153339,-0.19480097181000594,0.11429584265990357,0.3147287648627117,2.3173481277967456,0.8049270107124026
2015-01-08,-0.14410025842172014,1.1810033330274234,-0.36074611348025337,-0.1363884342147896,0.29743703431541274,-0.3145120146479737,0.6479282905486624,-0.7626417304209685,0.5997557808808424,-0.5011792620939166,0.9328775261319071,-0.23594947314463957,1.2763262537567395,-0.45450790287933723,-0.27744352788828164,0.5153766167622986,-0.4673966119552472,0.4639457042085283,-0.21358569205861125,0.40978103242119174,-0.041857793941126466,0.939924189553355,0.8363673288199144
2015-01-09,0.14935415441592786,1.0213590505976062,-0.19029802572138713,0.026965416573694365,0.2392156663105272,-0.17196797322304092,0.7374692443846181,-0.7929656475551012,0.7012574748606195,-0.6408031751850718,0.4562644832813285,0.08321425280276519,1.14021537436906,-0.29039058563270304,-0.10872133679446064,0.47002729676713645,-0.3288214808593516,0.5555644564139615,-0.23237041174828224,0.5158286761635357,-0.1598978816417225,0.46396675782596214,0.8589977855386352
2015-01-12,0.3388065301862075,0.8617147681677887,-0.061030111221950824,0.14649286090214278,0.18099429830563873,-0.06322161920252058,0.8024741601194897,-0.8232895637973145,0.7776227899168626,-0.5985139349033928,0.5082154136180547,0.2892644040195504,1.0041044949813804,-0.16592393063726607,0.014734169185948392,0.424677976771972,-0.22310299474128906,0.6220778116073782,-0.251155130885437,0.5956141596153668,-0.12414594258539485,0.5158462264007841,0.8684049326093035
2015-01-13,0.15248129298483568,0.7190741652331881,-0.17001974156497018,0.058362705018829605,0.13200718132114758,-0.13821192257718792,0.7416522960639431,-0.8470443802078778,0.7178205079595319,-0.49852462753492954,0.7015242893024743,0.08661535755206957,0.8824907571993683,-0.27086547603555555,-0.07629223105071418,0.3865213253586332,-0.2960053133312814,0.559844575832532,-0.2658704978209887,0.5331335167479311,-0.039613527259162784,0.7088891936065956,0.8744148756904799
2015-01-14,-0.00016997101814174444,0.5760208381116733,-0.2698482257258798,-0.021227762420577945,0.08198285427391112,-0.2076451289441801,0.6849312818548308,-0.8716539842115196,0.6620652577652418,-0.300077132029476,1.1224951137343055,-0.0794095650880466,0.7605251355216697,-0.36698613787873524,-0.15849830082954153,0.3475567786200988,-0.36350526337150346,0.5018073501493413,-0.281115378976592,0.4748811597917272,0.12815687291673147,1.129280946275339,0.8741625307720255
2015-01-15,1.204426694816387,0.4163765556818559,0.659255867934963,0.6770996228284464,0.02376148626902562,0.4421240610912631,1.1051367771859981,-0.9019778978389816,1.1253988872427085,-0.5849590001010629,0.2485423593005979,1.2307208787307398,0.6244142561339902,0.5276092389271356,0.5627783998501129,0.30220745862493664,0.26817214517632226,0.9317637165137133,-0.29990009649398996,0.9589660823789617,-0.11268640347479647,0.256530368650555,0.908583327952273
2015-01-16,1.1480258973373425,0.25673227325203846,0.683086698532146,0.7111456119009201,-0.03445988173586287,0.4879762562560411,1.127006304787269,-0.9323018106148009,1.1585171508848715,-0.29310835460306467,0.9678637308779172,1.1693788512050678,0.4883033767463107,0.5505549465428269,0.5979432511623844,0.25685813862977214,0.31274765946984573,0.9541407266338147,-0.3186848134838218,0.9935676115395377,0.134048378750997,0.9748622685811675,0.9034159322727722
2015-01-19,1.1935561772849843,0.09708799082222107,0.7952554620808051,0.7988793664587609,-0.09268124974075136,0.586718070991978,1.1823220899660207,-0.9626257225487597,1.2287482151466385,-0.1991711590977134,1.0861390923495646,1.2188980036042425,0.3521924973586312,0.6585575460118283,0.6885602230331814,0.21150881863460766,0.4087401666619825,1.010740114938588,-0.3374695299521474,1.0669441099057757,0.2134642506479588,1.0929749348774673,0.9151725526347948
2015-01-20,1.8195168132976618,-0.06255629160759632,1.467394768771319,1.2234576980506013,-0.15090261774563984,1.0175949522524255,1.445790705038843,-0.9929496336505331,1.5299800967978323,-0.2937414212457959,0.7053132963499401,1.899698564598848,0.21608161797095166,1.3057323033262984,1.127091583336959,0.16615949863944318,0.8276199718785429,1.2803225208004798,-0.35625424590496024,1.3816672442363844,0.1335131749999066,0.7126729886373039,0.9452334905194704
2015-01-21,1.7577398603595324,-0.22220057403741372,1.533042891965311,1.281926184723483,-0.20912398575052535,1.099485915471314,1.490186566503172,-1.02327354392968,1.5909211855855268,-0.18370923433664035,0.8988822713337479,1.8325093808113169,0.07997073858327215,1.3689421286903505,1.1874815351732457,0.12081017864428101,0.9072308125014588,1.325748588495704,-0.37503896134818154,1.4453376976015821,0.2265359868170026,0.9059756973596094,0.9567441381895109
2015-01-22,1.6925273349197107,-0.3818448564672311,1.595174682568136,1.331776713849118,-0.26734535375541385,1.1751113412209495,1.5300013961553602,-1.0535974533956423,1.647375386988526,0.02190967204571949,1.3127101129408372,1.7615836366844826,-0.056140140804407344,1.4287662248332822,1.2389703152703502,0.07546085864911652,0.9807505695020176,1.3664873215081796,-0.39382367628766035,1.5043203096487918,0.4003692020945934,1.319234292824338,0.9634451574507507
2015-01-23,1.8606075391496004,-0.5414891388970485,1.9283620539828072,1.5102526361632533,-0.3255667217603023,1.3852480172297437,1.649427631619262,-1.083921362057764,1.794013567986458,-0.14131575645934188,0.7263564081260919,1.9443892170172996,-0.19225102019208684,1.7495783750663336,1.4233115384798516,0.030111538653952025,1.1850363266257875,1.4886848434805358,-0.4126083907291851,1.6575259653159007,0.2623760498533579,0.7336871542938439,0.9966191683992309
2015-01-27,2.007307409868337,-0.701133421326866,2.272826661466984,1.6828678435426003,-0.3837880897651908,1.5961329446999888,1.76761657943682,-1.114245269925282,1.9408792642983952,-0.09267278689541712,0.7596504682423749,2.1039413494314685,-0.32836189957976636,2.081248903084782,1.6015994445474497,-0.015237781341212465,1.3900495013485445,1.6096163665393122,-0.43139310467847763,1.810969326010577,0.30349952409372305,0.7669354163429618,1.0173673578080225
2015-01-28,1.7584415518158492,-0.8607777037566833,2.1260000455141506,1.6313402392571004,-0.44200945777007933,1.5751704173340968,1.7503506823547141,-1.1445691770073168,1.9351514042977036,0.2969907537304679,1.6638387599506246,1.8332725469109432,-0.4644727789674459,1.939875710651724,1.5483784751310508,-0.06058710133637696,1.3696706419532918,1.5919498142121158,-0.45017781814118785,1.8049849327168022,0.6329267510700595,1.6698799403650553,1.0143955638864244
2015-01-29,1.7218794336266303,-1.0204219861865007,2.2491278572709215,1.6859468460327554,-0.5002308257749648,1.6678811477122728,1.7974119242856212,-1.1748930833128906,2.0029391100740837,0.22167309868370444,1.257640462713434,1.7935072499540476,-0.6005836583551254,2.0584303181551964,1.6047796331014064,-0.10593642133153912,1.4597999906635128,1.6401031125435923,-0.46896253112290465,1.8758086420601816,0.5692521095971556,1.2642403943535867,1.0407762340444133
2015-01-30,0.7309732339688607,0.25192858357967146,0.3410359544319609,1.182812977260191,-0.16012640694162567,0.9815378702488169,1.5024084074364414,-0.9724811949775493,1.5846040048751004,0.385150714503002,1.5168747462556353,0.7157885280272914,0.48420780617115505,0.22120862636964975,1.085111144461146,0.15897497889779813,0.7925668415222181,1.3382540373209522,-0.3435746873487065,1.438737589729798,0.7074584646632538,1.5231180848852717,0.8736661388033652
2015-02-02,0.5659178150442056,0.09842451433703478,0.24099727997101295,1.1011337239496277,-0.21594841542913693,0.9224208320049404,1.4591987510005715,-1.0013319937699543,1.5480206211509315,0.4352773401170242,1.4516443465583655,0.5362727320901981,0.3533320019381552,0.12488558109930978,1.0007476444949917,0.11549454873235815,0.7350958224410001,1.294041700548969,-0.36144685622917083,1.400515748379613,0.7498362433160494,1.4579774136926094,0.8898516656239642
2015-02-03,0.2649318132750116,0.024778845236608633,-0.014891346876612739,0.9310675846131925,-0.2429541696439447,0.7619527902726464,1.3604724849387246,-1.0128130761791232,1.442808246617639,0.3052798863234517,0.9325828283946105,0.208917580556611,0.290542551343457,-0.1214988489306063,0.825092577159822,0.09445944372597545,0.5790957560933317,1.1930244908924883,-0.36855902824297343,1.2905912340752934,0.6399345043737424,0.9396298971912731,0.9066222737978393
2015-02-04,0.0449918532019829,-0.07440486978893678,-0.21058790687406553,0.7911861319636884,-0.2804240107107216,0.6323872092762172,1.2778660140938745,-1.0307796940835012,1.357311038371341,0.35850702170162607,0.9509459178326785,-0.030291148536405903,0.205979656464971,-0.30992686149131804,0.6806141637615949,0.06527373629700287,0.45313772100035743,1.1085011363974575,-0.3796887869615552,1.2012648679274058,0.6849334990945773,0.9579677270484878,0.9173726078836945
2015-02-05,-0.03456002978428312,-0.22500965760069674,-0.28395187650112413,0.7209365544612221,-0.33578400654891044,0.5761241710523883,1.236061629903902,-1.0594313423039283,1.3204471055276321,0.48006449549118857,1.1422966865623645,-0.11681251018338697,0.07757574623996656,-0.38056595187988185,0.6080559560277684,0.022153173310811836,0.3984412368837178,1.0657266812222457,-0.3974375882818823,1.1627499125225216,0.7876999561370409,1.1490552807984513,0.931071071973046
2015-02-06,-0.3131032420235597,-0.21257766382783977,-0.5653556898893238,0.5317760176567846,-0.341717007023357,0.3822356239788291,1.1202101902526012,-1.0595829626979114,1.1907164198461118,0.49489221802996375,1.0349631759475912,-0.41975867683323115,0.08817512117035038,-0.6515178852426043,0.41267898704860767,0.01753188826947532,0.20995120559145486,0.9471869082207095,-0.397531512381055,1.0272089870642245,0.8002355285195055,1.0418694141571387,0.9329755777126052
2015-02-09,-1.0180814459527192,0.5104132196618302,-1.0191950077559393,0.0809987964592812,-0.05317736551409157,-0.10509062158651575,0.8409974589478807,-0.879286819089291,0.8326335020951998,0.7674699150819649,1.6030202159203792,-1.1864994734769052,0.7045888344789735,-1.088500736083869,-0.05291224381932457,0.2422788666124619,-0.26380622187177544,0.6614950438155628,-0.28584368182026015,0.6530886329799515,1.0306766797013869,1.6091450560553322,0.8289974835862924
2015-02-10,-0.6798305038101126,0.3507689372320148,-0.8019944063433347,0.1973379148600849,-0.11139873351898005,0.011362311533860405,0.9039851788009454,-0.9096107194957989,0.9087179104417248,0.6009158329726982,0.9705432879790017,-0.8186146290967282,0.5684779550912956,-0.8793673836544693,0.06725015744493058,0.1969295466172974,-0.15059573399490345,0.7259443940846668,-0.30462839114768997,0.7325806287715374,0.8898694352701637,0.9775381397834563,0.8503728487210226
2015-02-11,-0.26283798950141657,0.19112465480219537,-0.4832983535089122,0.38073121924158354,-0.16962010152386556,0.19765934426650222,1.0098812222302176,-0.9399346192025291,1.0326251031844775,0.45612841968473866,0.4758026912763157,-0.3650897245911328,0.43236707570361443,-0.5725083164980747,0.2566703639342646,0.15158022662213524,0.030514156503729656,0.8342977558352802,-0.32341310004162926,0.8620372448918099,0.7674640493725825,0.48347808979084317,0.8718528210614367
2015-02-12,0.2181851261906988,0.031480372372377975,-0.05822662782811925,0.6262760153959211,-0.22784146952875406,0.45245906425664545,1.1565839264209796,-0.9702585182175061,1.202864117389105,0.3818969276232513,0.22618255105772517,0.15807545253660735,0.2962561963159349,-0.16322457402029988,0.5102845629193192,0.10623090662697074,0.2782193867460344,0.9844046971544954,-0.3421978085070491,1.0399007427465066,0.7047076658914555,0.2342013177258384,0.8916814959396547
2015-02-13,0.6848754526902705,-0.12816391005743943,0.41475545871684955,0.8912399683598426,-0.28606283753364253,0.7357426965910074,1.3186712295470155,-1.0005824165486892,1.3920672285024565,0.369945625214872,0.1687131079579695,0.6656521559464833,0.1601453169282554,0.2921900461735709,0.783956095541093,0.060881586631806255,0.5536154404543119,1.1502532371193221,-0.36098251654888003,1.2375776812839991,0.6946038609400758,0.17681092744829285,0.9112369852385618
2015-02-16,0.6077031642060513,-0.2878081924872568,0.3869834880513831,0.8669711017026351,-0.344284205538531,0.7295097567414813,1.3067419308056172,-1.0309063142039259,1.3895268986838214,0.5243977191821088,0.5457450884188316,0.5817188632270511,0.0240344375405759,0.2654495800281449,0.75888967477413,0.015532266636641763,0.5475560468232159,1.1380471189292578,-0.37976722417198316,1.234923577879101,0.8251799085081643,0.5533242767808324,0.9240225928436104
2015-02-18,0.8375790191173762,-0.44745247491707424,0.6947092142907989,1.015703666453764,-0.40250557354341954,0.9048063027871484,1.4007310942225308,-1.0612302111909746,1.5055869246081865,0.5427380980859218,0.5246498194816224,0.8317339631854695,-0.11207644184710361,0.5617457796642013,0.9125100766849932,-0.02981705335852273,0.7179717415524035,1.2342173014455884,-0.39855193138116485,1.3561815766313823,0.840685131691924,0.5322580257086801,0.9448094780750153
2015-02-19,0.8586909607101937,-0.6070967573468916,0.7928250689068418,1.0556177461288854,-0.460726941548305,0.9693740708043052,1.4298970420408772,-1.09155410751752,1.5498678175759728,0.43366928644032166,0.17929903625177798,0.8546955055783435,-0.2481873212347831,0.6562174223248457,0.9537358631955283,-0.0751663733536849,0.7807417235741272,1.2640600452575559,-0.41733663818118516,1.4024456750707275,0.7484767713400612,0.1873822941340153,0.9721553957588237
2015-02-20,0.4114518668614702,-0.4470197004452048,0.21821349199406528,0.8243002768791182,-0.4393438140363384,0.7149064656988287,1.292922948481999,-1.0784658771605384,1.3908561940344493,0.6163686538966712,0.6274552170693388,0.3682741421992515,-0.11170746330903049,0.10294802692279915,0.7148165474786704,-0.05851079954517937,0.5333593610099205,1.1239074670381428,-0.40922888820276965,1.2363124082940873,0.9029334749228594,0.6349220080263089,0.9487190704070596
2015-02-23,-0.07105996297350167,-0.17105987351735705,-0.32097445541131914,0.546862462857597,-0.3696751125913941,0.40402598943412166,1.124345479669908,-1.0378494918016548,1.1884946923142419,0.6908027807892982,0.7397430825998883,-0.15651017416074664,0.12357271175977455,-0.4162134408495958,0.4282612220422218,-0.004245014598163349,0.23113485325157007,0.9514181570536859,-0.38406830586772933,1.024887755165974,0.9658611688386344,0.7470554145575822,0.916781780995623
2015-02-24,-0.032559726345818954,-0.33070415594717445,-0.2801396988963455,0.5446511435610512,-0.42789648059627955,0.414752997062862,1.1209928209589122,-1.0681733861918479,1.1943040790727035,0.6740890754325463,0.603571162268517,-0.11463696171481158,-0.012538167627904948,-0.3768953658991868,0.425977231581511,-0.04959433459332552,0.24156318454875858,0.9479876998772429,-0.40285301146824,1.0309573265511136,0.951731159140189,0.611070807240351,0.9385755994176587
2015-02-25,-0.009791462838841192,-0.4903484383769918,-0.2513559271481429,0.5362855359689712,-0.486117848601168,0.4189861605016579,1.1138512950086261,-1.098497279951365,1.1958492801604452,0.5138828728680378,0.11676371572601096,-0.08987398833175442,-0.14864904701558446,-0.34918067891344945,0.41733670284004626,-0.09494365458849001,0.24567848233755055,0.9406804547745534,-0.4216377166780665,1.0325717324594106,0.816290504439816,0.12493299486247891,0.967598404255856
2015-02-26,-0.46666084684992204,-0.14882445226772642,-0.7094491829078546,0.25191552222420593,-0.39510053804495837,0.09997001500807862,0.9370439963235649,-1.0473356483643321,0.9821479607578635,0.47263174270815894,-0.0017373664243653289,-0.5867693441120888,0.14253037622341244,-0.7902594681951405,0.12362136298850955,-0.02404918262819103,-0.06445516998183408,0.7597703416656862,-0.3899446836184668,0.8092993859723753,0.781416198785298,0.006594918380396251,0.9358957510177232
2015-02-27,0.44648124741857526,-0.3084687346975438,0.2236673311715093,0.7370115266398949,-0.4533219060498439,0.6260522668425098,1.2290638545014707,-1.0776595408841367,1.318786654871532,0.2525147837692518,-0.5639444998232768,0.40637241957094183,0.006419496835732936,0.10819930000110414,0.6246592042197547,-0.06939850262335319,0.44697916488352213,1.058566522399734,-0.40872938806033016,1.1610150953709482,0.5953261189250233,-0.5548388638571912,0.9618808976502211
2015-02-28,0.6827725006362445,-0.46811301712736125,0.5292238095226093,0.8817930645511439,-0.5115432740547324,0.8004083684911455,1.3187979474961185,-1.1079834327947418,1.4305681861828539,-0.3710267856514806,-2.0887337272764954,0.6633649658968894,-0.12969138255194657,0.40240682179656795,0.7741987356627512,-0.11474782261851768,0.6164806003823395,1.150382895559192,-0.42751409212481345,1.277802978850396,0.06817500340415963,-2.0775306481266207,1.0205900644599124
2015-03-02,0.874206966864905,-0.6277572995571786,0.8216101430339563,1.0133724992948465,-0.5697646420596209,0.9659596102647016,1.4024202046698502,-1.138307324103146,1.5366347770212825,-0.6703747806671605,-2.584120964341716,0.8715708569771322,-0.2658022619396261,0.6839333633166319,0.910102299770277,-0.1600971426136822,0.7774223332147167,1.2359456077109434,-0.44629879581625215,1.3886199671899169,-0.1848981471927551,-2.5722364489874066,1.0622328252288384
2015-03-03,0.9587354779162656,-0.7874015819869961,1.0130676038427686,1.0928703374568884,-0.6279860100645094,1.0783301339831788,1.4558375895167743,-1.1686312148162736,1.6093195484212777,-0.7694748556745704,-2.5014590938572665,0.9635048452074074,-0.40191314132730555,0.8682797250032883,0.9922126961715798,-0.20544646260884666,0.8866640798352018,1.2906025432928312,-0.46508349913893554,1.4645600667162968,-0.26867879254233273,-2.489688285088553,1.090489654191175
2015-03-04,0.4396079134693464,-0.4638853259631124,0.253870988258285,0.8261236212833255,-0.5652299938967893,0.7573413500757586,1.2975780321287684,-1.1369047689996583,1.4169086322728788,-0.8535687665415028,-2.3909855431055678,0.3988969181746472,-0.12608690168118064,0.13728113504715952,0.7166998129267244,-0.1565650509152448,0.5746127140563826,1.1286705719287862,-0.44542995672954067,1.2635316553884148,-0.3397730083829832,-2.3793666976323977,1.0658524457734022
2015-03-05,0.4530920988562229,-0.6235296083929298,0.3113224404740563,0.8382151554248595,-0.6234513619016778,0.7901800456067714,1.3068674967474967,-1.1672286585426508,1.4384252448676433,-1.0779724306622829,-2.654907358385402,0.41356244256675107,-0.26219778106886016,0.19259872959192506,0.7291887143159359,-0.2019143709104093,0.6065370687522241,1.1381755986295699,-0.4642146593273619,1.2860119311111653,-0.5294871311769673,-2.6429254719079114,1.102913728457842
2015-03-09,-0.5758625751201328,0.7555584293986913,-0.6553454069685574,0.24670967606937472,-0.04374561179959976,0.05098142690845432,0.9454629483440775,-0.8345946411071875,0.9337617338181192,-0.6800460473113997,-1.2875005033567526,-0.70553815095194,0.9135968212800669,-0.7381652107774089,0.11824443575048706,0.2496253724052862,-0.11207974937671053,0.7683846555182045,-0.25815827323662704,0.7587460882356446,-0.19307437673386924,-1.2773995707422012,0.8996217698072162
2015-03-10,-0.7508216786050913,0.6553682751018237,-0.7914361720197333,0.0931270426260263,-0.06793065086729547,-0.09248542657989545,0.8448831677550168,-0.8435485538192056,0.8280157190261568,-0.7581957546038911,-1.3189178485250153,-0.8958252855590124,0.8281758478522899,-0.8692013025042827,-0.04038542392801946,0.23078735616897247,-0.25155199831342606,0.6654709205188163,-0.26370494254313687,0.6482640335611193,-0.25914327638259255,-1.3087736993823762,0.9160624627442951
2015-03-11,-0.7279825379547543,0.5006227295998346,-0.8072911942855389,0.04629274933722053,-0.12358131232320138,-0.13365236481007195,0.8078289173292713,-0.8722849700503958,0.7950509548447541,-0.8730400206749169,-1.440442113170522,-0.8709852255411342,0.6962415752367866,-0.8844674386831222,-0.08875884484143091,0.18744039025613884,-0.2915727091410168,0.6275568259902499,-0.28150625499894133,0.613822878631663,-0.35623428994045014,-1.4301307997825197,0.941350392271119
2015-03-12,-0.23387648576664338,0.34097844717001713,-0.45001108554398267,0.2759133696893473,-0.18180268032808988,0.09632326278374814,0.9400695919145269,-0.9026088573326919,0.9461212481051952,-0.9843034561000004,-1.5370451926179363,-0.33359092601575135,0.5601306958491071,-0.5404574018254347,0.1484078579888429,0.14209107026097434,-0.06800038423638412,0.7628661462204382,-0.3002909561963318,0.7716591472847415,-0.4502980171679779,-1.5266009956373219,0.961360557676588
2015-03-13,-0.9043327778074469,0.7428596370560987,-0.8762157070737596,-0.140195065758468,0.043525863254810004,-0.31572013117733744,0.678871295540939,-0.7567646235412783,0.6312867531325108,-0.9210045287487509,-1.1731416361731055,-1.0627853728922765,0.9027699769571473,-0.9508319622167442,-0.28137525775957745,0.3176021682847671,-0.46857109041651535,0.4956067418167794,-0.20994500788074322,0.4427241802750678,-0.39678418296525736,-1.163198011350452,0.9042778830503808
2015-03-16,-0.8757113236958869,0.5899211064193892,-0.8940191018321735,-0.18724788067067794,-0.011140739274329162,-0.3593354291218557,0.6387065972188034,-0.7848186946511126,0.5944541114886065,-0.8593289964574694,-0.8605115137423408,-1.031656415423397,0.7723763444362116,-0.9679741045783952,-0.3299743816296328,0.27502169764151035,-0.5109719903070314,0.4545100214297775,-0.2273236288425832,0.40424191750691724,-0.3446427905671595,-0.8509979312544136,0.9133639873942032
2015-03-17,-0.28332703307682927,0.4302768239895718,-0.4828268051725086,0.09620607517949034,-0.06936210727921467,-0.08944366570436352,0.8010765626319266,-0.8151425803051419,0.7742034109452975,-0.873762845424197,-0.783680294818764,-0.38737379735525684,0.6362654650485321,-0.5720542823757784,-0.03720520432277535,0.2296723776463482,-0.24859493039339534,0.6206477828617546,-0.24610832903131308,0.5920416371403345,-0.35684537650082665,-0.7742723984896397,0.9222784414344772
2015-03-18,-0.4575751145684151,0.32630861448582793,-0.6295689031621262,-0.02988915371209133,-0.10315441848552846,-0.20826999948327193,0.7158932693724079,-0.8304968107287866,0.6864776811504381,-0.7638316696503696,-0.39762117582686374,-0.5768876178845447,0.5476233651967055,-0.7133460960056794,-0.16744433368748318,0.20335114221707015,-0.3641127353921296,0.5334878107725062,-0.25561979528690876,0.5003869407943217,-0.2639079609672819,-0.38874432802109604,0.9250815995212901
2015-03-19,-0.6854400959077397,0.2794014664422674,-0.8217418522760882,-0.19583905882545674,-0.11440810995925461,-0.36811881272355435,0.6045633766502867,-0.8323294099510071,0.5674459093738258,-0.8535687665415028,-0.5739710789544908,-0.8247156731996648,0.5076308701783896,-0.8983813713827528,-0.33884789391817105,0.1945855073091784,-0.5195108146724955,0.41957450722369316,-0.256755033275479,0.376024100801709,-0.3397730083829832,-0.5648516508001626,0.939375527941665
2015-03-20,-0.9539359817127012,0.29856860783471606,-1.0346992837188922,-0.3967821815531689,-0.09907459909029656,-0.5612304678651591,0.46953992162537667,-0.8180833239745663,0.4201924147472873,-1.1320834702471891,-1.2119763828977732,-1.116734274952538,0.5239725545191432,-1.1034291533535951,-0.5463946630222165,0.20652896234766746,-0.7072455853432569,0.28141783211709903,-0.24793002789907356,0.22217557349455333,-0.5752333913752671,-1.2019793384461341,0.9638408512786811
2015-03-23,-0.9492675039409073,0.15767916220426656,-1.0757788385494484,-0.45269949469567106,-0.14990725417640227,-0.6191334076589495,0.42096350164256524,-0.8439675997988942,0.3723336280699327,-1.1290171021157878,-1.044735218943339,-1.1116567954703238,0.40385183331740815,-1.1429829343383056,-0.6041496014454214,0.1669347992302691,-0.7635363105994778,0.2317141960179589,-0.26396452844131474,0.17217333845291824,-0.5726410391403269,-1.0349682251984267,0.9785696695373285
2015-03-24,-0.8791417105568237,0.0014174174194288471,-1.0643288099688772,-0.4684227742327929,-0.20691913236219642,-0.6394574218621296,0.39646935162270497,-0.8735802223461664,0.3505787467536323,-1.3161132742088228,-1.387181455285661,-1.0353873358119867,0.2706248666287162,-1.131958181888756,-0.6203895992286316,0.12252756532336687,-0.7832944352074693,0.20665165910034186,-0.28230862334719364,0.14944412268290708,-0.7308148653379163,-1.3769434052719225,1.0112093004235367
2015-03-25,-0.8412604745090216,-0.14917904203145946,-1.0774276836586774,-0.49703792969104627,-0.26221258048010715,-0.6732478584774443,0.3640069211587174,-0.9022203144258848,0.31974139003299656,-1.489047390069994,-1.6489523470475604,-0.994187354105804,0.1422280570684199,-1.1445705381620852,-0.6499451420217935,0.07945883715255822,-0.8161440312828037,0.17343593774321817,-0.30005026599923434,0.1172256552737119,-0.8770158831345649,-1.638354214759659,1.043065556851063
2015-03-26,-1.7920781142242246,1.0375817801615403,-1.3302170925427368,-1.0948853409483863,0.2980272742035696,-1.1334440201023424,-0.018408638551801585,-0.5426180204800505,-0.1203538120238265,-0.863654152340828,0.17201109352700872,-2.02830538850017,1.1540466870437642,-1.3879708611572386,-1.267439769055209,0.5158363616717567,-1.2635267685021776,-0.2178535773183352,-0.07728787479313008,-0.3425800619563416,-0.34829934028337534,0.1801043764314043,0.8591805781632669
2015-03-27,-1.5733726239535084,0.8779522389979643,-1.2652069363273415,-1.0658517958786684,0.2398145647972125,-1.122005058514776,-0.02379806410757153,-0.5729359766410196,-0.12386793207779064,-1.059077481366561,-0.34931330131453153,-1.7904392801497269,1.0179483758901664,-1.3253753074485388,-1.2374520870033983,0.47049378596256436,-1.2524063064628528,-0.22336806452637117,-0.0960689018460793,-0.3462515686764645,-0.5135130661147084,-0.34050290401896877,0.8856659421731099
2015-03-30,-0.5363868439986452,0.7183079565681469,-0.6342119384253572,-0.5471233452530689,0.181593196792327,-0.6767849727815409,0.27234268595546535,-0.6032598577355384,0.18223283055171063,-1.13131667666817,-0.48700955847060834,-0.6626039816975067,0.8818374965024869,-0.7178166799899421,-0.7016765276896529,0.4251444659674022,-0.8195826603092544,0.07964463341365724,-0.11485359921033493,-0.02644149111203886,-0.5745851329264684,-0.4780097513400301,0.8845940929266172
2015-03-31,-0.48319845627608005,0.558720067804068,-0.6183490316299759,-0.538469168593029,0.12339873440450821,-0.674814031471151,0.26255659324530334,-0.6335661571622382,0.17586442094240845,-1.0613405704712702,-0.24189603664169507,-0.6047558006512027,0.7457746977057232,-0.7025429521281522,-0.6927379465595048,0.3798161030792239,-0.8176665967001457,0.06963145436360675,-0.13362740528042835,-0.033095122268058316,-0.5154263145725118,-0.23323339852855093,0.8920371004789177
2015-04-01,0.09441883034290606,0.3990757853742506,-0.1926318993770037,-0.22216050091356945,0.06517736639962271,-0.3909562615663878,0.4420819722383253,-0.6638900373063156,0.3660810246027121,-1.3185133697205138,-0.86811584496287,0.02346608766962054,0.6096638183180437,-0.29263777472228825,-0.3660343444390459,0.33446678308406175,-0.5417123913617469,0.25332272085024315,-0.1524121020559152,0.16564070004112913,-0.7328439410056697,-0.8585918022405716,0.9251173514421782
2015-04-06,0.4744373579225568,0.23943150294443322,0.13179096566903747,0.012183363414073044,0.006955998394734225,-0.17344090397401174,0.5758072310943355,-0.6942139169833415,0.5106219783949477,-1.0372611071629931,-0.03144366552782939,0.43677774319572066,0.47355293893036426,0.01973539980195072,-0.1239891764316544,0.28911746308889724,-0.33025340021473515,0.39015107513807107,-0.1711967985420782,0.31665520012416754,-0.49506918592767385,-0.023070517846121706,0.9117105733233937
2015-04-07,0.40613811785496035,0.0797872205146158,0.1034746999705214,0.0072122861106218615,-0.051265369610154266,-0.17517539564285392,0.565869676181241,-0.7245377961986872,0.505822210348977,-1.1351519894612874,-0.27612112960992846,0.3624948597707904,0.33744205954268475,-0.0075291452098874235,-0.12912361954815652,0.24376814309373276,-0.3319395977435257,0.37998291920376287,-0.18998149474224477,0.3116404651790897,-0.577827562166818,-0.2674114127355573,0.9378257428631558
2015-04-08,0.6371014460048081,-0.07985706191520159,0.35397731157954243,0.1707385069403311,-0.10948673761504275,-0.014496524778848871,0.6594642435999246,-0.7548616749576496,0.6103752121935548,-1.1053253533142136,-0.16134764802787507,0.6136927056532478,0.20133118015500526,0.23366931656874623,0.0397766062286186,0.19841882309856826,-0.1757345724633504,0.4757493491193634,-0.20876619065969615,0.42087607551299683,-0.5526116899808279,-0.15279580927350228,0.9515725210687747
2015-04-09,0.8888376317606775,-0.239501344345019,0.6594763705502548,0.3580632601510461,-0.16770810561992827,0.17510445900506338,0.7700275204510594,-0.7851855532654697,0.7341481019103941,-1.084036093335355,-0.08334207487772574,0.8874833030571511,0.06522030076732575,0.527821551650284,0.23325746177787302,0.1530695031034061,0.008587275865911067,0.5888782474713172,-0.22755088629767892,0.5501923735864748,-0.534613439829046,-0.07489753768002426,0.9674402274431054
2015-04-10,0.7756952895750621,-0.3991456267748364,0.605903376613137,0.3464111696880441,-0.22592947362481675,0.17253946112041665,0.7609930791537829,-0.815509431127337,0.7314263970519511,-1.1336174607802916,-0.19731851438868744,0.7644286481784206,-0.07089057862035375,0.47623836196810676,0.22122244561968818,0.10772018310824161,0.0060936962355566055,0.5796341619096853,-0.24633558165940792,0.5473487719096645,-0.5765302492920129,-0.18871719545232946,0.9902244575557414
2015-04-13,0.9524381489682343,-0.5587899092046559,0.8797273728465625,0.4946843177749031,-0.2841508416297052,0.3322153708679788,0.8500740265579235,-0.8458333085483666,0.8341610627302329,-1.0628499472841475,0.012325753394729884,0.9566558121629389,-0.20700145800803502,0.7398920071950225,0.37436833293633465,0.06237086311307712,0.1613236862437851,0.6707822332313008,-0.26512027674805166,0.6546846083737324,-0.5167023636920416,0.02063869349644904,1.0035015130363565
2015-04-15,0.372270373090131,-0.19501935736913834,0.12319039704101695,0.21246266851427384,-0.21010588804410935,0.036983925304771945,0.67674584862158,-0.8024551289336302,0.6385915641500859,-1.0230263930084158,0.11541630107528152,0.32565998820060593,0.10314513134721252,0.011454272870077177,0.08287195983263979,0.12004536320208825,-0.12568751298685618,0.49343197388894044,-0.2382488491186104,0.45035615138829155,-0.4830349514616748,0.1235874336650819,0.966870180990711
2015-04-16,0.0808715561343736,-0.22961171725647195,-0.1664780212519372,0.06369551754840024,-0.23270673442988946,-0.10930131497888443,0.5814944172310859,-0.8127549041268394,0.5389521306466032,-0.9253911317842527,0.35353131491121104,0.008731947293212172,0.07365208309833482,-0.2674553020414936,-0.07078416490878539,0.1024412935961621,-0.26789967525656244,0.39597023246315055,-0.24462923820275284,0.3462541730609985,-0.400492680997971,0.3613749053701149,0.9658314016398701
2015-04-17,-0.48522597034522436,0.18327698165960904,-0.6729192528784997,-0.2610825624425273,-0.10302509159532075,-0.43084707982318005,0.3760853617238599,-0.7353661465879109,0.3079517660271691,-0.8991372579430207,0.37762741143634215,-0.6069609436526708,0.4256762398257051,-0.7550863301772683,-0.40623551185172896,0.20345187647888818,-0.580492513730935,0.18579465859393884,-0.19668931965362965,0.10490801014480132,-0.3782972740501927,0.38543785620369564,0.9255619014925363
2015-04-20,-1.3015209534522612,0.8999120671055055,-1.0869208895012046,-0.7622853993781367,0.2503119281575848,-0.8565047605210059,0.057846119665954876,-0.5082224836357658,-0.045688809189228095,-0.547898073195897,1.232655098942228,-1.4947708960105976,1.0366710728100121,-1.153711148041791,-0.9239095086509318,0.47867030785561,-0.9942984386579293,-0.13982932697991157,-0.05598091384419741,-0.26457104249897023,-0.08135455662063255,1.2392893995167833,0.8166889390106926
2015-04-21,-1.5349824959999194,0.8756942054173534,-1.2419712102761449,-0.9698512087063729,0.2674334950549144,-1.0328623816767866,-0.08682126005702161,-0.48843799208847516,-0.19261822210613316,-0.3555885085891735,1.5691187925668977,-1.7486858229132742,1.0160232024253482,-1.3030026010489522,-1.1382966074366752,0.49200650112369715,-1.1657456645617401,-0.28785371411488936,-0.04372503917356672,-0.4180809734700543,0.08122674746458501,1.575290266235229,0.8033764930648624
2015-04-22,-1.0548876579990716,0.7160499229875361,-0.9842911205425178,-0.7742861255932825,0.20921212705002595,-0.8733428044445237,0.013506108338804423,-0.5187618669688117,-0.08965810335525892,-0.30959793813966463,1.4865105501572866,-1.2265302491641095,0.8799123230376685,-1.0548932465176042,-0.9363046178691296,0.44665718112853264,-1.0106676542405304,-0.18519824853519015,-0.06250973268833043,-0.3105095865813041,0.12010784490035346,1.4927956566424345,0.8024315279338982
2015-04-23,-1.1027255066797879,0.5895027029792587,-1.055912519819264,-0.8553511820717687,0.16664507253475655,-0.9521172340631769,-0.053183125784302766,-0.5389888798690954,-0.15586940992735873,0.006567888752249619,2.1079807554012864,-1.278559134600201,0.772019618474541,-1.1238544889774111,-1.0200337364921401,0.413501193170598,-1.0872487361453675,-0.25343500673511865,-0.07503973551779691,-0.37968629463183284,0.3873990352703588,2.1134109906541036,0.7909932256752227
2015-04-24,-1.4925026495762603,0.7231629680495485,-1.276538798562517,-1.1354318574087876,0.24637895435921722,-1.1808553058493223,-0.24307486883136353,-0.47998493920460383,-0.34980016531109104,0.1473259583968419,2.1988309284531002,-1.702484350149089,0.8859768234618559,-1.3362862824785224,-1.3093187762864416,0.475606867517008,-1.3096179629999332,-0.44773318881568874,-0.03848863688941871,-0.5823026141359701,0.5063979554235772,2.2041361935967494,0.7702951337125665
2015-04-27,-1.8285682578450007,0.8251587858321935,-1.4513113358850187,-1.4040853013015981,0.31838991556051405,-1.3912528905360138,-0.4296263838627064,-0.4239995477063571,-0.5361628034938015,0.06178177510696433,1.697132566325904,-2.067992405252602,0.9729372848135766,-1.5045674308967698,-1.586801048542073,0.5316970666068471,-1.5141573642177124,-0.6386136328694518,-0.0038074352043208164,-0.7770118636665344,0.4340776581746336,1.7031279490222062,0.7699835284032397
2015-04-28,-1.1919940116942596,0.6655145034023761,-1.0935719572923361,-1.1250606436559396,0.2601685475556256,-1.1684654715943805,-0.28317308269681607,-0.45432342098814216,-0.39038414308673397,-0.2590581042604473,0.6565097349917427,-1.3756483839819647,0.836826405425897,-1.1601151823554536,-1.298606730624606,0.4863477466116826,-1.2975731038183647,-0.4887618819737924,-0.022592127728831846,-0.6247042238830554,0.16283495583285953,0.6639365596376466,0.7918726085895905
2015-04-29,-1.3074621790188474,0.580938386906859,-1.205110479325526,-1.2436624433081507,0.2353471095323751,-1.2778202771808118,-0.3768576888597575,-0.4629130049836765,-0.4839385611539418,-0.30324843207436397,0.460595600812725,-1.5012326277330466,0.7647177810756298,-1.2675109486936393,-1.421106172225784,0.4670140316161501,-1.4038831001438603,-0.58462043998325,-0.02791310677297311,-0.7224486575837403,0.12547580971533642,0.4682919176336412,0.8058563105381247
2015-04-30,-1.4805936320206028,0.5502507647190177,-1.3424931157876632,-1.4003092686888658,0.23217547118642165,-1.415188372869,-0.49532259490568575,-0.4576880568916764,-0.6022528263910569,-0.30578712858225415,0.3969382788761963,-1.6895319928180728,0.7385538672872348,-1.3997909292372328,-1.5829009231823907,0.46454360456868704,-1.5374264014147796,-0.705834324882737,-0.024676414598042137,-0.8460618561181669,0.1233295587487064,0.40472216033463104,0.8124850569415687
2015-05-04,-0.4418417631911737,0.39060648228920025,-0.6088182066053934,-0.8622032481390431,0.17395410318153615,-0.9568699003526502,-0.1888603227891773,-0.48801192902210305,-0.2951572930466557,-0.28488681506359786,0.4016758508823626,-0.559775879817146,0.6024429878995553,-0.6933661203153226,-1.0271109837979726,0.41919428457352487,-1.0918690720607458,-0.39226059390823365,-0.043461106409322596,-0.5252124551075723,0.14099898790373577,0.409453215513466,0.803028817188446
2015-05-05,-0.4340356209410699,0.23331708983837426,-0.6227471900118698,-0.862026206797935,0.11658250346391016,-0.9672685521226939,-0.20515129615553093,-0.5178067141602306,-0.3106582078056217,-0.270378762094175,0.38939488189882165,-0.5512858475094807,0.46833986062816385,-0.7067777544304428,-1.0269281243009865,0.3745068592624148,-1.101978190041754,-0.4089295994090206,-0.06191804535154501,-0.5414076083270524,0.15326430698097376,0.3971891397727556,0.8185647915298713
2015-05-06,-1.6904937265453137,1.5000711199173926,-1.0976503097833303,-1.5940361843815363,0.7911426881802128,-1.393907208537127,-0.671095200890034,-0.04137994318992467,-0.7538865082305424,0.2748092966623555,1.740654749045498,-1.9178212715425418,1.5483597797739737,-1.1640420569740473,-1.7829943371530128,0.899929856367676,-1.5167377769890742,-0.8856857352405809,0.23321346110078675,-1.004486745797914,0.6141742245172648,1.74659026425071,0.6484593667053392
2015-05-07,-1.7116456413372296,1.3695394117154858,-1.15374790112134,-1.6793991583602481,0.7521056361176927,-1.4698923552271344,-0.7497175360686825,-0.05711428220669173,-0.8275234987169418,0.2703594753627163,1.5063897306821799,-1.9408262891554302,1.4370699463961443,-1.218056075643572,-1.8711626168626971,0.8695234295468139,-1.5906072390770691,-0.966132502177439,0.22346652944202908,-1.0814217113849505,0.6104122808442031,1.5126474921081283,0.6573068774048447
2015-05-08,-0.7230213215186508,1.2098951292856683,-0.6753975744916776,-1.1781757596353992,0.6938842681128071,-1.1089337282821297,-0.46883421974718303,-0.08743815286274943,-0.5681634090513815,0.1484705806617309,1.0010514718953643,-0.8655893607876731,1.3009590670084648,-0.7574726021488526,-1.353467382546799,0.8241741095516518,-1.2396989264666105,-0.6787312868202041,0.20468183854407415,-0.8104456782626303,0.5073656357409405,1.0080043577800357,0.6458345755244018
2015-05-11,0.12247452628971586,1.050250846855851,-0.20759656628934658,-0.7028077328624844,0.6356629001079187,-0.7549906115203913,-0.1965725631242398,-0.1177620231607375,-0.3138583786180758,0.03602371696779614,0.5853612418279444,0.053979721340501025,1.1648481876207852,-0.30704662506162234,-0.8624772120308641,0.7788247895564874,-0.8956107884045397,-0.4001517968264127,0.18589714786793216,-0.5447511049814175,0.41230142103565975,0.5928859356870723,0.6496802948750144
2015-05-12,-1.0350945490749366,1.6359487338095475,-0.7565530390061628,-1.3411709732264212,1.022177224102043,-1.149969135136639,-0.6017478067326207,0.1913345254396423,-0.6800905543859677,0.46518633842492624,1.613482651710652,-1.2050030813453563,1.66420747086865,-0.8356137962868837,-1.5218191504551766,1.079885420080533,-1.2795917681988385,-0.8147291343868467,0.37737280705865417,-0.9273856973711251,0.7751217456711998,1.6195931001092003,0.5708831455447881
2015-05-13,-0.2870392836415299,1.47630445137973,-0.4251418829347415,-0.9401417052019873,0.9639558560971545,-0.8830310081166385,-0.3770432198623195,0.16101065584550253,-0.4818404237785612,0.49489221802996375,1.4833380754537218,-0.3914112753077036,1.5280965914809705,-0.5165118893356393,-1.107610752751437,1.0345361000853686,-1.0200861054120165,-0.5848102762338364,0.35858811681852426,-0.7202565510662751,0.8002355285195055,1.4896275458767327,0.5532235679733364
2015-05-14,-0.32316213636632063,1.318985922233876,-0.45133947584068784,-0.951156363919061,0.9070804599812241,-0.9000871560718066,-0.39967983089667664,0.13173423728368094,-0.5021518719729071,0.4980630582995242,1.3019404210674699,-0.430698823094119,1.3939686225984524,-0.5417364531460933,-1.1189873890775783,0.9902351736953101,-1.036667352269137,-0.6079721699626782,0.3404522897824362,-0.7414776867690369,0.8029162030201489,1.308479415337382,0.5624039785924786
2015-05-15,-0.07293955039535346,1.1593416398040586,-0.3215332618547134,-0.7985404613431557,0.8488590919763356,-0.7991347433262687,-0.32175501619193436,0.10141036837731238,-0.4323990760550098,0.3069358295422875,0.6453729355551714,-0.15855443077628434,1.257857743210773,-0.4167514921446021,-0.9613560301957517,0.9448858537001457,-0.9385257976252896,-0.5282391094664965,0.32166759996835903,-0.6686008769198597,0.6413344628654585,0.6528150795669567,0.5831636196218307
2015-05-18,0.5561334849040966,0.9996973573742413,0.05353571757121113,-0.41276786013174266,0.7906377239714472,-0.5224440977223526,-0.09828361860403317,0.07108649980891706,-0.2303811176664849,-0.13703783537478256,-0.5751139775869245,0.5256312043884344,1.1217468638230934,-0.05561329754720432,-0.562905683135179,0.8995365337049812,-0.6695391595007999,-0.2995820567605624,0.30288291036364573,-0.45753515337626743,0.26599266658338705,-0.5659929773038698,0.6262137205011996
2015-05-19,0.43017963525512154,0.8417735966762525,-0.00041527911823050265,-0.43055054750505434,0.7331460884116564,-0.5388747943070548,-0.11724325997766663,0.041292656209107576,-0.2462745050731786,-0.04815460960533583,-0.27007166126109844,0.38864263583136016,0.9871028814790194,-0.10756045023089658,-0.5812727676127069,0.8547556110405151,-0.6855123696782387,-0.31898165672570455,0.2844265546750084,-0.474140356890407,0.3411358389287122,-0.26137026580973144,0.6298354868589433
2015-05-20,0.687829838130779,0.6821293142464351,0.19889734328473843,-0.23484101730533247,0.6749247204067679,-0.392816411815752,-0.005191170647447375,0.010968788305057908,-0.1426451661638035,-0.1824746382346487,-0.5773515813661764,0.6688653728000297,0.8509920020913398,0.08434931720775363,-0.37913158395615804,0.8094062910453507,-0.5435207487093211,-0.20432939799218175,0.26564186548183644,-0.36586977752346983,0.22757973232540105,-0.5682275031188296,0.6528275719963246
2015-05-21,0.5771849781046136,0.5226622346207414,0.15491122534535937,-0.23993044671277003,0.6167644354452999,-0.3976268639904253,-0.013697859395869079,-0.019312711145364692,-0.14860423380469248,-0.258430037067134,-0.6950657737354362,0.5485270025523237,0.7150322037767319,0.04199692847038313,-0.3843882686127816,0.7641045493633944,-0.5481972615545595,-0.21303348450390522,0.246883422222577,-0.3720957335389766,0.16336593297666843,-0.6857797722360265,0.6740677507598847
2015-05-22,0.7046770680815173,0.363017952190924,0.2892379150064438,-0.11512405321857364,0.5585430674404144,-0.2998903438431612,0.05759251009945588,-0.049636578400245886,-0.08089230703358428,-0.3768302162430023,-0.906473326612525,0.687188575477323,0.5789213243890524,0.17133446596734828,-0.2554803299800736,0.7187552293682323,-0.4531820581348059,-0.1400888215579185,0.22809873343154471,-0.3013511971102465,0.06326869874028516,-0.8968965207692753,0.6987726471746067
2015-05-25,0.10913059589872609,0.5196799705462815,-0.18831534299758182,-0.404076089653475,0.5992746812477452,-0.5261243192057613,-0.12353038286981527,-0.013308746233499062,-0.24977132204203162,-0.38070345199812383,-0.7965893424498828,0.03946673957550259,0.7124895597210673,-0.28848154356681316,-0.5539282727313264,0.7504815706028287,-0.6731169111165619,-0.3254146723421807,0.2506026909897729,-0.47779378557327207,0.059994208876065803,-0.7871636889163687,0.6897042182578909
2015-05-26,-0.08781936081708337,0.39849659627588263,-0.3337081340196379,-0.49684223632026076,0.5532553327245882,-0.6020989436974945,-0.1880867428150977,-0.03544972524354737,-0.3083687502732528,-0.34596718211974903,-0.6018413312442669,-0.17473784982821644,0.609170008353097,-0.428474166090671,-0.6497430175286022,0.7146365495450889,-0.746976143980026,-0.3914690630062273,0.2368870459258806,-0.5390156130091786,0.0893607568552649,-0.5926835658105015,0.6997532420991192
2015-05-27,-0.11227411995032355,0.2398829929337877,-0.35498058658371745,-0.5012472511117049,0.49533263549430395,-0.6101392815808965,-0.19955540489670878,-0.06557745651907797,-0.3181060388721877,-0.2912097042251479,-0.3809203875442746,-0.20133507140903273,0.4739378741034281,-0.44895651876459486,-0.654292795472775,0.6695198677890258,-0.754792611544084,-0.40320385546005794,0.2182238572489946,-0.5491890049188936,0.1356535254064682,-0.3720665127198977,0.7098870015271866
2015-05-28,-0.19481715810407227,0.09296366985967319,-0.4302739340805171,-0.5410049521227988,0.4404508856014722,-0.6470839803450473,-0.23270463638480038,-0.09375694302848851,-0.34821715966196354,-0.32934018505746615,-0.4269876266690164,-0.2911096410037463,0.3486761487331411,-0.5214533262100076,-0.6953570642063632,0.6267718162905512,-0.7907086443951427,-0.437122315063159,0.20076754536367059,-0.5806487105158566,0.10341746209993231,-0.4180703834688939,0.7294225725568554
2015-05-29,0.4644466465529511,-0.06668061257014421,0.1865244260304799,-0.15565073800030416,0.3822295175965837,-0.3312923569706357,-0.0051233974660447055,-0.12408080872457272,-0.13421422441538414,-0.4523274302916125,-0.6848701111977344,0.4259117533652914,0.2125652693454616,0.07243595394869368,-0.29733885379899433,0.5814224962953868,-0.4837097325455699,-0.20426005213369916,0.18198285753826435,-0.35706123973564763,-0.0005577445254218734,-0.675598134471394,0.7500911858739049
2015-06-01,0.3938777852750491,-0.22632071439696422,0.15119770668107188,-0.15696983165883868,0.3240090448258467,-0.3321918435304484,-0.00965712495975044,-0.154404124923885,-0.13657982246618047,-0.3858731071548252,-0.4231820485948392,0.34916040897919937,0.0764579542918233,0.038421337046967693,-0.29870129717729027,0.5360738736088119,-0.48458417434404166,-0.20889898480102115,0.16319851010894826,-0.35953278567239244,0.05562370718642703,-0.4142700402059603,0.7615454255534458
2015-06-02,-0.7764232597638026,1.1050060904107923,-0.7223895017287413,-0.8009426938238482,0.770660246356621,-0.811639603191558,-0.40900228975160663,0.14651077278716645,-0.5103437338023893,-0.409862559788653,-0.42748663421369004,-0.9236698013519296,1.2115318786237876,-0.8027191586329969,-0.9638372078704915,0.8839758374160359,-0.9506824797134767,-0.6175109565311122,0.34960589207562437,-0.7500364369811516,0.03534267487545316,-0.418568704597403,0.662309159484157
2015-06-03,-1.266697098747422,1.1827762385296101,-0.9790878864559399,-1.1166424697748407,0.8320159261271084,-1.033267619613775,-0.6155521598972231,0.2012186116987404,-0.6918462582502178,-0.2352547216626567,0.07845129695971324,-1.4568961504514073,1.2778378126005705,-1.049883270574058,-1.2899119080944237,0.9317665103387169,-1.1661396192979874,-0.8288538176492238,0.3834956898295181,-0.9396679031792852,0.18295868182798802,0.0866732772303111,0.6503537222761095
2015-06-04,-1.1374854747851133,1.0236131459973588,-0.9499873412625877,-1.0993196706464456,0.7740279023453933,-1.0324250636191044,-0.6217330246830121,0.171060042996571,-0.698637585096205,-0.08361214574856894,0.459957197264196,-1.316364396504531,1.1421371901861652,-1.0218635757194936,-1.2720198252894372,0.8865989449502946,-1.1653205229243337,-0.8351781094393462,0.3648133983298405,-0.9467633927387455,0.3111595219545432,0.4676543922492199,0.6418255967756562
2015-06-05,-1.091552035223489,0.8710643925599861,-0.9641670997111788,-1.1211603336030593,0.7189147290196976,-1.060277184149189,-0.6515417480628403,0.1428888558847719,-0.7264585664492027,-0.09206815990429419,0.381196157251753,-1.2664067639908274,1.0120758772231837,-1.035516670608304,-1.2945782436627695,0.8436706349716269,-1.1923971458064464,-0.865678544423546,0.3473622276621578,-0.9758303905730175,0.30401068454953767,0.38900169298548365,0.6522516995106671
2015-06-08,-1.3695747616100975,0.8618371034533302,-1.1427988494571888,-1.3265754596036774,0.7230930384748712,-1.2140340611853568,-0.7942502998777917,0.15526187649836082,-0.8526823700922801,0.09666372997834154,0.8186988931013829,-1.5687868454268417,1.0042087966390518,-1.2075136928621504,-1.5067439806524292,0.8469251701880715,-1.3418729090806565,-1.0116986490371735,0.3550269275395747,-1.1077073714952428,0.46356737036668094,0.8259026163913505,0.6443437084650625
2015-06-09,-1.3285465962195524,0.7176604504558495,-1.1683027770884802,-1.3609314309662566,0.6709572401851123,-1.253912425426091,-0.8345227356213442,0.12905368334096814,-0.8906030048561488,-0.1108505688130159,0.18263054527023756,-1.5241642343432003,0.8812854402370679,-1.2320703554632664,-1.5422290012838473,0.8063159732408766,-1.3806409241958997,-1.0529056068931006,0.33879177032500024,-1.1473263552604154,0.2881317627679477,0.19070922045294061,0.6731989288773677
2015-06-10,-0.5717236295066921,0.558016168026032,-0.6823990622439952,-0.9761646515062192,0.6127358721802239,-0.9704753970282601,-0.6175494992504705,0.09872981995902906,-0.6981376283052135,-0.343405065215152,-0.4353629324750721,-0.7010365955290531,0.7451745608493884,-0.7642140411509204,-1.1448175305578254,0.7609666532457121,-1.10509574549164,-0.8308975052741131,0.3200070839331346,-0.9462410444154932,0.09152680776604524,-0.4264341685166973,0.6872149267294929
2015-06-11,-1.4359781184357165,1.1611188390798615,-1.079443991582944,-1.487296279223457,0.8702743443769992,-1.292548872840651,-0.9454411674247829,0.2838732326784868,-0.9743991194524255,-0.16092542319510886,0.09179698484054256,-1.6410077487519685,1.2593729628766135,-1.14651195652368,-1.6727466105858748,0.9615664499687419,-1.4182016016681454,-1.1663979015701516,0.43469764633443386,-1.2348754409876848,0.24579775226791348,0.10000060728071071,0.6477751564847413
2015-06-12,-1.155739589735824,1.001474556650044,-0.9669520388162832,-1.3825135145710428,0.8120529763721137,-1.2323078032234662,-0.9018560715622226,0.2535493698424367,-0.9393365349177929,-0.24213186358715644,-0.12601452314048545,-1.336217740283567,1.123262083488934,-1.03819817170717,-1.5645203425445104,0.9162171299735797,-1.3596378480653364,-1.1218014132973353,0.41591296028072944,-1.1982425107613641,0.1771446459803649,-0.11751128731471601,0.6559767238916427
2015-06-15,-0.8330837352569771,0.8418302742202266,-0.8073061133894875,-1.2356890218416376,0.7538316083672252,-1.138307891335042,-0.8307489396643535,0.22322550727463347,-0.8797030847888956,-0.23025994640076872,-0.07675171839774259,-0.9852942570807928,0.9871512041012545,-0.8844818036627943,-1.412870718125063,0.8708678099784152,-1.2682552130374045,-1.04904423997835,0.39712827439319554,-1.135938261182474,0.18718133750999222,-0.06831624664858232,0.6558195590681976
2015-06-16,-0.5388841045933633,0.6821859917904092,-0.6408904359743317,-1.0861506352252033,0.6956102403623368,-1.0386903864396513,-0.7557184063654112,0.19290164497199963,-0.8159004822849204,-0.32041329632584975,-0.2957062747379384,-0.6653200253526853,0.8510403247135749,-0.7242471252673717,-1.2584180124142628,0.8255184899832507,-1.1714113978745337,-0.9722726227053058,0.3783435886699258,-1.0692781356724113,0.11096438372277438,-0.2869696172684918,0.6687757062391102
2015-06-17,-0.22053442735095166,0.5225417093605917,-0.43035621954520703,-0.9056352787958584,0.6373888723574482,-0.9114239324326014,-0.6593883718111748,0.16257778293148575,-0.7324396458378858,-0.433984304580451,-0.5464169790173823,-0.31907998022835243,0.7149294453258954,-0.5215325554339365,-1.0719703326330383,0.7801691699880862,-1.0476884742655224,-0.8737072491229061,0.3595589031090312,-0.9820793441750343,0.014949800849237313,-0.537335453255108,0.6858114952724683
2015-06-18,0.2787362687218295,0.3628974269307744,-0.045676280958851144,-0.6025218469155986,0.5791675043525627,-0.6831580155141193,-0.485064697016743,0.13225392115007978,-0.5783732101124356,-0.6243846111715564,-0.9618500481674385,0.2239314336197744,0.578818565938216,-0.15114037122412136,-0.7588956047955819,0.734819849992924,-0.8257782558832152,-0.6953383924119093,0.34077421770864585,-0.8211127450193544,-0.1460173887292518,-0.9521970681716734,0.7108556272302493
2015-06-19,0.5221024823139736,0.203253144500957,0.17911412829596768,-0.42059594764464014,0.5209461363476743,-0.5436328026678635,-0.38085531599620265,0.10193005962481613,-0.48546808665426555,-0.886069176640442,-1.5064513302863087,0.48861877210172516,0.44270768655053644,0.06530088895513704,-0.5709910271345708,0.6894705299977596,-0.6901378989235398,-0.5887108320813137,0.32198953246693274,-0.724046685843106,-0.3672493279721607,-1.4960492170815092,0.7494851959195543
2015-06-22,1.1718598618549887,0.043608862071139606,0.8018528813613902,0.00893639885247708,0.46272476834278575,-0.1976946884579206,-0.12191020015830761,0.07160619835274336,-0.25174131805854877,-0.7708867904706622,-1.0133530639360222,1.1953008908363434,0.306596807162857,0.664909924424032,-0.12734284683851743,0.644121210002595,-0.3538318769495852,-0.3237568932811591,0.3032048473820634,-0.4798520116731741,-0.2698724627630591,-1.0036292383129248,0.7495635114466798
2015-06-23,1.170861521252187,-0.1160354203586778,0.8813958774510161,0.09541025497112773,0.4045034003378973,-0.12356317482943491,-0.06771947268145667,0.041282337330951886,-0.2012901953858126,-0.8984102282795313,-1.206972676387993,1.1942150863889893,0.17048592777517746,0.7414985403224809,-0.038027177778702875,0.5987718900074306,-0.2817644364819702,-0.26830866964899047,0.2844201624522355,-0.4271413378526408,-0.37768263259416074,-1.1969825148483813,0.7774331928447039
2015-06-24,0.8940599742074647,-0.24570926571803658,0.6674683582879829,0.019008244257232354,0.3524180843154842,-0.1843507991041138,-0.11240968083483065,0.014544181627987566,-0.24075073080021614,-0.6517832222692386,-0.4152988366478958,0.8931631708682105,0.059927498392004494,0.5355167015591493,-0.11694000774506436,0.5582020143021508,-0.3408595268039868,-0.31403591434994027,0.267856709990693,-0.4683691896985673,-0.16918057320993227,-0.40639767211131256,0.7653527918301886
2015-06-25,0.9775736876680301,-0.40535354814785396,0.8300068366311137,0.13327915073419794,0.2941967163105957,-0.08382055642453877,-0.0410392439282798,-0.015779678901820693,-0.1739226299175774,-0.6476624740037527,-0.34848114348738213,0.9839934558792063,-0.07618338099567501,0.6920181875292507,0.001086213406190775,0.5128526943069863,-0.24312838757737296,-0.24100932602797112,0.24907202536563336,-0.39854806301085427,-0.16569683266806343,-0.3396718908770853,0.7817026292956734
2015-06-26,0.7473284367062514,-0.5393791360082412,0.6310174060363707,0.06806902827421737,0.24032612990972202,-0.13629806177094092,-0.07836726300295924,-0.0436711014704546,-0.20683799779672668,-0.6945931591698119,-0.4213326994655252,0.7335765973693557,-0.1904520559928374,0.5004196079321278,-0.0662669263565846,0.4708922501481467,-0.2941447409111803,-0.2792035420086081,0.23179416009577317,-0.4329376093290829,-0.20537271676417837,-0.4124232349723244,0.801168421245906
2015-06-29,0.2887190416625567,-0.3524133522657394,0.06489484718740945,-0.14455452177102837,0.24348022226393456,-0.3211288570124648,-0.2071996306033387,-0.04003702551391107,-0.325864721954922,-0.2874148740620495,0.6806834972150505,0.23478878954173882,-0.031047178766582348,-0.04467606789928598,-0.2858779797148053,0.47334901041275396,-0.47382921895119173,-0.4110254654699448,0.2340453566635742,-0.5572951756359211,0.13886173004236432,0.6880770693353667,0.7525373354513974
2015-06-30,0.524417100921799,-0.5120576346955568,0.3635081453346904,0.01807586778930003,0.1852588542590461,-0.17704032924373544,-0.10845224035932774,-0.0703608853267408,-0.2334429801527505,-0.38199529310624997,0.3523176326896965,0.49113617264744297,-0.16715805815426185,0.24284615678787141,-0.11790302514462081,0.42799969041758945,-0.33375260525786227,-0.30998664144452637,0.2152606724826604,-0.4607341472984402,0.05890206760654778,0.3601628926445917,0.7777556547124622
2015-07-01,0.9197925849253018,-0.6717019171253742,0.8997732278415362,0.285399536195142,0.1270374862541576,0.06619712398175193,0.05688630891270899,-0.10068474490604705,-0.07781037820388813,-0.6710648767418437,-0.4326835436098471,0.9211501956181253,-0.30326893754194134,0.759193320497782,0.15820577086456025,0.38265037042242495,-0.09728770899697954,-0.14081141014742898,0.19647598844640707,-0.29813123813462594,-0.18548156445541453,-0.42375846531884914,0.8219196348113984
2015-07-02,0.7463507696448416,-0.8238843473575824,0.7547529185150286,0.24359561957720297,0.06991921190419491,0.03500120186920022,0.03599750359240417,-0.1304322972017468,-0.09522207413215178,-0.751161057107751,-0.5797519421989432,0.7325132776562927,-0.43301792755269336,0.619559344981354,0.1150280412056809,0.33816026327051874,-0.12761503066675828,-0.16218494032016698,0.17804830877505087,-0.3163227505552798,-0.25319604076221985,-0.570624562104773,0.8470813423728397
2015-07-03,0.8627008651969807,-0.9835286297873999,0.9960461234454224,0.358165754860376,0.011697843899306413,0.14821780262358164,0.11054737486045246,-0.16075615632202134,-0.022714592318499587,-0.5458855707631967,0.024602903257794764,0.859056714681729,-0.5691288069403728,0.8518904551962215,0.23336332479763158,0.29281094327535423,-0.01755076466913466,-0.08590513884331964,0.15926362502315333,-0.24056788087240882,-0.07965315778146298,0.03289895537012298,0.8488277694041176
2015-07-06,0.9477865515090823,-1.1431729122172172,1.2191617721395918,0.4594419894074766,-0.04652352410557909,0.25269191640530836,0.1784711559743216,-0.19108001521672238,0.04432953912408542,-0.6237018399284144,-0.17580974444745062,0.9515966918644422,-0.7052396863280523,1.0667191586500966,0.33796782671809183,0.24746162328019206,0.08401443489099224,-0.016405185982322403,0.14047894141099154,-0.1705210482781205,-0.14544016398575602,-0.16723801217270637,0.8760997205344052
2015-07-07,0.753426250533588,-1.2814967242683593,1.0023160925602221,0.4016855620361135,-0.1024109641271293,0.20710472797138482,0.1500272584034819,-0.2202653859394034,0.020005769399946773,-0.545214942327953,0.050861454809806854,0.7402086359284182,-0.8231729778432928,0.8579275455729463,0.2783133347743091,0.20393022771018346,0.03969654864072012,-0.04550912436647024,0.12239951566795018,-0.19593420509390913,-0.0790861987444462,0.0591213866381133,0.8875824252372262
2015-07-08,-0.17597766558834574,0.3258591763098598,-0.40460038846552776,-0.09471685532377856,0.2117974116842584,-0.2772263328109071,-0.14879549118233162,-0.05892719224360144,-0.27129516629432815,-0.1646120428489162,1.0235486182045952,-0.2706196351860313,0.5472401793761403,-0.4967333455640413,-0.23440248500564845,0.4486708902558507,-0.4311490901583269,-0.35126605764424745,0.22234348828889233,-0.5002816168373296,0.2426810303710701,1.0304705578539897,0.7101030553488225
2015-07-09,-0.3564747669829721,0.22262592856120425,-0.5593350395826311,-0.20987618133272098,0.1727344834136226,-0.3785766276464757,-0.22034531879642777,-0.07885356068142864,-0.3370584720359593,-0.25215432012217304,0.6688619283545331,-0.46692994739689875,0.45922469946508965,-0.6457208534929001,-0.35334632205222627,0.4182443081469508,-0.5296774485032307,-0.4244761994362037,0.20999972531519773,-0.5689902594733512,0.16867151539566053,0.676271761784007,0.7316961994278427
2015-07-10,-0.139206678594812,0.06298164613138685,-0.38190845506839916,-0.10411081361856235,0.11451311540873411,-0.2837467812638747,-0.15775093098136383,-0.10917741869947133,-0.27781520757443173,-0.34532651218666593,0.34564046987790337,-0.23062717059115528,0.3231138200774102,-0.47488423431120863,-0.24410515940780972,0.3728949881517863,-0.43748798717669063,-0.3604293084773956,0.19121504224609842,-0.5070936707819225,0.0899023885386492,0.35349491468889177,0.7536813481394121
2015-07-13,0.42340017384034057,-0.09666263629843055,0.15375395672034978,0.21451126808514018,0.05629174740384562,0.009837749006452338,0.037113604931389814,-0.13950127650460448,-0.09353559410502499,-0.5546131097623161,-0.23373920557633512,0.38126923106932226,0.18700294068973067,0.04088264303270215,0.08498788306678492,0.3275456681566218,-0.1520778475226774,-0.16104293984293266,0.17243035930888992,-0.3145607382569338,-0.08703154623984875,-0.22508778769573942,0.7846525397480972
2015-07-14,0.3287032866455374,-0.25420577922561455,0.08993694704620143,0.18351884294819046,-0.0013969798454620639,-0.012985275425585058,0.021610750135916873,-0.16955438910561257,-0.10606893219890215,-0.6257504734653432,-0.38356869483873246,0.2782760231619815,0.05268346868017224,-0.020564079897041742,0.05297694575996749,0.2826112284175391,-0.17426540142572824,-0.1769055384766865,0.1538133945706303,-0.32765540614835487,-0.14717210858615962,-0.37471117710162816,0.8092213772605548
2015-07-15,0.6628717761063587,-0.413850061655432,0.487527049969777,0.39504721183171576,-0.05961834785034757,0.193823672814389,0.15463809615802843,-0.19987824649223312,0.022515834702218015,-0.7483503428196743,-0.6460775640272672,0.6417207543527774,-0.08342741070750725,0.36225876026260795,0.2714568267316283,0.23726190842237693,0.026785283174448563,-0.04079129209424332,0.1350287118926773,-0.19331172166029953,-0.250819822006273,-0.6368589488817799,0.8373717122717036
2015-07-16,1.0301239200885317,-0.5734943440852494,0.9791457360376935,0.6436176727086556,-0.11783971585523606,0.44357977854831254,0.3133224354228165,-0.23020210367319938,0.17712024501635185,-0.9746760482544972,-1.1408095114881536,1.0411475733332467,-0.21953829009518677,0.8356177807517352,0.5281961236500872,0.19191258842721245,0.26958733051435996,0.1215753182125758,0.11624402934212072,-0.03178305368304394,-0.44215886649347497,-1.1309103615301679,0.8772990877070632
2015-07-17,0.8975448720966397,-0.7331386265150688,0.904587754065646,0.6215735906612638,-0.17606108386012456,0.4356547549335575,0.30912516825320685,-0.2605259606508706,0.17679463888660768,-0.9687620044800892,-0.9754725095652853,0.8969533779538701,-0.355649169482868,0.7638290259380933,0.5054276011712152,0.14656326843204795,0.26188296647799236,0.1172806534331835,0.09745934691749904,-0.03212324271333058,-0.4371590478353307,-0.9658007910197647,0.8952007500086859
2015-07-20,0.7373666233652773,-0.8880999005616523,0.7729744888671782,0.5743366862601945,-0.23349722423852035,0.4018182215504612,0.28903671745103987,-0.29048581681062113,0.16102329777378743,-0.9224662410297924,-0.727901585958482,0.7227420373013941,-0.48776736977474555,0.6371041310891703,0.4566383380313001,0.1018255716282154,0.22898855712548002,0.09672605000996516,0.07890015163232594,-0.048600933854175674,-0.3980199357960386,-0.7185704167406155,0.9097295433960289
2015-07-21,0.22699418764237395,-0.48573020562705926,0.017660798697497898,0.3137185561354007,-0.18547199559104985,0.1341037344037287,0.1370925423318481,-0.2715846458867033,0.012287420940549486,-0.8824460720182316,-0.528484428956156,0.16765626901787717,-0.14471159487985483,-0.09015575278626697,0.18745544616077855,0.13923299670953976,-0.031271849284885085,-0.05874399060193337,0.09060883676168566,-0.20399823472344922,-0.3641863026071937,-0.5194275705408282,0.8747311847116617
2015-07-22,0.7582423668012572,-0.6453744880568767,0.6890970719124575,0.627407983165432,-0.24369336359593832,0.45736115432201335,0.3342843571959669,-0.3019085022683938,0.20626047439543968,-0.8730400206749169,-0.43345058432505323,0.7454466884004239,-0.2808224742675343,0.5563420830710044,0.5114537308415787,0.09388367671437525,0.28298498597180055,0.14302366150588505,0.07182415470625542,-0.0013377227471939308,-0.35623428994045014,-0.4245244509214595,0.8916378666872751
2015-07-23,0.4126126506106258,-0.6184830448594025,0.2611979447207249,0.46203309689056343,-0.2642612123915864,0.2952463470671641,0.24144701993556092,-0.3150667755252109,0.11769232165856881,-0.7617173504468834,-0.08915733624661788,0.36953662131080156,-0.25789513903258077,0.14433595422412604,0.3406440864438089,0.07786313325054448,0.12538400564771424,0.048032033278915434,0.06367301533873673,-0.09387257157669722,-0.26212048474862276,-0.0807047997922975,0.8839993470626433
2015-07-24,-0.024654689835254234,-0.3706685611454792,-0.270896618642468,0.22324619954795924,-0.22982595799282524,0.05000621476147213,0.10111190196391866,-0.3029627665106767,-0.0197559552061315,-0.779367983550021,-0.12043312019220402,-0.10603937109736213,-0.046611359933668585,-0.3679955914616599,0.09400987286590808,0.10468516482344045,-0.11302780830476845,-0.09555956194486895,0.07117107093140772,-0.2374767354722365,-0.277042586796466,-0.11193756193613344,0.8687379746227782
2015-07-27,-0.9241629996385623,0.7139376504626012,-0.8966354587251855,-0.308128927118623,0.1730300999730868,-0.46570128919523646,-0.22237003772071556,-0.10176131187242188,-0.338394369890998,-0.5284825603597382,0.5415176994707135,-1.084352905050956,0.8781114237727561,-0.9704932849334622,-0.45482797350987425,0.4184745674213444,-0.6143762635158748,-0.42654790197524334,0.19580908883046835,-0.5703859880986837,-0.0649403995669193,0.5491027028712617,0.7489475139067777
2015-07-28,-0.9486445210378907,0.5740814679141667,-0.9503087711861611,-0.3817275834844418,0.12431658005294345,-0.5336997447906806,-0.272006919512089,-0.1269694879357398,-0.38434603134835693,-0.6517832222692386,0.15745838526079894,-1.1109792335191995,0.7588716507928512,-1.0221730671161606,-0.5308453217613155,0.3805310240342513,-0.6804814111198133,-0.47733660790555776,0.18019341097649166,-0.6183956836272104,-0.16918057320993227,0.16557168632784228,0.7741775997838614
2015-07-29,-0.620949899715101,0.41443718548434927,-0.7435719251640361,-0.2505349726846832,0.06609521204805496,-0.4169187666668551,-0.19679360997645345,-0.15729334336890066,-0.31293398095773545,-0.6621021087728367,0.1130747216616349,-0.7545755410241466,0.6227607714051717,-0.8231148260335073,-0.3953412938941339,0.3351817040390868,-0.5669520121267424,-0.40037797307215456,0.16140872950864593,-0.5437853063832231,-0.17790431000322787,0.1212490752407314,0.7837679848758674
2015-07-30,-0.2880838280153843,0.2547929030545319,-0.49964886073446113,-0.09622735962821663,0.007873844043166467,-0.2744666925784502,-0.10549710829320089,-0.1876171986188442,-0.22543733389089948,-0.8170245500548702,-0.29667785353975473,-0.39254733140259424,0.4866498920174922,-0.5882515343702224,-0.23596262940794624,0.28983238404392236,-0.42846628768431666,-0.3069629355211248,0.14262404815429758,-0.4523699526784652,-0.3088779960349519,-0.2879398596027501,0.8091344800587241
2015-07-31,0.3556378697058913,0.09514862062471446,0.05605319838273668,0.25797021597269715,-0.050347523961719036,0.062429919368900855,0.11078920075765787,-0.21794105368766872,-0.017653482400345907,-1.0380115873844986,-0.8229380989999651,0.3075703241174706,0.35053901262981274,-0.05318932082537711,0.12987503372058343,0.2444830640487602,-0.10095002183638237,-0.08565770137472277,0.12383936691214684,-0.2352800993537266,-0.4957036528266658,-0.8134762010997987,0.8405052854485937
2015-08-03,0.35667725043139326,-0.06449566180510292,0.08401808479900402,0.2759019688870303,-0.10856889196660753,0.08682247376011443,0.12540782626036465,-0.2482649085774631,-0.0010378414605706026,-0.7985110073650377,-0.09926676536548192,0.3087007641807886,0.21442813324213322,-0.026263104191973412,0.1483960825189787,0.19913374405359568,-0.07723663901984225,-0.070699850579764,0.10505468578089967,-0.21792029478452343,-0.2932263776669018,-0.09080032275756628,0.8341651011477427
2015-08-04,0.15741471071675997,-0.1803554608639849,-0.09352101218862882,0.17720603097580587,-0.1540154813439212,-0.0037813990435577754,0.06857971017023694,-0.27243768200062424,-0.053699690597440695,-0.9606432282417153,-0.5000352219431085,0.09198098817847652,0.1156474008816307,-0.1972080569169397,0.04645667419732658,0.1637348519460177,-0.1653177922273352,-0.1288466634437597,0.09008040752827587,-0.2729407067314662,-0.43029531627257533,-0.491017497195739,0.8640707915773812
2015-08-05,0.4087636801191623,-0.3399997432938023,0.1909147650619626,0.32809572469870396,-0.2122368493488097,0.15222440722402233,0.16368005171229189,-0.30276153653849447,0.04090875192997329,-1.0095834711617757,-0.5584255695088399,0.36535044550503254,-0.02046347850604881,0.07666322732631854,0.20230509537331332,0.1183855319508532,-0.013655717551027811,-0.0315395179072461,0.07129572661503474,-0.17409504204567133,-0.47167010973364165,-0.5493275251774286,0.8850886460037165
2015-08-06,0.4601713088786826,-0.4996440257236197,0.28636421329275197,0.3768181126418817,-0.2704582173536952,0.2101971421990106,0.19807602381127876,-0.3330853909034287,0.07738436434018714,-0.9902385641480356,-0.43400852149062535,0.4212618566790972,-0.1565743578937283,0.1685674990742649,0.2526286598893427,0.07303621195569104,0.04270285955145522,0.0036546129300852248,0.05251104580892201,-0.1359857987562652,-0.45531564386953866,-0.42508162060947874,0.9015464102917554
2015-08-07,0.2597991063929277,-0.6060552829786687,0.07505206305117157,0.28180647595734515,-0.31690666197059325,0.12042873168892233,0.14478880448791526,-0.3580930161125915,0.02774002145459574,-0.9371102920703415,-0.2389946769702748,0.20333520121243634,-0.24729937216475703,-0.03489611061039067,0.15449463094880683,0.03685696281759929,-0.04456609347073541,-0.05086913663648872,0.037019602946162466,-0.18785355959583186,-0.410400229621423,-0.23033602985926852,0.9115579758661989
2015-08-10,0.0026781674940487177,-0.6173734576878889,-0.23246344929565138,0.14210606998073327,-0.343257641830741,-0.020375116015870737,0.06266918884803399,-0.37422286643845915,-0.051482836532881986,-0.7772461431201959,0.20470448630294907,-0.07631190337365991,-0.2569491177697247,-0.3309899041030053,0.010203214007615537,0.016331869388608783,-0.18144948375102066,-0.1348943384486064,0.027027664382700316,-0.27062456656819045,-0.2752487520236237,0.21275279739576694,0.9047779395831786
2015-08-11,-0.35658827893688155,-0.4148699197803338,-0.6358246632815813,-0.07133056830047145,-0.3166544103772847,-0.24189251342358659,-0.0667331846061794,-0.3667006794299947,-0.17911190598098634,-0.657971632582711,0.4867967312814191,-0.4670534040448973,-0.08429693001705148,-0.719369505136534,-0.2102476483178345,0.03705344460111351,-0.39679908433016187,-0.2672994947530255,0.03168742432671622,-0.4039697508435983,-0.17441234533232403,0.49445700680461385,0.8833194631700234
2015-08-12,-0.950535778423042,0.22852170170087693,-1.053939174720949,-0.4404730767635866,-0.11710226155823622,-0.6046383897686207,-0.2947791678624413,-0.2761861182525172,-0.40403101170242744,-0.2502733594566317,1.472590595572418,-1.1130361824944544,0.46425136784617554,-1.1219544377196027,-0.5915213835443867,0.19248700040072786,-0.7494448832461467,-0.5006372864151238,0.08775836832882321,-0.6389622939153049,0.17026170691089842,1.4788948498278525,0.7957049093700972
2015-08-13,-0.8005429021301458,0.06887741927105955,-0.9726161643152481,-0.4104170847055971,-0.17532362956312472,-0.5796329942129336,-0.28267038746132817,-0.3065099717821142,-0.39193300341823156,-0.3588003260183853,1.005920018269474,-0.9499025468462694,0.3281404884584961,-1.0436519206676946,-0.5604776535616224,0.14713768040556335,-0.725135722844946,-0.48824752169235747,0.06897368804017584,-0.6263224529214202,0.07851143027694148,1.0128662071633594,0.8195855102862067
2015-08-14,0.20008470211950136,-0.09076686315875786,-0.061296780268292245,0.1228961692269486,-0.23354499756801023,-0.04999224224941199,0.039121193548620786,-0.3368338251503528,-0.07739528291992277,-0.623019175243405,0.2000879572531053,0.13838926437562868,0.19202960907081656,-0.16618069508123087,-0.009637986736835389,0.1017883604104012,-0.21024196858215996,-0.15898876511982765,0.05018900785148496,-0.29769755200519193,-0.14486302932805586,0.20814261867107894,0.8466050093106577
2015-08-17,-0.0629367113265016,-0.14128094875846667,-0.31300913524523916,-0.01929137952376356,-0.2574855348570281,-0.19121618475323582,-0.04663848124695099,-0.35123662128824795,-0.16027946705689977,-0.5038355086976701,0.48254466491590375,-0.14767525074830062,0.14896188056971293,-0.40854396802736664,-0.15649828207534539,0.08314078953428095,-0.34753375679522763,-0.24673849368212172,0.041266925423905025,-0.38429386470302923,-0.04410342346919139,0.4902107894229809,0.8458897645580822
2015-08-18,-0.12346121374708253,-0.29278141418470166,-0.3758124397792224,-0.05900261219684648,-0.31330808040937363,-0.2293592055589824,-0.07142910549264427,-0.3804634635456047,-0.18298698322844661,-0.5311554440116903,0.3524468284104084,-0.21350225780153065,0.019794325910353953,-0.4690146367797332,-0.19751455536978205,0.039659941042617004,-0.3846147463315975,-0.272104384511756,0.023161809360231995,-0.4080183809235515,-0.0672000942976059,0.3602919106484895,0.8668985340141856
2015-08-19,0.04191158305625023,-0.45242569661451904,-0.19454764216810308,0.0290277011552338,-0.37152944841426216,-0.13556038894351147,-0.018283794067510382,-0.41078731644081873,-0.12874598379265578,-0.4464230325982826,0.5267641621692267,-0.03364127875639512,-0.11631655347732554,-0.29448236313359744,-0.10659127881555888,-0.005689378952547483,-0.2934276074011083,-0.2177258358170391,0.004377129464565054,-0.35134809337602096,0.004433919195425461,0.5343694599853522,0.8779739393548393
2015-08-20,-0.6544480242665175,0.30445393322276176,-0.7913148457287678,-0.3729923968286722,-0.12337781157298654,-0.5397670691068231,-0.26498538824123946,-0.2982399193369269,-0.37490900915352815,-0.3697381793789949,0.6578627510554905,-0.791008410241197,0.5289903152673346,-0.8690844825056158,-0.5218230683827692,0.18759889942479963,-0.6863798005165637,-0.4701521419595591,0.07409672726741534,-0.608536006133501,0.06926440989655933,0.6652877145429672,0.8022180322708307
2015-08-21,-0.9890903451791597,0.3815759567924373,-1.03681609355715,-0.603914156005707,-0.07976983615398194,-0.7580170871875308,-0.41214694550475245,-0.27811890935962447,-0.5173051055327196,-0.3338104705362829,0.6673904982199599,-1.154968484889165,0.5947436657065565,-1.1054673407943814,-0.7603336697033208,0.22156567312636674,-0.8985529967083029,-0.6207285840398239,0.08656106459642277,-0.7573095872141241,0.09963821771203342,0.67480235569384,0.7966945173208908
2015-08-24,-3.0115785190872804,3.000165325129342,-1.2270476049520824,-2.249556082102123,2.1774576070138085,-1.359001201101168,-1.4316314135645638,1.42922810886595,-1.213327348525081,1.8396349942719017,3.1571747265923498,-3.2912524612218865,2.8485832817755052,-1.288633287191365,-2.460056756650086,1.9797471300355935,-1.4828036713742867,-1.663870195280431,1.1442092242486779,-1.4845045331064264,1.9371006379990705,3.2865931919825107,0.662322290898506
2015-08-25,-2.8309987838353443,2.865457378097012,-1.052370138333448,-1.9298471454063695,2.11923623900892,-1.217892456591867,-1.2663675972971442,1.3989042565764758,-1.1017626469204753,1.635518909105303,3.1571747265923498,-3.158245090788122,2.7124724023878257,-1.1204436783677976,-2.1298411415836913,1.934397810040429,-1.345623873652252,-1.4947714311677698,1.1254245447282478,-1.3679431904716588,1.7645379296438217,3.2865931919825107,0.6758796535063066
2015-08-26,-3.006305771953886,2.7527820422951037,-1.1379371742603874,-2.1786900671688505,2.1069530724046044,-1.3451893963229795,-1.4456198450972162,1.4131761383914259,-1.2254069054922214,1.4128463686153303,3.1571747265923498,-3.2912524612218865,2.6164067067808316,-1.202832589652871,-2.386861853341004,1.924830304638525,-1.4693764341592095,-1.6781832284504896,1.1342655298210407,-1.4971250964053195,1.5762873239557336,3.2865931919825107,0.6671585969267324
2015-08-27,-1.6883219428579168,2.5931377598652863,-0.8031075626236568,-1.5666992458036555,2.048731704399716,-1.052164576098354,-1.0991391593223019,1.382852286394482,-0.9860724358272638,0.7729304972543763,1.53477941149605,-1.915459219573656,2.480295827393152,-0.8804391951649696,-1.754759017615737,1.8794809846433604,-1.1845104203219154,-1.3236624562892114,1.115480850481824,-1.2470715694233063,1.0352931353231896,1.5409981211360593,0.6408776026274305
2015-08-28,-1.1665948852921846,2.433493477435469,-0.6708243677806065,-1.3381781972789357,1.9905103363948273,-0.946566286752052,-0.9794277301950096,1.3525284345412947,-0.9043942392993914,1.0212421963869118,1.975858628448768,-1.3480240598496156,2.3441849480054726,-0.7530692531497302,-1.518728022129304,1.8341316646481958,-1.0818523460637053,-1.2011731227327995,1.09669617123166,-1.1617352568231374,1.2452194587857948,1.9814706059710185,0.5950247892140034
2015-08-31,-1.2049427847778016,2.2818131783334064,-0.7078234086207038,-1.4029159113367733,1.9380392763507817,-0.9900021223357716,-1.0364820637716412,1.3274436975898085,-0.9470680109222703,1.252212072379863,2.3153338799330934,-1.3897315890148265,2.2148640692220805,-0.7886940782986388,-1.5855932286091114,1.793261328310116,-1.124078780435173,-1.2595514024614267,1.0811569600526267,-1.2063202558784913,1.4404847526370301,2.320478887962465,0.574960210825047
2015-09-01,-2.16400285691887,2.4224006593672147,-0.9932582709098444,-2.001969749462368,2.089734148048303,-1.2617530475861258,-1.4225108055075666,1.4891297434480242,-1.1985352680918235,1.9300494785668096,3.1571747265923498,-2.432814168935943,2.3347273388811285,-1.0635273396364122,-2.204333929632359,1.9114182784810345,-1.3882632368007546,-1.6545379434589034,1.1813164162252314,-1.4690499607294691,2.0135383585821303,3.2865931919825107,0.6473946877357519
2015-09-02,-2.3102536608294866,2.305189547208111,-1.0779006300087182,-2.1814710605381458,2.0603507828595014,-1.3605819334759424,-1.5588766573452548,1.4853402409184722,-1.2931436169847104,1.6032219501102858,2.4349856317315934,-2.591877892147834,2.234794492510654,-1.1450259183730975,-2.389734239222452,1.8885312238455292,-1.4843403907900699,-1.7940681657043476,1.1789689377492134,-1.5678955275871338,1.7372336105781794,2.4399660512744252,0.6477932594983146
2015-09-03,-1.3792703070366972,2.1455452647782938,-0.7946890571989819,-1.741466756422647,2.002129414854616,-1.1519750649205776,-1.3168189543255726,1.4550163896239638,-1.1299871405960542,1.1660009672146086,1.0001646232233514,-1.5793318100553269,2.0986836131229745,-0.8723333692581486,-1.9352699586270383,1.843181903850367,-1.2815418460835382,-1.5463935122378882,1.1601842588451337,-1.3974317727086425,1.3676006299307126,1.0071187290239751,0.6162050629635584
2015-09-04,-2.229451514382498,2.274654036039394,-1.0603123283455698,-2.27896178135961,2.1175590737115755,-1.3918802536066261,-1.6688922834954318,1.5812258728382207,-1.3526576105604924,1.5657211475807105,1.8990281167811647,-2.503996732429727,2.20876026682798,-1.1280908801345695,-2.490428823090034,1.933091445927726,-1.5147672593693144,-1.9066367051175512,1.2383670923448813,-1.6300749705200381,1.7055298864708066,1.904745779489343,0.6699051794078488
2015-09-07,-2.5443981938597657,2.2106489541825822,-1.1922091034623026,-2.55171427287843,2.1164133136581955,-1.5278742948915736,-1.865517095586078,1.6026418300751595,-1.4816913327062258,1.5537024707457325,1.6248368460121794,-2.8465356457986655,2.154190270056308,-1.2550887547969374,-2.7721448510454545,1.9321989997163276,-1.6469747645791808,-2.1078241971491467,1.251633609061782,-1.764887717582029,1.6953691221988605,1.6309316760045793,0.6909155018824449
2015-09-08,-1.4262574074446805,2.051004671752765,-0.8323388843532937,-2.0081893927560075,2.0581919456533098,-1.273558308520068,-1.5640845242637615,1.57231797918304,-1.283049237077376,1.2473185134089149,0.6306727120189419,-1.6304354138234993,2.0180793906686283,-0.9085848092631936,-2.2107579706896074,1.8868496797211654,-1.3997397991683491,-1.7993968812058563,1.2328489304069694,-1.5573490513438295,1.4363476666801163,0.6381350771098779,0.645398620330143
2015-09-09,-0.46077240627881105,1.8913603893229474,-0.47813635094531326,-1.4877653869696896,1.9999705776484213,-1.021882720281912,-1.2689320245679105,1.5419941284219802,-1.086357604995521,1.199429702985992,0.42861128323527425,-0.5803650218375576,1.8819685112809488,-0.5675380406592714,-1.6732311347426143,1.841500359726001,-1.1550717142375202,-1.497395365988697,1.2140642518333444,-1.3518482039365676,1.3958617695508149,0.4363515964903751,0.6070396647272596
2015-09-10,-0.5938203542936621,1.7449137861987567,-0.5459433447906064,-1.5493386783806076,1.947680172898826,-1.0647150360572104,-1.3238475292138836,1.516726528011654,-1.1270214770057345,1.2788082667636884,0.5793289163675208,-0.7250691972065935,1.7571098215039755,-0.6328265520574855,-1.7368279253267567,1.8007707379578046,-1.196711432842163,-1.5535851852485334,1.1984117624521382,-1.394333286136108,1.462969562352392,0.586861908068535,0.5988428466120298
2015-09-11,-0.518765574489585,1.5852695037689393,-0.5274554064261597,-1.4981807902383757,1.8894588048939376,-1.0500981355655987,-1.3101607406051137,1.4864026775082149,-1.1214233017038284,1.3192775824189367,0.6106785229164214,-0.6434389264575756,1.620998942116296,-0.6150252913587643,-1.6839888221318995,1.7554214179626402,-1.1825015165131987,-1.5395807946282105,1.1796270840381011,-1.3884843857212832,1.49718291064904,0.618168391268066,0.5867560615576093
2015-09-14,0.03703264106329457,1.4256252213391218,-0.26683585777107405,-1.164495698185175,1.8312374368890492,-0.8818066738882105,-1.121980534860248,1.4560788271313783,-0.9946834759133701,1.2030283654352174,0.23576339208742095,-0.03894766106666722,1.4848880627286165,-0.3640856550760074,-1.3393377496606507,1.7100720979674757,-1.018895860807517,-1.347033866083173,1.1608424057024902,-1.2560682716013445,1.3989041311470987,0.24376897970799707,0.5721484109244547
2015-09-15,-0.2350558941017056,1.304655687089196,-0.40612893079926876,-1.2803188521884608,1.7859565588388109,-0.9526568248036228,-1.2051486920946657,1.4360759090319783,-1.0546283836291812,1.097906616035164,-0.062061361877822886,-0.33487366139870894,1.3817508289030718,-0.498205114889294,-1.4589672302544996,1.6748022803948304,-1.0877733028466336,-1.4321319409038016,1.1484512226039938,-1.318697927997824,1.3100326746486601,-0.0536460976351136,0.579622818424013
2015-09-16,0.20483303130685043,1.145011404659379,-0.16600539973919246,-0.9999494833164335,1.7277351908339225,-0.8067757349085225,-1.0463714948095595,1.4057520589039867,-0.9468388673523004,0.7639914465405507,-0.908514297331469,0.1435535909938744,1.2456399495153923,-0.26700023460269395,-1.1693840095140735,1.6294529603996657,-0.9459540380457852,-1.2696703178057476,1.1296665444225347,-1.2060808496703657,1.0277359317836268,-0.8989346840050304,0.587166236773646
2015-09-18,0.6588993228057174,0.9853671222295615,0.11753988431372887,-0.6879089934230244,1.669513822829034,-0.6376184157627318,-0.8640921923235237,1.3754282088982799,-0.821223720763898,-0.0427710102053637,-2.858922044536925,0.6374002775048583,1.1095290701277127,0.006013631076650875,-0.8470888514221109,1.5841036404045012,-0.7815066332849007,-1.0831612230149652,1.1108818663168274,-1.0748397856867118,0.3456872121945704,-2.8466595230672938,0.6442054990164818
2015-09-21,0.5362886081609659,0.8264131184837107,0.0699524024553501,-0.686671287218728,1.6114637688032045,-0.6420234949644679,-0.8683281410295987,1.3452320874734578,-0.8262872197695698,-0.07035706299839162,-2.5571518686098744,0.5040477334122841,0.9740067144081989,-0.039806359982261695,-0.8458104701552396,1.5388877589169194,-0.7857890601178024,-1.0874954669361079,1.092176312078187,-1.0801300632928192,0.32236556177730696,-2.5453044509376563,0.6457635609919349
2015-09-22,-0.5248077013018418,1.3639738317969547,-0.5514674348447478,-1.2386206713068997,1.754996410133169,-0.9352021578492576,-1.212358411803928,1.4666213252253664,-1.0561920464266041,0.4223963277352836,-0.9590328902837346,-0.6500103993054331,1.4323247969583828,-0.6381454667595213,-1.4158987111531462,1.6506870502162445,-1.070804633113005,-1.4395089622020523,1.1673731540437573,-1.3203316224591921,0.7389464480256075,-0.949383785465269,0.6322738872720879
2015-09-23,-0.26218092639947754,1.2043295493671373,-0.4247720779484202,-1.0841524452509916,1.6967750421282835,-0.858505236530564,-1.1299772928075629,1.4362974755781488,-1.0022565321407098,0.49542085105499756,-0.644992676462577,-0.36437509670133705,1.2962139175707033,-0.5161558196192966,-1.2563541554005262,1.6053377302210823,-0.9962432146198533,-1.355216188846499,1.1485884761601228,-1.2639805018050854,0.8006824425706516,-0.6357755536479552,0.6160368454406581
2015-09-24,-0.1024526476896616,1.04468526693732,-0.33888002971363784,-0.9748812979104136,1.638553674123395,-0.8048575158754692,-1.0730779959320726,1.4059736260476954,-0.9655237506167482,0.5364586272714188,-0.45369641729855587,-0.19065314759439178,1.1601030381830237,-0.4334539676099434,-1.1434920017772836,1.5599884102259178,-0.9440892287467166,-1.2969965434465904,1.1298037983488198,-1.2256025715855707,0.8353763756970013,-0.44474243448233125,0.6062298547182176
2015-09-28,-0.5349673782374679,1.0318614639907613,-0.59336722326135,-1.2006117393550406,1.621491710267238,-0.9372732956403189,-1.2203647613208986,1.4056237166177612,-1.0687239354083329,0.697874195198251,0.021777367631216734,-0.6610601576438443,1.1491696112567087,-0.6784890162739196,-1.3766406817335806,1.546698642479584,-1.0728181033924002,-1.4477010991074655,1.1295870403841741,-1.3334247763371734,0.971839445471342,0.030077306444955102,0.6040938140436901
2015-09-29,-0.18876099406607402,0.8722171815609439,-0.394763750072632,-0.9997578223822607,1.5632703422623495,-0.8298894146702365,-1.1085976350711715,1.3752998673168166,-0.9934879585346736,0.6781467510113831,-0.02918883362370077,-0.28452290113970624,1.0130587318690292,-0.4872620588808422,-1.1691860499765134,1.5013493224844197,-0.9684241544467911,-1.3333404160244224,1.1108023627150447,-1.2548192106636127,0.9551615771150367,-0.020818787604650953,0.5957047723621258
2015-09-30,0.45497947000214706,0.7125728991311264,0.034771671279235465,-0.6073197319914413,1.5050489742574609,-0.6042840775207234,-0.8762046602935065,1.3449760181286634,-0.8318861027569727,0.26479082539315585,-1.0837759373477804,0.41561516483237954,0.8769478524813497,-0.07368041099283765,-0.7638511640230208,1.456000002489255,-0.7491004362548138,-1.0955547608766592,1.0920176851157863,-1.0859797030882052,0.605704463134269,-1.073955240646923,0.6174096643552489
2015-10-01,0.3988489340502597,0.552928616701309,0.019581535193116936,-0.5855951892679756,1.4468276062525725,-0.5956511306672326,-0.8660281324775909,1.3146521690519961,-0.8267659971824795,0.17698922360672822,-1.1663361877547087,0.35456707623627987,0.7408369730936701,-0.08830635614624922,-0.7414126819724166,1.4106506824940905,-0.7407078599674605,-1.0851420866718902,1.0732330075855898,-1.0806302836785622,0.5314757114421688,-1.1564019242530437,0.6261310709787464
2015-10-05,1.3228938643993033,0.39328433427148957,0.7610598703944388,-0.000713056468989134,1.388606238247687,-0.23884842484100058,-0.5095192597179186,1.2843283200855369,-0.5733161503866593,0.15247440149991293,-1.075788210656253,1.3595668649979322,0.6047260937059888,0.6256320445115285,-0.13730941473294558,1.3653013624989285,-0.3938397535143485,-0.7203604233868748,1.0544483301236638,-0.815829195088752,0.5107505241344346,-1.0659785015742753,0.6262480421468278
2015-10-06,1.3366244821537745,0.2336400518416722,0.8500621353374673,0.10595828990187918,1.3303848702427985,-0.1699853147761775,-0.438669428735931,1.2540044712280225,-0.5228700880813095,0.19287881955506533,-0.8303511792365103,1.3745004115058903,0.4686152143183094,0.7113285937857471,-0.027132500018366864,1.3199520425037639,-0.3268940263586514,-0.6478665216530632,1.0356636527292258,-0.7631238082739499,0.5449090070556805,-0.8208790841796924,0.625707771131206
2015-10-07,1.2955238291898643,0.07399576941185479,0.8973922192112246,0.1782460442748146,1.2721635022379099,-0.12072990911247408,-0.3875256463253285,1.2236806224781986,-0.4861257154375139,0.20023655713567878,-0.7014976999320448,1.3297989622689004,0.33250433493062986,0.7569007471173129,0.047530865725279474,1.2746027225085994,-0.27901005850704713,-0.5955359474656348,1.0168789754014984,-0.7247337678038714,0.5511293454638052,-0.6922028509148819,0.6293373361747511
2015-10-08,0.8418751559747122,0.05201621698529044,0.5007768664740404,0.005875135589656536,1.2346456039639744,-0.22966720014985567,-0.4857706294241027,1.206314126036332,-0.5576782278197608,0.25083810555528435,-0.4783421817388459,0.8364064812549998,0.3137648212832027,0.37501645304333425,-0.13050471319627405,1.2453795827461007,-0.38491416530681694,-0.6960607059850054,1.0061209731879608,-0.7994908979015619,0.5939086307667221,-0.4693542971283905,0.6226756547234255
2015-10-09,1.0713489931515308,-0.10762806544452697,0.7810286393216275,0.20127642512814625,1.176424235959086,-0.09913164853698596,-0.36054150876991514,1.1759902774981912,-0.4665838591471247,0.10591879602894949,-0.7858638725002102,1.0859843430175387,0.17765394189552322,0.6448591348716414,0.07131810000560679,1.2000302627509363,-0.25801316687431086,-0.5679256428368048,0.9873362959913646,-0.7043166916675839,0.4713917378700852,-0.7764529725230788,0.6415655371621801
2015-10-12,0.6583884680475784,-0.12001611987167221,0.38647398055294485,0.03488426970669979,1.138315650098493,-0.20704647334144163,-0.45494120166114654,1.1577746093283798,-0.5359123994094009,0.15133082660181488,-0.5651057153676841,0.6368446671582666,0.16709202914601753,0.2649589966202569,-0.10054224432065753,1.1703470293612617,-0.36292327637435173,-0.6645158811663605,0.97605225841085,-0.7767502447507022,0.509783729276196,-0.5559984820768111,0.6362734440375246
2015-10-13,0.495400155377065,-0.26905354702376993,0.26505814489783225,-0.011940172453849028,1.0814827209378703,-0.2363985627624181,-0.4782785044956702,1.128270747530022,-0.5535525296165194,-0.10963636368091195,-1.1592242374086725,0.4595770750482054,0.04002443259574846,0.14805277912625164,-0.14890549036560868,1.1260791809906912,-0.3914581039181063,-0.6883947262527841,0.9577755373924723,-0.7951804223213914,0.2891582694537079,-1.1492997568406145,0.6678560373631792
2015-10-14,0.2845018672401155,-0.3809743642353429,0.06511531922225561,-0.0971670084852592,1.0290239931675311,-0.29328721853107725,-0.525921490362964,1.101276930869356,-0.5893787770405432,-0.18185747083181808,-1.1920315582031435,0.23020215174467468,-0.05539796913762978,-0.04446378462076634,-0.23693315819103755,1.0852184504081224,-0.4467627862619333,-0.7371432678921714,0.9410537109515796,-0.8326112175572314,0.22810149462774043,-1.182061949108375,0.6817749318906463
2015-10-15,0.6517091420665121,-0.5406186466651604,0.5202175733737832,0.13975542821804043,0.9708026251626426,-0.12671378056272492,-0.37687778476977035,1.0709530827401972,-0.4788371724052242,-0.3197763579977768,-1.3892004938304594,0.6295801706174908,-0.19150884852530928,0.393735094617522,0.007775322490128649,1.039869130412958,-0.2848273186491779,-0.5846410022189749,0.922269034008335,-0.7171187932691312,0.11150286065298703,-1.3789596665026127,0.7026458937805536
2015-10-16,0.893982558378248,-0.7002629290949777,0.8827894421820426,0.32374696222989024,0.9125812571577542,0.008003574890055858,-0.2571075032470418,1.0406292347103638,-0.3889914648783101,-0.5539411420276329,-1.8078540133307037,0.8930789726983442,-0.32761972791298877,0.7428403453733486,0.197813418386556,0.9945198104177935,-0.15386095200106553,-0.4620914505969385,0.9034843571266196,-0.623249171886346,-0.08646345493959842,-1.7970373018379933,0.7359205318352989
2015-10-19,0.9791823871494568,-0.8599072115247951,1.0830385704722134,0.4286088120916547,0.8543598891528656,0.09007384840248273,-0.183478248663328,1.0103053867787135,-0.3329513984508504,-0.39493473150305475,-1.1632682150676525,0.9857430922723243,-0.4637306073006683,0.9356518350654669,0.3061213706351813,0.9491704904226289,-0.07407579369229249,-0.3867536287200936,0.8846996803057254,-0.5646992426508735,0.047962878112853186,-1.1533381717547746,0.7326122835978781
2015-10-20,0.7672299491921332,-0.9949338699027845,0.8672051805302228,0.36406187760719694,0.7981574919842688,0.049872157441454644,-0.21258204629776228,0.9810468137263184,-0.35432331744594264,-0.36458754709671937,-0.9323180943077531,0.7552216659016764,-0.5788527835094373,0.7278349132374096,0.2394532133677508,0.9053937709632026,-0.1131581330136099,-0.4165327801527599,0.8665749080054359,-0.5870283443911196,0.07361882937136945,-0.9227057373661203,0.7397743773975654
2015-10-21,0.6022389573876828,-1.139211423883803,0.6948712225919768,0.31302993230423104,0.7410907335325951,0.01840173230291858,-0.23439902353541037,0.9513186352831745,-0.3703649476855488,-0.46152791977804625,-1.0579384582573381,0.5757759414947324,-0.7018621669296855,0.5619017706648078,0.1867441919046129,0.8609437901607176,-0.14375231461265503,-0.43885602047773625,0.8481592298307188,-0.6037884300802815,-0.008335972207366493,-1.0481533026289311,0.7607049733869254
2015-10-23,0.7636740634566095,-1.2988557063136201,1.02889962889567,0.4405535837904113,0.6828693655277066,0.12189594163628235,-0.14733185620651562,0.9209947876393638,-0.30294003751020865,-0.5761707641668898,-1.2127294240815616,0.7513542517796032,-0.837973046317365,0.8835237181300372,0.31845868648908937,0.8155944701655531,-0.04313973563235682,-0.3497684590100609,0.8293745531881322,-0.5333437648409152,-0.10525670094435623,-1.20273134377456,0.7859894345534088
2015-10-26,0.4576784866868568,-1.2351114279232036,0.5105048363777241,0.30492309749883156,0.6397211638017136,0.02324006318109906,-0.22027338844242828,0.8981206480399192,-0.3585153530791704,-0.3045175961512526,-0.35608257869475785,0.41855064027183986,-0.7836254075820603,0.38438310739446535,0.17837094006757032,0.7819858196933817,-0.13904869930171782,-0.4244025999379093,0.8152047380347227,-0.5914081284514361,0.12440283993798476,-0.34726286983373755,0.7554488628906
2015-10-27,0.23184818136801497,-1.255947658702497,0.15940825060762034,0.19741793690184267,0.5912962502521187,-0.05560484655303415,-0.27793588252957624,0.8725520531750658,-0.40270786987127605,-0.4846141663277599,-0.7697105496412823,0.17293551736251875,-0.8013901383405265,0.046326925546541144,0.06733280927196743,0.7442670752606784,-0.21569829891620218,-0.4834031525453382,0.7993657919885865,-0.6375798926170715,-0.02785342095288808,-0.7603218695725265,0.7747833086553843
2015-10-28,-0.16065761074402982,-0.8342940694858991,-0.43983127219717777,-0.019973976310579143,0.5832233780604801,-0.22553274599935152,-0.40469852407526424,0.8663109056065462,-0.501032451588743,-0.35302075156779256,-0.32986526857023907,-0.2539574022396977,-0.4418931369338339,-0.5306556863675727,-0.15720331121882272,0.7379790185412288,-0.38089482840441957,-0.6131073219465012,0.7954995959724872,-0.7403081309769788,0.08339756661216,-0.3210816232630712,0.7308148963015824
2015-10-29,-0.49199865739088733,-0.5828407663730238,-0.820278153535317,-0.2239589189481055,0.5725200349695962,-0.3857648733506727,-0.5263177642733993,0.8587390711737316,-0.5956272476860272,-0.21593165600055805,0.06714654784969157,-0.6143269805483756,-0.22750694225958137,-0.8969720372344431,-0.36789186435562543,0.7296420565721151,-0.5366655490288721,-0.7375487373410691,0.7908090809995082,-0.8391395380508658,0.1992946826956144,0.07538407851147684,0.704482324642777
2015-10-30,-0.7042668627521913,-0.5241959848194641,-1.0530457893917904,-0.376840972177204,0.5434005726870151,-0.5075510270050184,-0.6194123581899009,0.8422482681399277,-0.6686371368205284,-0.14253878847075224,0.24929373967942686,-0.8451918384599315,-0.17750707588627412,-1.121094234443539,-0.5257981204691429,0.7069605590671267,-0.655060762463335,-0.8328035918663783,0.7805935435055446,-0.9154193163385682,0.2613420807953981,0.25728071545856274,0.6991458922178171
2015-11-02,-0.7096113673046532,-0.6595724485438351,-1.1039838668818336,-0.420508698534265,0.48838318952012044,-0.5455084065730743,-0.6475377604723723,0.8134225706335414,-0.6918181502910212,0.2317906990935121,1.1801937068613446,-0.85100457090383,-0.2929274921108198,-1.1701403735541973,-0.5709009107338714,0.664106861189011,-0.6919612796446866,-0.8615816442770858,0.7627369240878896,-0.9396385363507492,0.5778056761979826,1.186900171369938,0.6806705660864697
2015-11-03,-0.5690659445084825,-0.8192167309736526,-0.9756145510041775,-0.37853223375587,0.4301618215152319,-0.5145529410150618,-0.623635648168177,0.783098723623806,-0.6742893584364411,0.24916078440212705,1.0744792347430614,-0.6981460728130344,-0.42903837149849927,-1.0465389414957094,-0.5275449624192283,0.6187575411938464,-0.6618677194021484,-0.8371248833138678,0.7439522478380929,-0.9213246836361475,0.5924905990582747,1.081331116136153,0.6924339286206124
2015-11-04,-0.624096543518014,-0.9210383746964153,-1.0808221591102716,-0.44079641207261466,0.3783484574648278,-0.5691474044299195,-0.6631732840417469,0.7556416963386702,-0.7067376347892644,0.20419329549712348,0.8224646576746629,-0.7579978598458528,-0.5158503340496601,-1.1478389362526715,-0.5918553447062074,0.5783994921327107,-0.7149420875005732,-0.8775799902644333,0.7269434768807824,-0.9552262188302588,0.5544744296464003,0.8296632009193537,0.708507274673707
2015-11-05,-1.0502383592793876,-0.297444613410695,-1.346697327975543,-0.7201643255220989,0.43104603318088713,-0.7950636033346062,-0.8369447493257376,0.7750384727857579,-0.8430940631158514,0.19004562173575168,0.6821700067675894,-1.2214736289958594,0.015818535874222002,-1.4038389888809797,-0.8804041989327211,0.6194462642373498,-0.9345680120004766,-1.0553838234399955,0.7389591741546556,-1.0976896336382655,0.5425137803952832,0.6895615341008147,0.6704312931242116
2015-11-06,-0.9301315905885237,-0.4569674140688737,-1.2855077966874184,-0.7053835551204074,0.37284534663451246,-0.7905981219995355,-0.8338469260776397,0.7447238992716358,-0.8428299668454187,0.23066767624772497,0.7005988850981174,-1.090844399616756,-0.12018876955192469,-1.3449221547256276,-0.8651376842090664,0.5741130532776176,-0.9302268648348156,-1.0522141151848912,0.7201802425457926,-1.0974137093053562,0.5768562563438067,0.7079650623537428,0.679194435709548
2015-11-09,-1.050303557532729,-0.46492823219510115,-1.4242224041235767,-0.8213601920455572,0.33931811856572547,-0.8929574185337468,-0.9108105021759596,0.7252770131115361,-0.9056050987548383,-0.35302075156779256,-0.8856046243818891,-1.2215445392175204,-0.12697607154178797,-1.4784846342739386,-0.9849256916741669,0.547998294275139,-1.029736130843538,-1.1309636315270375,0.7081335038695671,-1.1630003469622128,0.08339756661216,-0.8760565247469863,0.7355642457223516
2015-11-10,-1.7126395943675297,0.49657725037824135,-1.5387883272895004,-1.2566405134754592,0.5528008340491507,-1.2038898852286615,-1.1854920648815015,0.8195507884055,-1.112865293654398,-0.4085624634912781,-0.9110254130123104,-1.9419073216384646,0.6927924461730026,-1.588795358231576,-1.4345107441059595,0.7142825350899826,-1.3320111814419102,-1.4120191815385523,0.7665331636216642,-1.3795430907222956,0.03644179520207772,-0.9014423454888106,0.7007546633718507
2015-11-11,-1.2492440659608985,0.3369329679484239,-1.2577442432288994,-1.0743146414066396,0.4945794660442652,-1.0719986097952787,-1.0866813935567843,0.7892269418998942,-1.0387911117174995,-0.38781330410848647,-0.7373606037968462,-1.437914071022563,0.5566815667853231,-1.318189793155859,-1.246193049236463,0.6689332150948205,-1.2037922071453877,-1.3109156079945712,0.74774848768416,-1.3021513532197195,0.053983436451305294,-0.7280164231068803,0.6938891747030587
2015-11-13,-1.4748755345099729,0.3762889516649267,-1.4182548529104604,-1.2627910115644,0.4970203287982327,-1.223240953644852,-1.2130045770369433,0.7873577163912767,-1.1385378120837144,-0.19855163159008274,-0.15370167727047676,-1.6833129372272038,0.5902360259321787,-1.4727387294151284,-1.44086336762157,0.6708344322919955,-1.3508234503786753,-1.4401701217031657,0.7465905608549563,-1.406365402563745,0.21398800821723646,-0.14516035602826882,0.6823826395309338
2015-11-16,-1.025325881410703,0.2166446692351093,-1.1204026866722454,-1.0704415377950922,0.4387989607933442,-1.0810156639824913,-1.107848284292763,0.7570338700461015,-1.0591043013376982,-0.14315043273663192,0.01085990299336343,-1.19437858829681,0.4541251465444992,-1.185949366730879,-1.2421926628083537,0.625485112296831,-1.2125581959134961,-1.3325736765567178,0.7278058850168339,-1.3233743083414604,0.2608249878334005,0.019174859464215738,0.6748225399713043
2015-11-17,-0.7157474407911425,0.0570003868052919,-0.8998393545280475,-0.9320422377337023,0.3805775927884557,-0.978525139425454,-1.033020376122482,0.7267100237797636,-1.0029041122897224,-0.37038243506324653,-0.5712381736126991,-0.8576782210210578,0.3180142671568197,-0.9735781818708059,-1.0992451103662344,0.5801357923016666,-1.1129213557158792,-1.2560093863296578,0.7090212092275487,-1.2646570850840877,0.06871974676696328,-0.5621225047410167,0.7007125362376375
2015-11-18,-1.270406831842809,0.4980429520400266,-1.2100738346460458,-1.276041668819758,0.5007313420912103,-1.2329284922433112,-1.2525331619065125,0.7784935808720901,-1.1708790767878596,-0.2578020600421077,-0.20588059318106094,-1.4609308903810097,0.6940420865551646,-1.2722899554308573,-1.4545494846905336,0.6737249849378114,-1.3602412549944158,-1.4806159676211283,0.7410995057157853,-1.4401551333854332,0.16389683389089557,-0.19726749656849774,0.678542647151551
2015-11-19,-0.44558606852981664,0.3383986696102092,-0.6184188176357927,-0.8503929140212656,0.44250997408632187,-0.9001087502175017,-1.0038650051331965,0.7481697347607134,-0.9775582683303794,-0.6724453955982823,-1.2408990907574073,-0.5638482208373752,0.5579312071674851,-0.702610146147203,-1.0149125235824146,0.628375664942647,-1.0366883451604616,-1.2261774647821324,0.7223148300224937,-1.2381760784608387,-0.186648675183646,-1.2308622613077076,0.7096812908032034
2015-11-20,-0.31435910760988844,0.1787543871803918,-0.5280652680174672,-0.7793644865910988,0.38428860608143334,-0.8506851368740721,-0.9670177680605168,0.7178458887254837,-0.9511123453061736,-0.6565956734772128,-1.0371063639368712,-0.4211245678278353,0.4218203277798056,-0.6156125015150832,-0.9415498703720928,0.5830263449474824,-0.9886408531023289,-1.188475187352728,0.7035301543763729,-1.2105457236032422,-0.1732490894838836,-1.0273498641603351,0.7164147656211476
2015-11-23,-0.32639524598523245,0.022427353632522365,-0.5536600992197621,-0.783944938499709,0.3269462903669557,-0.8632901316940395,-0.9755600872360815,0.6879138921457715,-0.9607590700588212,-0.3440454537618357,-0.09823455970022704,-0.4342151829347842,0.28853769664253387,-0.6402566913533618,-0.946280850869279,0.5383617292967259,-1.0008948820479016,-1.1972157310958695,0.6849882172310165,-1.2206244955895802,0.0909854139708173,-0.08976953695592131,0.6970772286610101
2015-11-24,-0.398965590233897,-0.11511604957611189,-0.6382770999946786,-0.8243580038387891,0.2740519966210677,-0.9063087131572314,-1.0061151043092438,0.6599135138381489,-0.9880858736749722,-0.5620115759781034,-0.6424302220653406,-0.5131433586596582,0.17126977273218927,-0.721730853623119,-0.9880220213401012,0.4971617311654712,-1.042715680070951,-1.2284797775230223,0.6676428572833932,-1.2491751829808662,-0.09328631722876424,-0.6332166240674034,0.7311978751113859
2015-11-26,-0.04424965590643279,-0.2747603320059293,-0.2932178209249756,-0.6211844896795022,0.21583062861617924,-0.7382531116426909,-0.8875094439780783,0.6295896680261613,-0.8948114564455701,-0.44445666980485465,-0.2550901039733679,-0.1273510369217582,0.03515889334450978,-0.38948774126804003,-0.7781715628677564,0.4518124111703067,-0.879339317379977,-1.1071218721342668,0.6488581817755639,-1.1517232904972872,0.006096310912207429,-0.24640931659336576,0.7281066218813445
2015-11-27,0.30213839690557986,-0.4344046144357467,0.09375626546246692,-0.40314473363244213,0.15760926061129374,-0.5509069217078265,-0.7568804727377513,0.5992658222868844,-0.7906188741872158,-0.43333061348451574,-0.19103273486909322,0.2493838040714561,-0.10095198604316973,-0.01688661832836216,-0.5529663093138827,0.4064630911751445,-0.6972094817795714,-0.9734616548347685,0.6300735063127765,-1.0428642418381555,0.015502440813159012,-0.182440062416571,0.7382438044271521
2015-11-30,0.2098828204703061,-0.5882977419791091,0.01269528089686615,-0.4207806718499723,0.10041306167043891,-0.5704433169453249,-0.7679839140807262,0.5693597439945868,-0.8016066929419888,-0.5124794670451907,-0.36695145019411973,0.14904578826251455,-0.232159496909435,-0.09493684168491728,-0.5711818219797569,0.3619122876272422,-0.7162019174093923,-0.9848227516005381,0.6115476247370805,-1.0543441713164143,-0.05141115162858971,-0.35811679051889417,0.7613838473808469
2015-12-01,0.2898622506204132,-0.7479420244089265,0.13843911488273727,-0.3449104013905307,0.0421916936655534,-0.5044534842171521,-0.7218802689988427,0.5390358983982318,-0.7654747852035565,-0.7294251154882219,-0.8737428918221147,0.23603215414817874,-0.3682703762971145,0.026136623939773153,-0.4928182069868483,0.31656296763208003,-0.6520494657888979,-0.9376492711586961,0.5927629493628287,-1.0165940261775563,-0.234820159452052,-0.8642111087440563,0.7973892567363583
2015-12-02,0.1039863580696407,-0.834400679234332,-0.08984836072992186,-0.41971334904466123,-0.005100974735075608,-0.5766754936772823,-0.7672894332210013,0.5129758589267317,-0.804678367076006,-0.7708867904706622,-0.8645637993231926,0.0338718190670186,-0.44198403117940066,-0.19367181481231938,-0.5700794234660562,0.2797261424900591,-0.7222605691707052,-0.9841121553083082,0.5766195687300254,-1.0575534163199678,-0.2698724627630591,-0.8550446426623782,0.812854241036344
2015-12-03,-0.3183061982429782,-0.46541120930314833,-0.5997017896521395,-0.6429412123659624,0.027085649531630337,-0.7811955759471473,-0.9049322837766832,0.5179117534945074,-0.9185318811652456,-0.6134730396627405,-0.3461738315390436,-0.42541746000460406,-0.12738785227016652,-0.6845883046592948,-0.8006432824198919,0.30479668915451424,-0.9210861176045565,-1.1249490090346375,0.57967720127345,-1.176506080335163,-0.1367925874087855,-0.33736775278099584,0.7749683082249561
2015-12-04,-0.7801422419163061,-0.05142333728279907,-0.9884129723080125,-0.9131685977943595,0.10253163124938337,-1.0161945812815278,-1.0745416307012612,0.5411353418171111,-1.056593394074751,-0.6053071867118947,-0.27792286869856675,-0.9277146006413565,0.22557344680608193,-1.0588620047638002,-1.0797512210632818,0.36356246681505355,-1.1495419523492616,-1.298494141869355,0.5940634889980456,-1.320750945238337,-0.12988905650832494,-0.26921067341911353,0.7523097123015543
2015-12-07,-0.7879332138115781,-0.19010796628992357,-1.0376951532153538,-0.9456778459580717,0.049722807707050426,-1.056752319954905,-1.1018081864366198,0.512995939496279,-1.0824183004607413,-0.6655471542059466,-0.39406544449637787,-0.9361881335311898,0.10733252690334597,-1.1063137504825222,-1.1133288291485453,0.3224290424477602,-1.1889704258051381,-1.3263934181936854,0.576632008015771,-1.3477324700259579,-0.1808168015389102,-0.3851934878219929,0.7713870369489387
2015-12-08,-1.0819914317277028,-0.037035432639711506,-1.266625847751525,-1.1435845526422224,0.0737052953210635,-1.232445068760731,-1.2310593292950065,0.5157278780414104,-1.1893540830837832,-0.6360080579994902,-0.26476208782750965,-1.2560085634508713,0.23784040885264102,-1.326741517767525,-1.3177393956747554,0.3411092889338378,-1.3597712916637585,-1.458643834595397,0.5783243586297335,-1.4594575785859831,-0.15584401980251766,-0.25606799602730085,0.7660296155296394
2015-12-09,-1.4983200611863903,0.30533281874523965,-1.471523211605712,-1.4276805114667084,0.17390314028409,-1.4581979533696734,-1.41592094034063,0.5510451927272338,-1.3368658326758032,-0.4346380933807591,0.28879426512463613,-1.7088114206705534,0.5297396429571513,-1.5240285985954964,-1.6111716742675195,0.4191545889630753,-1.5792384490926827,-1.6477951604313417,0.6002023321656241,-1.6135759273069523,0.014397078284617249,0.2967269054544132,0.7350755058425609
2015-12-10,-0.87846205242235,0.14568853631542228,-1.0185387856582997,-1.132762706962078,0.11568177227920451,-1.21165016987258,-1.2488685354551272,0.520721347605899,-1.2034289515844134,-0.5492402560724332,-0.040226086558513265,-1.034648133356411,0.3936287635694718,-1.087868887339781,-1.306561908850785,0.3738052689679131,-1.3395553934,-1.4768663034910139,0.5814176570856326,-1.4741628173061623,-0.08248925755365358,-0.03184085810603653,0.7421316705477388
2015-12-11,-1.2214086300006557,0.2985934717794103,-1.2509785427549833,-1.359424545937791,0.16247183193867404,-1.401277998065604,-1.3980125529172307,0.5343955653062714,-1.3248310015610996,-0.3165930568163713,0.5645349220021036,-1.407639994144542,0.5239937532324692,-1.3116753838382007,-1.5406725950987343,0.4102506061491342,-1.5239033386988345,-1.629471208770638,0.5898884079236866,-1.6010020929943383,0.11419406978981446,0.5720882637699232,0.7190349803333097
2015-12-14,-0.8285102051293357,0.1389491893495929,-0.9772943846245286,-1.1776010730568793,0.10425046393378554,-1.2551916151447273,-1.2992206248300406,0.5040717203137492,-1.2476555926900528,-0.16276834462970663,0.8887178625596683,-0.9803200435320659,0.38788287384478976,-1.0481563828575784,-1.3528738098930044,0.3649012861539697,-1.3818844969274184,-1.5283868134011231,0.5711037329234904,-1.520370234108741,0.24423971967199842,0.895825270367088,0.7084037597285037
2015-12-15,-0.4190435847023988,-0.020695093080224478,-0.6441373644958264,-0.962889562088157,0.04602909592890003,-1.073387372737145,-1.177552334823115,0.47374787538452356,-1.1504210297969764,-0.27605009698687594,0.48542647480276496,-0.5349803706239789,0.25177199445711024,-0.7273734566052343,-1.1311061784056071,0.3195519661588076,-1.2051423022093866,-1.4038952099966586,0.5523190579625045,-1.418780833175374,0.1484696779429177,0.4930886351996586,0.7244143228057376
2015-12-16,-0.06978300030675942,-0.18033937551004187,-0.3197076663441615,-0.7596654993908177,-0.012192272075988457,-0.8957129916903408,-1.0598457057000261,0.4434240305178717,-1.0553667447898218,-0.433984304580451,0.019743698925971137,-0.15512133778690523,0.11566111506943075,-0.414993702770085,-0.9212035102053886,0.2742026461636431,-1.032414979482893,-1.2834571978405422,0.5335343830402811,-1.3194693580917136,0.014949800849237313,0.02804643517852079,0.7485087136780162
2015-12-17,0.49327959066237587,-0.3399836579398593,0.2810893773621943,-0.41323989728400873,-0.07041364008087694,-0.5750746172067137,-0.8512573382736947,0.41310018571307094,-0.8822820718441237,-1.145908790147372,-1.8074318688533921,0.4572707293064318,-0.020449764318248756,0.16348858071723424,-0.5633932329677883,0.2288533261684786,-0.7207042665391833,-1.0700285361001203,0.5147497081563726,-1.1386327531631049,-0.5869215179817814,-1.796615738046878,0.8288764226730316
2015-12-18,-0.07577720725113095,0.030107840697519116,-0.32516773408443606,-0.69254451666776,0.013881044899460506,-0.8290384376842473,-1.0222528680826315,0.4389655512060461,-1.0242138990037573,-1.0613405704712702,-1.3539408403618176,-0.16164069254448338,0.2950859915932283,-0.4202509730703917,-0.8518767130791394,0.29451146465028033,-0.9675968715508229,-1.2449920182013219,0.5307724943388847,-1.2869212718288483,-0.5154263145725118,-1.3437485148980313,0.7969617730009102
2015-12-21,0.361792818108556,-0.12953644173229828,0.10056777282318652,-0.4215904430608024,-0.04434032310542799,-0.5811868413936254,-0.8590600092296823,0.408641706522826,-0.8892460705794402,-1.1428327183185532,-1.3853356483480697,0.31426450276761525,0.15897511220554877,-0.010328103479967486,-0.5720182049135933,0.24916214465511582,-0.7266463056417777,-1.0780122680823243,0.5119878195302916,-1.1459086480565648,-0.5843209620998526,-1.3751001373575025,0.8150231626647886
2015-12-22,0.015046713514557174,-0.11113166939132821,-0.23776059852832718,-0.5816247850000871,-0.05297216158675825,-0.7335857061813421,-0.9568630308601315,0.39779724766656815,-0.9731305357599749,-1.0643598451107774,-1.002127994720985,-0.0628597586460173,0.17466680945979124,-0.33609030700310527,-0.7373117972710587,0.24243870240615403,-0.8748018683416409,-1.178084809414853,0.5052700159266247,-1.2335500413199594,-0.5179788532841788,-0.9924196098843836,0.8098155224266161
2015-12-23,0.4834337670677268,-0.2707759518211456,0.2531055995633562,-0.2897731066067012,-0.11119352959164376,-0.4587468003612679,-0.7792607588322087,0.36747340310215443,-0.8244786643240352,-1.322516457727838,-1.5324610887093415,0.4465623207563529,0.03855593007211175,0.13654417436362093,-0.4358689208695635,0.19708938241099186,-0.6076154112751332,-0.996361275601947,0.48648534119162834,-1.078240508192246,-0.7362282098532938,-1.522023197451068,0.8477681847116607
2015-12-24,0.3825225496666892,-0.4282168386495369,0.18176564468366452,-0.302685327478894,-0.16888434614085884,-0.47341412390869597,-0.7848323100504436,0.3373507826099852,-0.8313377560848464,-1.2929799942761733,-1.2557998139218354,0.3368103500016238,-0.09567635956349882,0.06785392291348752,-0.449205479432022,0.15215331529121864,-0.6218743467107553,-1.002062114699535,0.46782531848543185,-1.0854067976493604,-0.7112576538861095,-1.2457424875931755,0.8599348405950881
2015-12-28,0.7055116589865188,-0.5878611210793543,0.6015573464095489,-0.0770366256876231,-0.22710571414574734,-0.2502730191762114,-0.6440422873713586,0.30702693816165944,-0.7118959578369057,-1.0885893629626506,-0.566201867422131,0.6880962842430776,-0.23178723895117834,0.4720537517031049,-0.21614122536067928,0.10680399529605414,-0.40494624833442844,-0.8580050587018498,0.44904064382234843,-0.9606155673565325,-0.5384628402235153,-0.5570931263053805,0.8539111439941514
2015-12-29,0.6276526350596563,-0.7475054035091717,0.5685357735044004,-0.06717215846141063,-0.28532708215063285,-0.23861185324378018,-0.6327211624466184,0.2767030937703868,-0.7035011375523872,-1.1397588081707475,-0.6217480631631095,0.6034160917224303,-0.3678981183388578,0.4402586636636076,-0.20595257956906698,0.06145467530089198,-0.393609768874018,-0.846421227005498,0.4302559691946076,-0.951844768802264,-0.5817222337345057,-0.612562914771475,0.8758401749266398
2015-12-30,0.34318085662390707,-0.7690201521533928,0.21119233891554842,-0.18323798856391724,-0.3178571413838642,-0.3567039315467136,-0.6986930775768385,0.2555257653601739,-0.7619981654794975,-1.1045632357131372,-0.44845439089985434,0.2940219617978307,-0.38624134562641943,0.09618765300265116,-0.3258327113902302,0.036116623032769406,-0.5084137625634615,-0.913924020821018,0.4171372755838083,-1.0129616993121735,-0.551967384671819,-0.43950761881960637,0.8784511352078996
2015-12-31,0.5868643251944411,-0.9286644345832101,0.5850398865669902,-0.010575355679280196,-0.3760785093887497,-0.17663234244700293,-0.5889463851213321,0.22520192108103526,-0.6674717694438392,-1.253380104402361,-0.7698478373082749,0.5590543497203374,-0.522352225014099,0.45614978215593854,-0.1474958212605625,-0.009232696962392758,-0.3333559781994637,-0.8016306557104786,0.398352601025531,-0.9142017557290211,-0.6777793307955152,-0.7604589683917253,0.9098664033137009
2016-01-01,0.6013640939972118,-1.0883087170130277,0.6713986689093603,0.04165432094116505,-0.4342998773936382,-0.11821774096383286,-0.550838709630361,0.19487807685700073,-0.6350357099616106,-1.1320834702471891,-0.3564107119642076,0.574824432002346,-0.6584631044017785,0.5393010328685093,-0.0935497071225266,-0.054582016957557246,-0.27656783765338755,-0.7626386913817454,0.379567926501389,-0.8803129845616927,-0.5752333913752671,-0.3475905517353018,0.9163799678522244
2016-01-04,-0.510877772171072,0.7718999981591149,-0.6101862354529607,-0.559865900186337,0.15421390488515313,-0.6908726486112347,-0.9137285772107723,0.41573392021077055,-0.9349101241150048,-0.40596342957030196,1.5557418483391423,-0.6348600799063534,0.9275294548871195,-0.6946833379346624,-0.7148378445370788,0.4038184079840997,-0.8332780873886414,-1.1339494205104919,0.5163812244297308,-1.1936178545860212,0.03863905629565957,1.5619317228329683,0.6903596133300525
2016-01-05,-0.4939174066992537,0.6139291402849725,-0.6188378075296558,-0.569861486558841,0.09684309959952363,-0.7059168555272833,-0.9216162435737791,0.3857810255689617,-0.944315609122547,-0.44052659410443507,1.2681300277113239,-0.6164138299928787,0.7928453180322456,-0.7030135739488194,-0.7251619184777667,0.3591316014655748,-0.8479034124796457,-1.1420201202186433,0.49782634158752376,-1.2034445824384894,0.009418854093221457,1.2747155302971458,0.7056555239235809
2016-01-06,-0.7032234653478823,0.534707903637578,-0.7820605918853006,-0.7093879318018335,0.07636993998933855,-0.8354694118758165,-1.0092040757919987,0.37167885045797033,-1.0203140794344219,-0.47998715906258477,1.005180578484341,-0.8440570298196969,0.7253022026626321,-0.8601739494871532,-0.8692736577682697,0.3431848125409929,-0.9738487855751655,-1.2316404286075153,0.48909048449812254,-1.2828467912942603,-0.023941681686448866,1.0121277845240124,0.7199840538177436
2016-01-07,-1.6813179916935725,1.3076589549862239,-1.1606318313792814,-1.3054548352836508,0.547451318837066,-1.2439826658165136,-1.3791966600763803,0.5923591817007294,-1.2999879892858097,0.11400094633469668,2.4019690524246595,-1.9078416576895125,1.3843113805763265,-1.224684323463193,-1.4849292637336435,0.7101157336992723,-1.3709876428248045,-1.6102186930238425,0.6257950581546989,-1.5750464383450524,0.4782245053364787,2.406994888342406,0.631603262943546
2016-01-08,-1.2679982607879652,1.1480146725564064,-0.9898405508302215,-1.1481400430629345,0.4892299508321775,-1.1327450801550065,-1.2945490882785784,0.5620353377428668,-1.2352053197525048,-0.16276834462970663,1.3832094478020416,-1.4583113062873867,1.248200501188647,-1.0602365602680854,-1.322444594368141,0.6647664137041077,-1.2628472894172436,-1.523606873816035,0.6070103837954421,-1.5073623516073995,0.24423971967199842,1.3896366514302645,0.6508380076277834
2016-01-11,-1.3452718580851308,1.0281977286510218,-1.0711372074432646,-1.2495206354028294,0.45422719999035166,-1.2236906230402238,-1.366519549332729,0.5434550965698677,-1.2973498455872339,0.05126271442157264,1.7559305782578272,-1.542354783406156,1.146045952636771,-1.1385137023579908,-1.4271568836188233,0.6375023523631979,-1.351260599450573,-1.5972474098495388,0.5955005046245745,-1.5722901402763383,0.42518469121545027,1.7618450806021917,0.6403724340451915
2016-01-12,-1.5139980829717987,0.9578116984276447,-1.1969285222338009,-1.4062514570816933,0.44456674168825744,-1.3544179500041038,-1.4737913134648362,0.5374824459215026,-1.3869489597693683,0.056525406807319455,1.5446145620151186,-1.725862981763567,1.0860356326647838,-1.2596328852587435,-1.5890383912658845,0.6299777058312779,-1.4783480335568648,-1.707008415910127,0.591800634065715,-1.6659021241542593,0.42963384793224596,1.5508197427889432,0.6502390851061283
2016-01-13,-1.0022561958696878,0.7981674159978273,-0.9267583828104918,-1.1759039365370405,0.3863453736833689,-1.1803831314231672,-1.3452966401823838,0.5071586021161206,-1.2854929284534211,-0.028447054841765178,1.1290714214048327,-1.169287785529503,0.9499247532771042,-0.9994973855573329,-1.3511208999320186,0.5846283858361134,-1.3091589355137578,-1.5755320229653855,0.5730159598009152,-1.5599021881664987,0.35779689247716445,1.135848207822343,0.6516881350072908
2016-01-14,-1.0408870898440754,0.6640520004257575,-0.9898020475092846,-1.2340031958956368,0.3397689588216216,-1.241087383096561,-1.3906739417103042,0.48247880510992097,-1.3272602693544182,0.03132409367358637,1.1387938999390324,-1.2113031021107736,0.8355794922059253,-1.0601994870347018,-1.4111294904402603,0.5483494591435019,-1.3681729746109221,-1.6219623050467489,0.5577275962722599,-1.60354016024622,0.40832829112168784,1.1455573124777378,0.6573542183703469
2016-01-15,-1.536448720929231,0.8777693595583804,-1.2420627907992081,-1.5578585465513946,0.4549585357230332,-1.4749170464749206,-1.6000220070555995,0.5374773683021802,-1.4912679371646105,0.21773214755513687,1.472262081147846,-1.7502805026694617,1.0177924549829793,-1.3030907800948703,-1.745627784152656,0.6380719985137742,-1.5954920258518641,-1.836168293500889,0.591797488639112,-1.7748932288010488,0.5659203721709443,1.4785667872954686,0.6425067356224172
2016-01-18,-1.8981436486247862,0.9757358012296458,-1.4216357296232238,-1.8302745433938152,0.5260650667201868,-1.6687058175575462,-1.7821397249785855,0.5732491334057495,-1.6337717623213335,0.39651994587624456,1.7430061706059223,-2.143663241962113,1.1013175165975082,-1.4759940338502555,-2.026996259119154,0.6934577260986232,-1.7838850592557158,-2.022512054157869,0.6139569800169241,-1.9237793635009515,0.7170701782922063,1.7489384512833483,0.636647072061345
2016-01-19,-1.1270089255972655,0.8160915187998283,-1.00263233166005,-1.4639613155978048,0.46784369871529835,-1.394317000053159,-1.5754423494639727,0.5429252897956193,-1.4699104198841064,-0.010014431525151062,0.47651642193528015,-1.3049700049820745,0.9652066372098287,-1.0725532297021731,-1.6486447839499507,0.6481084061034588,-1.517136158517257,-1.8110182648077908,0.5951723058730767,-1.7525791737840444,0.37338010042969255,0.4841908386685367,0.652426195834354
2016-01-20,-1.7919318078568247,1.1677476566766947,-1.2746187322201554,-1.884606729468476,0.6702416868286307,-1.6546073572227422,-1.8469469450421654,0.6500915512789994,-1.669191037545504,0.5537055270500978,1.864059208062996,-2.0281462643455948,1.2650246165323098,-1.3344375311009786,-2.083113978029275,0.8057586201719145,-1.7701791479484754,-2.0888231261507593,0.6615584582046083,-1.9607849594995088,0.849957155717896,1.8698249726976013,0.6094473189955475
2016-01-21,-1.778396110307811,1.0400014261298385,-1.3211376048861627,-1.9475776659412491,0.6289782741180556,-1.719559614884287,-1.9043872108547952,0.6289926245382469,-1.7206942871974218,0.5217713762870496,1.5432830487198508,-2.013424714850851,1.1561096493718805,-1.3792286031726322,-2.1481543448503375,0.7736180544100916,-1.8333229141167933,-2.1475962936752304,0.6484883319796616,-2.0145948818417683,0.8229595600105382,1.5494900610736966,0.618747958446327
2016-01-22,-0.6261087046225955,0.880357143700021,-0.6692122223509935,-1.347368320436513,0.5707569061131701,-1.2707785165077174,-1.5550388147921383,0.5986687810687492,-1.4426169417235741,0.08158235673471036,0.21627519024636654,-0.7601863048214611,1.019998769984201,-0.7515169859087283,-1.5282201627068546,0.7282687344149295,-1.397037406008453,-1.7901412659918245,0.6297036579229316,-1.7240633043933895,0.45081735798763084,0.2243075851104488,0.6241447905535954
2016-01-25,-0.4674721029513419,0.7207128612702036,-0.587489320946091,-1.2570688749170758,0.5125355381082817,-1.214602700890614,-1.5104217938114846,0.5683449376450536,-1.4116317809658245,-0.049351865384074496,-0.14527263328627585,-0.58765167373025,0.8838878905965216,-0.6728294305801052,-1.4349531829016215,0.682919414419765,-1.3424257159248758,-1.744488906772376,0.6109189838945746,-1.6916904132572892,0.3401236614729057,-0.13674290672255343,0.6419977506251503
2016-01-27,-0.4059035963727918,0.5610685788403862,-0.5622738158451809,-1.214203645698206,0.45431417010339314,-1.194864942967925,-1.4935702249068645,0.5380210942666422,-1.4031980023762853,0.13643708212245653,0.3528283465163096,-0.5206891981259084,0.7477770112088421,-0.648550477940668,-1.3906792624483397,0.6375700944246004,-1.32323752423104,-1.727246297110503,0.5921343098942697,-1.6828789115749285,0.4971923409845216,0.3606729039523155,0.634543445250386
2016-01-28,-0.44523856861993116,0.409964163083665,-0.6090169003898452,-1.2266627379483663,0.39912301204895884,-1.219289802561925,-1.5100054520487456,0.5092060052349905,-1.4220242296491168,-0.13764871086775535,-0.39378414848609894,-0.5634702767303742,0.6189471239433807,-0.6935574342296444,-1.4035478011043954,0.5945810412078487,-1.3469823127637814,-1.7440629037965416,0.5742842620954245,-1.702548307863422,0.26547622355319084,-0.3849125787520129,0.6714890220103786
2016-01-29,0.4741977103540581,0.25031988065384764,0.12946289529312313,-0.6859455370740396,0.34090164404407036,-0.778469211508017,-1.1866504768789359,0.4788821619455814,-1.1573529570770236,-0.30197963613789314,-0.7620703082846098,0.43651710028993956,0.4828362445557012,0.017493798447073994,-0.8450608694938079,0.5492317212126842,-0.9184356644127503,-1.4132044744933179,0.5554995881502537,-1.4260232202313845,0.12654846826142227,-0.7526921378468688,0.6851535776640734
2016-02-01,0.35652517109851767,0.09432106943493442,0.056972336687830485,-0.6957704912881433,0.2837352340940074,-0.7943581242800463,-1.1939371465577915,0.4490602843442865,-1.1674283292896726,-0.14009306631572346,-0.2454689052672326,0.3085353612957175,0.3498334520017407,-0.05230432108854219,-0.8552087037468643,0.5047041206660517,-0.9338821758792765,-1.4206602313856667,0.5370258662731601,-1.4365498374836185,0.263409729891312,-0.23680135244928188,0.6838881932110841
2016-02-02,-0.32716756022461563,0.5063061819933236,-0.5099287803820166,-1.042154508670766,0.4084777679895892,-1.0643122814727617,-1.408121944237211,0.5071251581795785,-1.3377185599204444,-0.10478291079982131,-0.12059028907392784,-0.43505515902463143,0.7010872213912356,-0.5981496379878737,-1.2129760296506154,0.6018675725135488,-1.1963198923134848,-1.6398151885766823,0.5729952423266362,-1.6144668455912041,0.2932614491386994,-0.11209451462220625,0.6591582940282502
2016-02-03,-0.8884173922453815,0.7359656020597501,-0.8672397289235956,-1.3570682432574839,0.5036420383553095,-1.297276993363612,-1.6077609835147046,0.5543320095282485,-1.494349365382182,0.027207777214376165,0.23624631240252195,-1.0454756527665525,0.8968922019964628,-0.9421893691959684,-1.5382388566274177,0.6759921610762745,-1.422798075254532,-1.8440868529550294,0.6022384125310088,-1.7781126647436618,0.40484829729332866,0.24425123573592644,0.6448317653271263
2016-02-04,-0.5139087495728526,0.5763213196299327,-0.6380889770452091,-1.1609998056276039,0.445420670350421,-1.1536150715266358,-1.4977587162225996,0.5240081664107915,-1.4091792816853712,-0.06314391205453213,-0.023734686003034258,-0.6381565988833908,0.7607813226087833,-0.7215497179225933,-1.3357269706720014,0.63064284108111,-1.2831361893346545,-1.7315319823922792,0.5834537386923571,-1.68912807405117,0.3284636645389373,-0.015372142506001501,0.6542344681256672
2016-02-05,0.08050721640845551,0.41667703720011534,-0.2042876825303499,-0.8160531128304598,0.3871993023455325,-0.8807714727634686,-1.293448299213683,0.49368432333509393,-1.2443979482423744,-0.08542277314674825,-0.07535740074931291,0.008335688046979584,0.6246704432211038,-0.3038606396231952,-0.9794442045273525,0.5852935210859456,-1.01788948319862,-1.522480540934303,0.5646690648795739,-1.5169666897511909,0.30962879120690506,-0.06692384697149917,0.6565434188410002
2016-02-08,-0.5823245568319677,0.7309213928909055,-0.6632843742499999,-1.1669581625818009,0.50938943656059,-1.1431231996833466,-1.5117850504637118,0.5543740065857612,-1.4152806894579302,0.4035432613459741,1.1917747114052282,-0.7125662618609221,0.8925915672644381,-0.7458093095119305,-1.341881138668524,0.6804688782899445,-1.2729364468439042,-1.7458837978033745,0.6022644283966266,-1.6955027451765607,0.7230077913818393,1.1984652455159643,0.6036146782101606
2016-02-09,-1.0858095022154417,0.8769350604040057,-0.958914461338318,-1.463284262686521,0.5846425038820174,-1.357894268703546,-1.7014253964062906,0.5940939145589909,-1.5631477640989764,0.7099700866540617,1.8264038761082078,-1.260161132127597,1.0170811411178915,-1.0304591253488924,-1.6479454808718363,0.7390843926195035,-1.481727559734815,-1.9399247491081486,0.6268696709870307,-1.8499923328664023,0.9820654881072379,1.8322214380128354,0.5854490155474523
2016-02-10,-1.4884453256017314,0.9606403328658555,-1.1803513255846858,-1.7288402001815752,0.6392674897328862,-1.5465155846736904,-1.8761844239108172,0.6245018763539051,-1.69884612186442,0.8559791525797117,1.9671803120145088,-1.6980715671734832,1.0884472938592296,-1.2436713976451572,-1.9222284525671567,0.781632447534228,-1.6650970175301318,-2.1187390608914827,0.6457064537194548,-1.9917682041498705,1.1055036769201658,1.9728042271051287,0.5859995004513333
2016-02-11,-2.889749216970143,2.037582820041208,-1.3915357440697111,-2.594386925106052,1.3623856950737878,-1.8523466144602474,-2.4231179687181483,1.080860262173963,-2.00356036653092,1.4893198891582506,3.1571747265923498,-3.2221426037238023,2.0066360742424725,-1.4470120197768945,-2.8162198657994777,1.3448778677651678,-1.9624126725530289,-2.6783642018783134,0.928406222279737,-2.31012966586152,1.6409391509373075,3.2865931919825107,0.6310837863376247
2016-02-12,-2.4937568626589197,1.8779385376113904,-1.3071542722014209,-2.4938764577966057,1.3041643270689023,-1.815063411968228,-2.388354513601615,1.0505364192999889,-1.986426451941031,1.2659736296554969,2.3372969792345697,-2.7914576669170166,1.8705251948547927,-1.3657646384161979,-2.7124062967256037,1.2995285477700056,-1.9261675610677675,-2.6427940605778146,0.9096215485919154,-2.292228375753965,1.4521189733929836,2.3424117756438068,0.604172462986375
2016-02-15,-0.9707721762259794,1.718294255181573,-0.7131350890787153,-1.71387494624339,1.2459429590640136,-1.3381817316814448,-1.9344190362713898,1.0202125764649768,-1.6530679088874847,0.8384200007026841,0.9399322622252801,-1.1350454753862693,1.7344143154671132,-0.7938084727063571,-1.9067713915763178,1.2541792277748411,-1.4625638867060202,-2.178325007780294,0.8908368749282293,-1.9439397253275723,1.0906589144319576,0.9469692214149129,0.5576828492058961
2016-02-16,-1.6126018835143145,1.795629214668693,-0.9710968819138899,-2.1009003400568607,1.3394176910621567,-1.5534380323621244,-2.1863750818367222,1.0931441118932925,-1.8239654065505744,0.966528934048283,1.1495225799339146,-1.833105384661543,1.8003492126209149,-1.042189067343088,-2.306515702089757,1.32698781469245,-1.6718267207596726,-2.436127694890396,0.9360156835728468,-2.1224911980965313,1.198964070708961,1.156271234500619,0.5834391379772115
2016-02-17,-1.0133127380707292,1.6359849322388755,-0.7466910430923333,-1.8035463238737066,1.2811963230572712,-1.3849799467172619,-2.023065742531251,1.0628202691348705,-1.7097365819599264,0.7310577430075517,0.39887999140484653,-1.1813129828024143,1.6642383332332353,-0.8261180939099538,-1.999389663133189,1.281638494697288,-1.5080590804637855,-2.269028761389279,0.9172310099566059,-2.003146414572926,0.9998932996207348,0.4066612019159564,0.5735422810529792
2016-02-18,-0.3438148492084805,1.476340649809058,-0.4526719238308807,-1.4306643912984105,1.2229749550523827,-1.1612623822816288,-1.8090060281730609,1.0324964264140906,-1.5559721346109356,0.6608755736954296,0.169609739357789,-0.4531609040622874,1.5281274538455558,-0.5430194114496824,-1.61425361412223,1.2362891747021234,-1.2905705729806538,-2.050001790078711,0.8984463363636831,-1.842495328927469,0.9405602725108839,0.17770632547540477,0.5566300305461745
2016-02-19,-0.18439776786366818,1.3166963673792407,-0.37935078068719635,-1.3158950402891718,1.164753587047494,-1.0997900205911753,-1.7481812814579847,1.0021725837305144,-1.516291449149026,0.5432609806351444,-0.1517134228300636,-0.2797774160797094,1.3920165744578763,-0.47242155688635373,-1.4957125679257255,1.190939854706959,-1.2308098106585403,-1.9877656047522028,0.879661662793807,-1.801037467188186,0.8411271842071479,-0.14317483655649826,0.5620550513172761
2016-02-22,-0.014759906737768048,1.1570520849494232,-0.2891271968536264,-1.187150325104003,1.1065322190426057,-1.026532235992353,-1.6770670296308865,0.9718487410837133,-1.4682862970788026,0.5651657964527487,-0.07337521607163316,-0.0952777137404415,1.2559056950701968,-0.38554905085923896,-1.3627368815066885,1.1455905347117945,-1.1595917716363844,-1.9150011462859877,0.8608769892467119,-1.7508823114963572,0.8596458342215431,-0.06494438891312283,0.5578447908479315
2016-02-23,-0.8407974042740833,1.4122335742949144,-0.704220184060896,-1.6271561433377202,1.2382437050582389,-1.284457024140896,-1.9535059226284808,1.0636908622206893,-1.6575278186632243,1.1153739165156804,1.35067359645201,-0.9936837146473645,1.4734704984545073,-0.7852246844440747,-1.8172027259791834,1.2481821867296596,-1.4103350575238416,-2.197854805449496,0.9177703151858259,-1.9485993807921884,1.3247997846297899,1.3571455551837022,0.5434800709231218
2016-02-24,-1.3452688730253979,1.4521238832690921,-0.9448353931812415,-1.9277709073940614,1.2783223017254108,-1.4651481080673454,-2.150338640670597,1.0983061786496529,-1.79586517408028,0.9503617328355203,0.7548199647838834,-1.542351536827659,1.5074805171716417,-1.0169029809200927,-2.127696671618778,1.279399885102259,-1.5859950878742055,-2.399255027891409,0.939213422724048,-2.093132442343346,1.1852960835656572,0.762111557544841,0.5766802870566649
2016-02-25,-1.5032738856242982,1.3511276044254543,-1.053751445875861,-2.0551838037927803,1.248126176299899,-1.5573173656874995,-2.244789550577102,1.08646859504228,-1.8691770862233665,0.9101611640293775,0.5564190487923849,-1.7141992458186004,1.4213722512252296,-1.1217736814856623,-2.259296771342398,1.2558797617959725,-1.6755980402673465,-2.495897671727384,0.9318804093510084,-2.1697277703244637,1.1513099377655969,0.5639835544526545,0.5875856059336754
2016-02-26,-0.920722208780013,1.191483321995637,-0.7867421115375602,-1.760885336943918,1.1899048082950106,-1.3857066680556647,-2.0817297807912998,1.056144752538415,-1.755241644051999,0.7375643248450895,0.04391576230101351,-1.0806106691786062,1.28526137183755,-0.8646815884760588,-1.9553266970367307,1.210530441800808,-1.5087655674114875,-2.329054099008133,0.9130957358924576,-2.050689508919458,1.0053940585790706,0.05218524836484771,0.5783878348655587
2016-02-29,-1.096848893708845,1.0895923328164987,-0.908883773350611,-1.872633049105887,1.1549048638859485,-1.4706000486768878,-2.1638517009170046,1.04057772683639,-1.8207413088512587,0.3818969276232513,-0.8720813393673267,-1.2721676761326992,1.1983902861477143,-0.9822866735454913,-2.070746803478557,1.1832685664239488,-1.5912952279371781,-2.4130816587816812,0.903452449607214,-2.11912270294338,0.7047076658914555,-0.8625518418588459,0.6138652094909989
2016-03-01,0.5919610597488761,0.9299480503866814,0.08704181776062962,-0.9128728271361176,1.09668349588106,-0.8437757788344423,-1.5890526801148253,1.0102538844015518,-1.3944925641817696,0.04716512727385541,-1.6157734678389724,0.5645976052291864,1.0622794067600347,-0.023351678500684606,-1.0794457304165725,1.1379192464287844,-0.9819238750613042,-1.8249444232628258,0.8846677761914233,-1.673783583486543,0.4217205314195448,-1.605220975179676,0.6072909110652097
2016-03-02,1.4501025280623698,0.770303767956864,0.6816559651579128,-0.3405510453996125,1.0384621278761716,-0.46024474621935607,-1.238805418861996,0.9799300420006352,-1.1338321355582506,0.12091663783109353,-1.2148527970979688,1.4979201808499467,0.9261685273723552,0.5491773533638025,-0.4883155883403,1.09256992643362,-0.6090716492320767,-1.4665696722171324,0.8658831027966458,-1.4014489732099795,0.48407113155309245,-1.2048517959582516,0.5996045633427328
2016-03-03,1.9290922756215845,0.6106594855270466,1.0917848851323675,0.05690461041215912,0.980240759871286,-0.18510146188782198,-0.9880382504580365,0.9496061996332528,-0.9461245643712168,-0.10357038855773615,-1.6312382769464349,2.0188738480424844,0.7900576479846757,0.94407329474092,-0.07779824340164476,1.0472206064384577,-0.34158928858582843,-1.2099834501700455,0.8470984294226418,-1.2053345552481551,0.29428653308475106,-1.6206645114725968,0.6281257935845601
2016-03-04,1.7315573038983039,0.4510152030972292,1.0435994592024276,0.0846462407962797,0.9220193918663976,-0.16264254989753285,-0.9589794270520314,0.919282357299013,-0.9265890359739486,-0.1419272297196251,-1.5160335066681434,1.8040329909210162,0.6539467685969962,0.8976775684057811,-0.04914493256549937,1.0018712864432933,-0.3197557089972738,-1.1802503165930485,0.8283137560691687,-1.184924090411926,0.2618591014619797,-1.5056182125789461,0.6354628742248722
2016-03-08,1.498040616281337,0.2913710560803355,0.9520377204609902,0.07576709957074239,0.8637980568259849,-0.16588627441089143,-0.9521729748875096,0.8889585337369675,-0.9240096234549362,-0.001715413526210434,-0.9574586479545419,1.5500580877323542,0.5178360046608182,0.8095166091233248,-0.058315871330474875,0.9565219921245532,-0.3229091172013926,-1.1732859206653266,0.8095290943444836,-1.182229153912292,0.38039621099940724,-0.9478117086051023,0.6273087401339036
2016-03-09,1.5860365532168532,0.13172677365051808,1.1198295324059262,0.23601842925191302,0.8055766888210993,-0.045056321460765686,-0.84171962363109,0.8586346914678848,-0.8408130549022421,-0.2352547216626567,-1.4303956684834824,1.6457632803344846,0.38172512527313873,0.9710763097596391,0.10720183969376681,0.9111726721293911,-0.2054434805953729,-1.0602694987321708,0.7907444210313732,-1.095306466058241,0.18295868182798802,-1.42009817461004,0.6586431260805304
2016-03-10,1.0860361162303005,0.111320161304113,0.6940769508864177,0.05661095311792766,0.7763686604709081,-0.17539038711426885,-0.9378618021445085,0.8441482554732735,-0.9167993244209545,-0.1388707178488304,-0.9953874257411189,1.101958193538102,0.36432668225020276,0.5611369997413251,-0.07810155123230968,0.8884221894548954,-0.33214860312206,-1.158642657073202,0.7817705263245173,-1.1746959276847198,0.26444312107079104,-0.9856883129797706,0.6473927584501936
2016-03-11,1.0870945296936079,-0.0483241211257044,0.7678460187911811,0.1362136792189901,0.7181472924660196,-0.11242901128305606,-0.8775228699573968,0.8138244132678557,-0.8721162287075795,-0.3382853291979723,-1.3758360713879625,1.103109333782597,0.22821580286252327,0.6321661422767466,0.004117180067775408,0.8430728694597308,-0.27094028587098073,-1.0969035596036867,0.7629858530508452,-1.128011613071595,0.09585510708879273,-1.3656136276611097,0.676830002404992
2016-03-14,1.1155880048398241,-0.2079684035555218,0.8746235622445451,0.22908559829837533,0.6599259244611341,-0.03713866602479981,-0.8080586845665446,0.7835005710937202,-0.8197043060928778,-0.33700633095484933,-1.1919705159735543,1.134099100148412,0.09210492347484378,0.7349777619561845,0.10004117330409877,0.7977235494645687,-0.19774627958266758,-1.0258274573752428,0.7442011797965516,-1.0732523210897036,0.09693639081336913,-1.1820009908461997,0.6877376099042836
2016-03-15,0.4725228504072437,0.10480012278560574,0.15729513559555416,-0.06830312176945678,0.6929512879477548,-0.26604583799018644,-0.9772182642133947,0.8007694931673254,-0.951491947526599,-0.21220154722393517,-0.714886440665381,0.43469550716446453,0.35876777238579405,0.04429229569898012,-0.20712071001998203,0.823447400140589,-0.4202798982930586,-1.1989123860798623,0.7548987377360669,-1.2109423270436095,0.2024481709296669,-0.7055731745958903,0.6552677736794561
2016-03-16,0.641943326292001,-0.05484415964421166,0.3512635587607711,0.06710600396804897,0.6347299199428663,-0.16002671576303107,-0.8847549960943283,0.7704456510546912,-0.8812218380763522,-0.3338104705362829,-0.9319632243999659,0.6189587793105102,0.22265689299811456,0.2310563577603299,-0.06726159878229758,0.7780980801454246,-0.31721270857094874,-1.1043035072708947,0.7361140645198715,-1.137525034774576,0.09963821771203342,-0.9223513556041408,0.6770104148025814
2016-03-17,0.6361759484396238,-0.21448844207402906,0.3936052868587437,0.10907525580058734,0.5765085519379808,-0.12380850002141541,-0.8479277761424258,0.7401218089722715,-0.8543583406059613,-0.40466449148790967,-0.9906808294712459,0.6126861259654415,0.08654601361043505,0.271825432464509,-0.023913100454436672,0.7327487601502624,-0.2820029309872472,-1.066621711459675,0.7173293913223929,-1.1094584035912485,0.03973719745048547,-0.9809881909281615,0.6957985440562656
2016-03-18,1.1154139150901619,-0.37413272450384644,0.963796851262518,0.4302909198194948,0.5182871839330924,0.13706490997977458,-0.6390809412554598,0.7097979669197305,-0.6896016868548455,-0.5251437509767213,-1.1691569860928963,1.1339097585310407,-0.049564865777244456,0.8208389831415609,0.30785875790904804,0.6873994401550979,-0.028393122895858006,-0.8529285845196486,0.6985447181434234,-0.9373228043109044,-0.06211772153375469,-1.1592188424062584,0.7202800609008206
2016-03-21,1.5751905979804512,-0.5337770069336638,1.5895743280969294,0.7652417036350943,0.46006581592820384,0.4181736429401133,-0.41747184446548796,0.6794741248967187,-0.5126576847152456,-0.5385143068872598,-1.0496429214727614,1.6339671193865695,-0.18567574516492397,1.423373878321628,0.6538171169019833,0.6420501201599335,0.24488858802500535,-0.6261770473128015,0.6797600449827462,-0.7524540226629509,-0.07342138404645979,-1.0398691768753163,0.7384310213489184
2016-03-22,1.4271330336442094,-0.6934212893634812,1.5424428852053116,0.7709790237373154,0.40184444792331536,0.43624566796988645,-0.3936614318724921,0.6491502829028956,-0.4936780642401626,-0.5124794670451907,-0.8444688450448742,1.472938346871924,-0.3217866245526035,1.3779929880632513,0.6597429840546762,0.5967008001647689,0.2624574264880846,-0.6018141139531301,0.6609753718401504,-0.7326243631608392,-0.05141115162858971,-0.8349773302535857,0.7490232391436455
2016-03-23,1.2430807858685755,-0.8530655717932987,1.430719657195031,0.7445498344873958,0.34362307991842983,0.42760447428174453,-0.38976699308760615,0.6188264409379253,-0.4906825569504597,-0.5351678344110413,-0.7908989528499992,1.2727614246677745,-0.45789750394028295,1.2704193760839788,0.6324452454488468,0.5513514801696068,0.2540568329859711,-0.5978293046929408,0.6421906987154282,-0.7294946962810994,-0.07059222752280209,-0.7814811268041566,0.7650872336897077
2016-03-28,0.45161683236523537,0.010219797142386591,0.1581374747479065,0.3531563008322371,0.45856420447724716,0.08286132131231327,-0.6106983198857175,0.669634838576081,-0.6684636920415564,-0.2402552068717874,0.07083586201201146,0.4119579291246941,0.27812967435850616,0.04510334875163411,0.2281892437721052,0.6408804970381937,-0.08108749952763797,-0.8238873442512112,0.673664914374717,-0.9152381034995681,0.17873119887350328,0.07906831779085337,0.6662141169271326
2016-03-29,0.2722943455546643,-0.12449537075441355,0.012683360913114944,0.27050924067132215,0.4058467094276782,0.02122636473917485,-0.647594562466443,0.641925356992344,-0.6994378082279443,-0.20227011350314858,0.16163403484766342,0.21692513856897605,0.16327307135204835,-0.09494831893749661,0.14282613166605465,0.5998182095264047,-0.14100632953857484,-0.8616397643617686,0.6564997558632295,-0.9475994554118079,0.2108443495028097,0.16974159204689462,0.6753144651558964
2016-03-30,1.0750159311617005,-0.28413965318423096,0.8725351724521576,0.7464151487260364,0.3476253414227897,0.4282564470111669,-0.3426311692201186,0.6116015151119697,-0.4523123612128191,-0.413114492107276,-0.39792404129014375,1.0899725386177574,0.027162191964368865,0.7329669389859862,0.6343718599969757,0.5544688895312402,0.25469065257988394,-0.5495996937505997,0.6377150827909118,-0.68940601708408,0.03259344397661666,-0.38904677687394223,0.7074888889315432
2016-03-31,0.9462349498005235,-0.44378393561404833,0.8143745080366136,0.7264389578844948,0.28940397341790425,0.42464072737337577,-0.33587232628316965,0.5812776732591475,-0.4467069786807632,-0.47206651595616395,-0.4952271205748005,0.949909155535711,-0.10894868742331064,0.6769664737495298,0.6137391863732764,0.5091195695360781,0.2511756068592477,-0.5426840118228613,0.6189304097356617,-0.6835495866493579,-0.01724545475634815,-0.4862160096723222,0.7275314848420864
2016-04-01,0.6605253829435982,-0.5344672641854461,0.5282125891152731,0.6065252481721671,0.2427345897310633,0.3312366662982294,-0.39100910092296803,0.5560920734470011,-0.49202924787858476,-0.2924753795697165,0.032269045627004646,0.6391687955080539,-0.18626425056025567,0.4014331600642531,0.4898847210686933,0.4727682283134885,0.16037223213387336,-0.5991002356480537,0.6033287171642601,-0.7309017013681801,0.13458350505418215,0.04055455247985125,0.7200908407394248
2016-04-04,0.8438297669241843,-0.6941115466152635,0.8171746261870195,0.7410999506762633,0.1845132217261778,0.46196614107290435,-0.291668771497335,0.5257682316483364,-0.40991412075272315,-0.24901983488570426,0.14209918071050057,0.8385323341511233,-0.32237512994793516,0.6796625901146977,0.6288819872040989,0.42741890831832635,0.28746175424861165,-0.49745471328375623,0.5845440441425589,-0.6451088893877649,0.17132145482235056,0.15023360932639618,0.7328338209907351
2016-04-05,-0.22628179346072122,0.7204708410974858,-0.42512702765082827,0.15836464864692634,0.5409594039072467,-0.08229360573283447,-0.6313561965679813,0.6884176979275491,-0.6843205299523624,-0.15478795346318247,0.3680255877104742,-0.32533086861759175,0.883681546980347,-0.5164975858056037,0.02699610259512312,0.7050591035027945,-0.24164395237990927,-0.8450245870854806,0.6853003091796546,-0.9318051205779261,0.2509864584814642,0.37584924038837897,0.6212910563686559
2016-04-06,-0.13719244492421234,0.5608265586676685,-0.3683941897842881,0.187062296848307,0.4827380359023582,-0.05451502251348442,-0.603683485452436,0.6580938561818065,-0.6632487939876962,-0.27541958542393846,0.01327459803428094,-0.22843647147363008,0.7475706675926674,-0.46187191488803425,0.056636849111996415,0.65970978350763,-0.21463881927999728,-0.8167097305429364,0.666515636190737,-0.9097896461459539,0.1490027215923733,0.02158623294070761,0.642139567442298
2016-04-07,-0.5493400251938726,0.6036486858940447,-0.659432178223854,-0.06904990836272859,0.49979764352299194,-0.26204493570651977,-0.7507103895661168,0.6647317053138035,-0.7815910898519256,-0.38005767448749433,-0.25450782830750684,-0.676691981033294,0.7840803208375027,-0.7421001914711719,-0.20789203845630677,0.672997715953929,-0.4163903947198563,-0.9671483948462215,0.6706275764369573,-1.0334321307133667,0.06054015857982472,-0.24582784188419068,0.6581883414432581
2016-04-08,-0.4328362561468342,0.4440044034642274,-0.5953594375320811,-0.04095497895724903,0.44157627551810646,-0.2376157020236514,-0.726796443211468,0.6344078636197705,-0.7640312185972716,-0.5118139403858148,-0.5572227699734127,-0.5499814072974666,0.6479694414498233,-0.6804072358667108,-0.17887381804069777,0.6276483959587668,-0.39264135388773896,-0.9426795252233383,0.6518429034800721,-1.015085806647623,-0.05084850570712415,-0.5481263801681756,0.6802536381721467
2016-04-11,0.3312604237955423,0.28436012103441,0.006570637834363765,0.37026847053738837,0.38335490751321794,0.10677384135289746,-0.46718151677478686,0.6040840219511494,-0.5539277389440268,-0.6250674890061042,-0.7732655745323452,0.2810571891109347,0.5118585620621438,-0.100834003699038,0.24586377518404529,0.5822990759636023,-0.05784078527475039,-0.6770402328654455,0.633058230538929,-0.7955724361246315,-0.14659470358667306,-0.7638720043039583,0.6930091910347056
2016-04-12,0.5087417988810576,0.12471583860459261,0.1847713803905016,0.48481157857696544,0.32513353950832946,0.2117276775203108,-0.38421776135006575,0.573760180307651,-0.48636045286222324,-0.6216541654147866,-0.6619248420135349,0.4740875695738137,0.37574768267446423,0.07074801980271975,0.36417114332902767,0.5369497559684379,0.04419077957025004,-0.5921513029997304,0.6142735576133485,-0.7249790183983446,-0.143709030157605,-0.6526844279435828,0.7035918662997318
2016-04-13,1.2884177459591508,-0.034928443825226835,0.9497012959155359,0.9578006956988763,0.266912171503441,0.629313754315364,-0.0795865885021884,0.5434363386889863,-0.23502735205420885,-0.6189254229929706,-0.5667540316521399,1.3220703206074045,0.23963680328678297,0.8072669638888672,0.852704225464161,0.4916004359732733,0.45014984146600423,-0.28045116196334197,0.5954888847031518,-0.46238947836113864,-0.1414021116101123,-0.5576445309988715,0.716447470767447
2016-04-18,1.4955427947601192,-0.19457272625504424,1.2483025329852397,1.1413261199604023,0.20869080349855548,0.8073505753846448,0.05360278538084248,0.5131124970948616,-0.12312157903639998,-0.3768302162430023,0.1304133367966803,1.5473414340083411,0.10352592389910346,1.094777575470116,1.042260893723681,0.4462511159781112,0.6232295126535559,-0.14417112786249742,0.5767042118081567,-0.3454717887699816,0.06326869874028516,0.13856384002355987,0.7082490607606217
2016-04-20,1.2931887073284,-0.35421700868485956,1.1436057582051364,1.0968065180657405,0.15046943549366698,0.7877278619665352,0.04899618968002489,0.48278865552500644,-0.12499516298341927,-0.3440454537618357,0.20015297363367665,1.3272592621954225,-0.03258495548857429,0.9939694407048033,0.996278232512847,0.4009017959829467,0.6041531622344909,-0.14888461964411326,0.5579195389281959,-0.34742928479930363,0.0909854139708173,0.2082075456175424,0.7191078615362259
2016-04-21,1.1007017882516803,-0.5131505970544188,1.026740025867627,1.0443400361674062,0.09238420373655817,0.7598041513713699,0.038628364052096215,0.4525225508560191,-0.13174439133643515,-0.49057037658960156,-0.1993202208436837,1.1179087136908037,-0.1680899052930264,0.8814443269210168,0.942087530903165,0.355658514139668,0.5770069425978976,-0.15949303072776763,0.5391706322552774,-0.3544807904033279,-0.032888887773044995,-0.1907161484345936,0.7480477338492907
2016-04-22,0.8733886010800633,-0.6547031481597161,0.834042097624982,0.9590334114971485,0.03730871695347755,0.6992782855901913,0.007105169040875455,0.4235033745648723,-0.1565268962048671,-0.5258113090032467,-0.26147968648015335,0.8706807948017087,-0.28877598259730763,0.695903571151979,0.8539774523239905,0.31275955865985744,0.5181663225237403,-0.1917477216678237,0.5211941587725442,-0.38037322770446297,-0.06268208480256562,-0.2527901098287983,0.7658074612897736
2016-04-25,0.487341937388136,-0.5879672566455666,0.34235027134940055,0.7675757953340006,0.01810660792410786,0.5274657987941126,-0.09105863321199556,0.4091395206593034,-0.23881615597991096,-0.47470513703470585,-0.09398917316983632,0.4508128828420863,-0.2318777289144366,0.22247412702347474,0.6562279144666106,0.2978028062372451,0.3511376789994382,-0.29218941553927624,0.5122961998417771,-0.4663479712016867,-0.0194761834089421,-0.08552999022088092,0.757888455059246
2016-04-26,1.054430157885048,-0.747611539075384,1.1121123836164286,1.106111621562879,-0.04011476008078063,0.8625611238841863,0.13351722162318425,0.37881567918374726,-0.04622714555381897,-0.47272602202003117,-0.07426117864355772,1.067583261738422,-0.3679886083021161,0.9636457907507241,1.005889132058918,0.2524534862420806,0.676902811935093,-0.06240227664903251,0.49351152702023154,-0.2651334892992872,-0.01780301077876915,-0.06582913278798151,0.7764819753618951
2016-04-27,1.0105554569453892,-0.9072558215052013,1.155001770324228,1.1215499432004519,-0.09833612808566912,0.8984900421314089,0.1640928897510573,0.3484918377310944,-0.01761431751850553,-0.5331611791451824,-0.2172685852807181,1.0198647323378205,-0.5040994876897956,1.0049421829683678,1.0218348072966277,0.20710416624691608,0.7118313470493762,-0.031117099959321198,0.4747268542128739,-0.23523918039687208,-0.06889577196355838,-0.20863982377101606,0.8001484526534205
2016-04-28,0.08310545683639264,0.34531073601387124,-0.1985915341353685,0.6210508872617213,0.18688311850747363,0.35537993400709306,-0.1223427313240831,0.46089468483565726,-0.2672560805024411,-0.46811156635552603,-0.019716362250437325,0.011161558300109422,0.5638243554986949,-0.29837605715873494,0.504887720033199,0.42926484927047764,0.183843269256116,-0.3241994613352242,0.5443569078052409,-0.49606163277294407,-0.013901882818166227,-0.011359346209667637,0.68628640439245
2016-04-29,0.07855896819556857,0.18566645358405384,-0.19374856024385348,0.602929432930028,0.12866175050258813,0.35131840371214174,-0.11959823962945615,0.4305708434280231,-0.263803102005346,-0.48395286555390776,-0.05533771922305807,0.00621675532185003,0.42771347611101546,-0.2937129606522176,0.48617073561016977,0.38391552927531547,0.17989482576141386,-0.3213912836944034,0.525572235025771,-0.4924540059526185,-0.027294347656532197,-0.046931703772380214,0.7018694766550613
2016-05-02,-0.20415978411607053,0.14034232839325672,-0.436117982253828,0.4238556948041141,0.10729581294179835,0.1938181023554091,-0.21615087856446852,0.41611161908377026,-0.34490968934153765,-0.339564701526575,0.3248691811187676,-0.301270767221917,0.3890706481731673,-0.5270803151699583,0.3012120504115757,0.3672733449254114,0.026779867815969267,-0.420184427193567,0.516615197086529,-0.5771931087374392,0.09477350710690864,0.33275219813976514,0.6960604033230031
2016-05-03,-0.5426509057747698,0.18874257414923978,-0.7207865012899052,0.19734418976600837,0.11653869521041578,-0.011928634877520786,-0.34448715760042875,0.41481178531810153,-0.4534457444980634,-0.24588759417877723,0.5257123277980813,-0.6694168330589845,0.4303361411313807,-0.8011756967201878,0.0672566385647279,0.3744727364897245,-0.17323818133988303,-0.5514987503523789,0.515809990660748,-0.6905901611327603,0.1739694966911074,0.5333190724783324,0.6899295150614464
2016-05-04,-0.7274227374634129,0.1290764663483504,-0.8921326769380239,0.04224750740289217,0.09070732575173966,-0.1503139961891148,-0.43221377542428613,0.39840011226002503,-0.5278577868559988,-0.2502733594566317,0.44888531654557723,-0.8703763813636824,0.3794655037442298,-0.9661577451408339,-0.09293702661902635,0.35435237381812834,-0.3077704241036466,-0.6412610648676981,0.5056434717156252,-0.768334890789063,0.17026170691089842,0.45659774159671584,0.7008042449978407
2016-05-05,-0.4661450928408673,-0.030567816081466997,-0.6894696948552522,0.1371007425353506,0.03248595774685118,-0.059225422893565756,-0.36861365391058154,0.36807627093936474,-0.473945853798247,-0.3197763579977768,0.21488494498897961,-0.5862084052950151,0.2433546243565503,-0.7710220568385925,0.005033395177813335,0.3090030538229639,-0.21921806611247663,-0.5761851021537552,0.48685879899003287,-0.7120084074940292,0.11150286065298703,0.22291925222257913,0.718008296444693
2016-05-06,-0.42730958086012605,-0.18988824852776628,-0.6771188174430482,0.11939897269436858,-0.02564727979652416,-0.07091217626631495,-0.3729108300029821,0.33778882778829444,-0.4776937806635652,-0.3768302162430023,0.0431255895639709,-0.5439705442828318,0.10751985574074086,-0.7591299148193723,-0.013250112553365029,0.263722379698507,-0.2305794205719472,-0.5805819942430894,0.4680966737938359,-0.7159241925159502,0.06326869874028516,0.051396162559947244,0.7390724072698198
2016-05-09,0.417724939279566,-0.3495325309575837,0.2026346002564345,0.5724863533211776,-0.08386864780141265,0.36756920186932995,-0.08828422900453575,0.30746498650964066,-0.23202192655460466,-0.46416018942890713,-0.18410102872452855,0.3750967936180429,-0.028591023646938652,0.08794776525208572,0.45472719711716125,0.21837305970334248,0.19569314649466757,-0.28935063126558336,0.4493120010942653,-0.45924944906527604,-0.010561331270583589,-0.1755178912684132,0.7554723966495035
2016-05-10,0.4843307242102933,-0.5091768133874011,0.31662154425600175,0.6223650925113555,-0.14209001580630115,0.42858419942056125,-0.04516913028761892,0.2771411452516288,-0.19323742581625108,-0.5164747548494983,-0.2920488293165236,0.44753785961729015,-0.16470190303461815,0.19770101444556754,0.5062451143535349,0.17302373970817797,0.2550092792488404,-0.2452350464249874,0.4305273284074817,-0.4187279094164396,-0.0547888260710881,-0.2833172028925691,0.777622878149547
2016-05-11,0.17999856096278677,-0.5092101722537362,-0.03284792427063478,0.46054675574201553,-0.16654356181080884,0.27546933361175063,-0.13156848128174117,0.25992869417592546,-0.2676266496144488,-0.372960407119783,0.11655760584670666,0.11654339199807046,-0.16473034442044882,-0.1387884844295247,0.3391088992775105,0.15397658020684535,0.10615765142853426,-0.3336392948758464,0.4198647524876537,-0.49644879853965473,0.06654029168003572,0.12472716850023628,0.7694559188008739
2016-05-12,0.4552187834842324,-0.6688544546835535,0.326484197394065,0.6173150250755101,-0.22476492981569435,0.44278512708665546,-0.02462779057999896,0.229604852958484,-0.17277604357476267,-0.5398536130705062,-0.32436791085162586,0.41587544438269614,-0.30084122380812833,0.207197349636156,0.5010290852312667,0.10862726021168317,0.26881480484879106,-0.22421704480655544,0.4010800798260022,-0.39735012458012353,-0.07455365298111676,-0.315591827504674,0.8015008720299589
2016-05-13,-0.12400642425072758,-0.13563298585017752,-0.37265470157912833,0.2941566617688828,-0.11821583434671874,0.10571430167694322,-0.210493348446708,0.26316711505886664,-0.3364704485306236,-0.36394414429195493,0.17156189868070015,-0.21409523377379958,0.1537772687971879,-0.4659741830628231,0.16725068414547467,0.19161962523498868,-0.05887082376691691,-0.4143956140555754,0.421870853093131,-0.5683759001975506,0.07416277146423732,0.17965579948077057,0.7431827145270122
2016-05-16,0.1578420879157804,-0.2952772682799949,-0.08149340747300844,0.437625410438523,-0.17643720235160723,0.25474157875775433,-0.11429936441704101,0.23284327388107237,-0.2514882127933771,-0.35494642800669185,0.1749271787405081,0.09244580756185307,0.017666389409508397,-0.18562718062325476,0.3154342838108025,0.14627030523982418,0.08600702768093431,-0.3159694480509816,0.40308618045603967,-0.4795875705989632,0.08176957173149625,0.18301645038685946,0.7570108931439963
2016-05-17,0.3073257229971712,-0.45492155070981233,0.10327537266351143,0.5206352531556198,-0.23465857035649273,0.34831148005778245,-0.0533526564685774,0.20251943272275896,-0.19657339966571985,-0.5278145945708079,-0.2888885417623911,0.2550255877716468,-0.1184444899781711,-0.007721069116518467,0.40117210069102394,0.10092098524466202,0.17697162507597777,-0.2536084713799362,0.38430150783101613,-0.4222132913096002,-0.06437569156983823,-0.28016126251211143,0.7895739437353965
2016-05-18,0.13566953780036825,-0.569899837130298,-0.07744867399454664,0.4259006388888707,-0.28285939904307844,0.26209602319673914,-0.10057192458231302,0.1759639242155999,-0.23702277801712643,-0.5058287527332155,-0.19258514582766276,0.068330737557758,-0.21647365480003525,-0.18173267634226867,0.30332419802841537,0.06337678319230651,0.0931566994040172,-0.3019234628927589,0.3678511996034501,-0.4644742733367956,-0.045788540979190225,-0.18399033793653377,0.8028529907144236
2016-05-19,-0.41171095040512906,-0.06186054113107911,-0.6430513757820469,0.10374433204425246,-0.16472027819751384,-0.07472913617420218,-0.2889554902358251,0.21324822035389607,-0.4042271350683171,-0.3472488035646964,0.24181052581357082,-0.5270053299330041,0.21667480682652365,-0.7263278036054909,-0.029419215751881087,0.15539675762373997,-0.23429010334995587,-0.4946784703143397,0.3909476567229767,-0.639167201045619,0.08827725543769767,0.24980779522256266,0.7498797370126522
2016-05-20,-0.5713386170376987,-0.13559078042343287,-0.8094231456207375,-0.02376618696135821,-0.19658638992246508,-0.1983867674964671,-0.36233034247351176,0.19325207003656297,-0.4687468173797286,-0.5138108242188577,-0.21447894819724345,-0.700617852416786,0.1538132526586937,-0.886520205236468,-0.16112014627964563,0.13057586201209548,-0.3545046861567368,-0.5697559864371958,0.3785606660541219,-0.7065765221697866,-0.05253670035488767,-0.20585402400825473,0.7768279565643371
2016-05-23,-0.6196383152516693,-0.26627973215534506,-0.8879178797709631,-0.09438428971103281,-0.24648113401376573,-0.2671613026094053,-0.4025772336077727,0.16614136912057603,-0.5044709125377856,-0.5849590001010629,-0.36682941558807547,-0.7531490496649071,0.04238935525538653,-0.9620994936644351,-0.23405899020222584,0.09171224898803784,-0.4213643045880947,-0.6109368069210201,0.3617664334671951,-0.7439005900527721,-0.11268640347479647,-0.35799492377910186,0.7989968006729387
2016-05-24,-0.4404283509338339,-0.42592401458516244,-0.7302028592798602,-0.034356307907667666,-0.30470250201865123,-0.20445690810385467,-0.36357301312494705,0.13581752805637048,-0.46991045184584984,-0.5687483306753647,-0.2752581712380861,-0.5582386396100891,-0.09372152413229297,-0.8102423130246873,-0.17205829313927182,0.04636292899287568,-0.3604058134296171,-0.5710274932685324,0.34298176090046845,-0.7077922722570129,-0.09898166767180021,-0.26654964141706133,0.8126940414091797
2016-05-25,0.7222884875770375,-0.5855682970149798,0.6205555570921313,0.6071127059307997,-0.3629238700235397,0.4651931574383942,0.033467005078791696,0.10549368701034492,-0.1136875425922275,-0.7617173504468834,-0.7323850081235408,0.7063429177516808,-0.22983240351997247,0.4903463322225339,0.49049148460523145,0.0010136089977111904,0.2905989195164552,-0.16477415906692755,0.32419708834500377,-0.33561523074954874,-0.26212048474862276,-0.7230476716773842,0.8404509057224746
2016-05-26,1.410915800192439,-0.7452125794447972,1.5641622646551103,1.039186225259463,-0.42114523802842824,0.9366046132254224,0.3107223380113951,0.07516984598228486,0.13855892376778,-0.8170245500548702,-0.7770381312194488,1.4553003341973982,-0.365943282907652,1.3989056678969227,0.9367643489599531,-0.0443357109974533,0.74888467901063,0.11891488552516621,0.3054124158006681,-0.07207141831681417,-0.3088779960349519,-0.7676393716028065,0.8679328896127246
2016-05-27,1.7230499363209788,-0.9048568618746147,2.1250018387037595,1.2899934355524387,-0.4793666060333167,1.2290588675942142,0.4824686668047535,0.04484600497198513,0.29794430811840306,-0.8356167838606477,-0.7216846824512564,1.794780299480028,-0.5020541622953315,1.9389145791662805,1.1958139021752778,-0.08968503099261779,1.0331960134837037,0.2946465889057146,0.2866277432673344,0.09445234886995826,-0.3245961410174034,-0.7123620649739523,0.8930179326362188
2016-05-30,1.6166406967617348,-1.064501144304432,2.144967922093523,1.313088834335447,-0.5375879740382022,1.2818563590749101,0.5175889684640096,0.014522163979249906,0.33442053588136933,-0.6353234701648817,-0.11174310214666103,1.6790486291174918,-0.638165041683011,1.9581390837350043,1.2196682910865029,-0.13503435098777997,1.0845234434508475,0.33058185737509477,0.2678430707448814,0.13256223507188045,-0.15526525928616403,-0.10325949755525994,0.8948168005627722
2016-05-31,1.2924899332676487,-1.1681255434937932,1.7628713792953725,1.2012109262105959,-0.5868972057645775,1.1815009657870452,0.46986390857499805,-0.01279594369529975,0.29478585174063204,-0.6161983817822523,-0.04571299620850146,1.3264992690821205,-0.726514012814404,1.5902343430144135,1.104113710017828,-0.17344190142677612,0.986962285214923,0.2817493371858248,0.2509203561480576,0.0911524349119476,-0.13909663129123478,-0.03732022016778221,0.9045970637782275
2016-06-01,1.2302771704738957,-1.3277698259236106,1.810426445489957,1.2206424285732878,-0.645118573769466,1.230145257344095,0.5010198992559631,-0.043119784653526116,0.3279385217964969,-0.6738263502933537,-0.1852115065683618,1.2588360944761159,-0.8626248922020835,1.6360231223897652,1.1241837949227946,-0.2187912214219406,1.0342521544525303,0.3136283028169446,0.23213568364698173,0.12578991144403678,-0.18781615437619917,-0.17662684158034736,0.9300807377116939
2016-06-02,1.285440771881693,-1.487414108353428,2.0601923732824066,1.3027755321004693,-0.7033399417743545,1.3521964081941356,0.5707475000578647,-0.07344362559478948,0.39725962565104056,-0.8853443155963916,-0.7015993332998671,1.3188325361439759,-0.9987357715897629,1.8765122622087078,1.2090160601038897,-0.2641405414171051,1.152904986660576,0.3849739330126271,0.21335101115641392,0.19821569506551331,-0.36663651989855667,-0.6923043444796345,0.9698399738238187
2016-06-03,1.1205618833342113,-1.6470583907832452,1.9207085929793835,1.258713266318399,-0.761561309779243,1.330237970546931,0.5638608064000483,-0.10376746651928567,0.39581674676326417,-0.9122444978630341,-0.6773331310409847,1.1395087362732452,-1.1348466509774424,1.7422091783563618,1.1635057645618807,-0.3094898614122696,1.1315579465093055,0.37792743358727876,0.19456633867623288,0.19670819405489232,-0.3893783253931746,-0.6680715219034046,0.9920594797438079
2016-06-06,0.8534398200940849,-1.7029454801291561,1.4606589011066313,1.1445211848852161,-0.8081783600369385,1.2180208189942152,0.5130445006672293,-0.13050573954339348,0.35251253626352946,-0.8084701002091293,-0.3208415091806933,0.848984316612723,-1.1824953406862884,1.2992466187698322,1.0455609589024297,-0.3458004395008744,1.0224653016524887,0.32593193517590113,0.17800281353790573,0.15146452069773342,-0.3016459396653359,-0.3120702766203386,0.9931400507575523
2016-06-07,1.10710100074409,-1.8625897625589736,2.112685931289292,1.3160226601941,-0.8663997280418271,1.4525438315786239,0.6359473249588112,-0.1608295804349335,0.47325895248081085,-0.9488609343560612,-0.6371295754173693,1.1248685562178153,-1.3186062200739679,1.927056108291677,1.222698532031362,-0.3911497594960389,1.2504583969023075,0.45168672024048384,0.15921814107814,0.27761879879999085,-0.42033439358543645,-0.6279232687912369,1.029653002096523
2016-06-08,0.9922311260855424,-2.022234044988791,2.0328420690155586,1.287113718518514,-0.9246210960467156,1.4484027822131735,0.6378989309091759,-0.19115342131028454,0.4805399103977474,-0.8694276875269175,-0.348312048444206,0.9999350210884028,-1.4547170994616474,1.8501778009591079,1.1928395482476002,-0.43649907949120337,1.2464326484181518,0.453683613218603,0.14043346862840284,0.2852258485053103,-0.3531803709365096,-0.33950302843474306,1.0450193049887821
2016-06-09,0.4586507119673889,-1.0796894081692259,0.4577493707565903,1.0078866365304806,-0.8321896341510949,1.065801572882631,0.48543188415034805,-0.17630292962910563,0.33352172375345435,-0.7189463738475291,0.08545783270240466,0.41960804145383046,-0.6511143807983534,0.33358708145085864,0.9044361536636737,-0.3645031081362637,0.8744843564346579,0.2976785677275423,0.14963288446412068,0.13162316790368703,-0.22596127879991235,0.09367017504379177,0.944458766023933
2016-06-10,0.1976818578821302,-1.061277230100821,0.07070161466965001,0.8561426237740603,-0.8555237416741484,0.8928680193671528,0.40719580545803835,-0.19594172508774882,0.2621608413649065,-0.6366927529935024,0.2879751085214283,0.13577590882150747,-0.6354163695060615,-0.039084974953681836,0.7477053377444147,-0.3826783236134348,0.7063658604966382,0.21762702036109935,0.13746726397051534,0.057066250319752196,-0.1564228709129904,0.2959088756524727,0.9419401137339131
2016-06-13,-0.1800944997712216,-0.7367498428442313,-0.4594945034559789,0.6222858410555661,-0.803892979260772,0.5966517874612065,0.2762339293228278,-0.19222789125567036,0.13728041551943848,-0.47206651595616395,0.6756798775449508,-0.27509714201310104,-0.3587280509983244,-0.5495885873172153,0.5061632584364345,-0.3424625051516989,0.4183972947203147,0.08362617310664025,0.13976786805147967,-0.07340718703086917,-0.01724545475634815,0.6830803324578408,0.903794934798765
2016-06-14,-0.1759737942556422,-0.8959977855847019,-0.4638932049629115,0.5893982416489874,-0.8620182380353311,0.5733776414818985,0.26535415319314976,-0.22252186438314778,0.13036697921785084,-0.31468418750381133,0.9946055258151544,-0.27061542468887745,-0.49450101572453176,-0.5538239125718334,0.47219486525249493,-0.3877369645176811,0.3957711800263092,0.07249393170678047,0.12100169773882084,-0.08063025495417125,0.11580785568132179,1.0015672785028082,0.9129966267344395
2016-06-15,0.40074534761450464,-1.0556420680145193,0.3653724281649271,0.8898177394153162,-0.9202396060402195,0.9582658528596738,0.4586893009567457,-0.2528457051802675,0.31954034671831916,-0.3491719400917458,0.7798260252468028,0.35662963311947277,-0.6306118951122113,0.24464119656045166,0.7824871275149382,-0.4330862845128456,0.7699427961511965,0.27031542273093434,0.10221702533754551,0.11701560784518387,0.08665140783546835,0.7870832206037605,0.9349020563571124
2016-06-16,-0.038706515174043485,-0.6506062238834189,-0.2817261301392733,0.6343023895586499,-0.8406944104472054,0.6214184192730859,0.3145340725557778,-0.24090752833021267,0.17958978489987723,-0.18741511478449593,1.0964968367101426,-0.12132226593653886,-0.2852829920714698,-0.3784228740279602,0.5185747099145556,-0.37112758012921343,0.44247433937140507,0.12281507139245654,0.10961235308303578,-0.029202910677472153,0.22340298156462002,1.103318431511266,0.8874549953658611
2016-06-17,0.12691313104086097,-0.8102505063132364,-0.062243493493709744,0.7052183067023917,-0.8989157784520939,0.7248102856147557,0.3672409882099282,-0.2712313690972951,0.23412829670914057,-0.27415883488622445,0.7344164791146146,0.058807188805326885,-0.4213938714591493,-0.16709224555269897,0.5918211553834951,-0.41647690012437794,0.5429874249365526,0.17674505133970136,0.09082768070036762,0.02777821391083961,0.15006857844128696,0.7417361381493706,0.9140487899247866
2016-06-20,0.4925678848124533,-0.9698947887430538,0.4691225419564283,0.9020850195977361,-0.9571371464569824,0.9878721788371937,0.498208687275144,-0.30155520984960604,0.3651608846508041,-0.23213231881730786,0.7496865279691911,0.45649667145995626,-0.5575047508468288,0.34453783115093556,0.7951575505331241,-0.46182622011954244,0.7987247814421301,0.31075185664529137,0.07204300832684996,0.16467934984107752,0.18559840662542257,0.7569851820943442,0.9321437273250441
2016-06-21,0.31355611426885294,-1.0774841397129882,0.24375984996670436,0.8039920314935262,-1.0038464617961902,0.8830414304481801,0.4505739042356362,-0.3284650996600807,0.3229953505729845,-0.2969081295288331,0.4888795877406398,0.26180181878194775,-0.6492341942718088,0.1275455439206019,0.6938409069156282,-0.49820866458383123,0.696812877193655,0.26201170818035796,0.05537317194872871,0.12062535073263733,0.13083599374079175,0.49653699816418373,0.9533787402489191
2016-06-22,0.17122397591768893,-1.1934299936549988,0.05287429350738891,0.7170689009724696,-1.0530439632747282,0.7901107726064179,0.4082959206545879,-0.3561609898346523,0.2857343668316676,-0.06855265982657768,1.0141337576285634,0.10700007237457174,-0.7480882960360881,-0.05625015504642389,0.6040611988312641,-0.5365291869962463,0.6064697245475179,0.21875266373736676,0.038216432890777884,0.08169556173743377,0.3238910304734113,1.0210686480089741,0.9564499707927667
2016-06-23,0.5207474507185715,-1.3530742760848162,0.6586165597989251,0.9075068507639498,-1.1112653312796166,1.0574309535791488,0.5350903511650553,-0.3864848305436791,0.41502451784629146,-0.10842249550042662,0.7830136194002901,0.4871450272410397,-0.8841991754237676,0.5269936759275147,0.8007575607544247,-0.5818785069914109,0.8663468036072061,0.34848935976642714,0.01943176054407338,0.21677622233137805,0.29018449127566687,0.7902664300216335,0.981981297283474
2016-06-24,-0.6003246993645062,0.7670715098452228,-0.6698127457887277,0.26532591723580395,-0.24938753552803383,0.0946200373085385,0.15286699752199137,-0.09583930355043405,0.011322755938296382,0.0366108150104629,1.0563521320367721,-0.7321433828955534,0.9234127412753689,-0.7520952047484969,0.13747246731735818,0.08944841808159285,-0.06965618612858275,-0.042603489084725894,0.1994775880496284,-0.20500610411437806,0.41279776226339765,1.0632289483961714,0.7214672535214459
2016-06-27,-0.4962471886994754,0.6074272274154053,-0.6213305306282916,0.27100320876326933,-0.3076089035329223,0.10809242940701683,0.15962731914565542,-0.12616314423142852,0.020414405128522727,0.013655398745189128,0.8631764581808802,-0.6189477223840193,0.7873018618876894,-0.705413712506933,0.14333633316054942,0.04409909808642836,-0.05655891119124265,-0.03568629415733844,0.18069291572028903,-0.19550726782355138,0.3933909193439647,0.8703189997914211,0.738084005709347
2016-06-28,-0.24904254478800394,0.44778294498558796,-0.45560818621102256,0.36725230825883026,-0.36583027153780784,0.21619025676167203,0.22207459159943432,-0.15648698489864465,0.08211938402241965,-0.18062339719961873,0.2553184559033562,-0.3500856716847274,0.6511909825000098,-0.5458466153854803,0.242748491975988,-0.001250221908733805,0.048529105446348614,0.02821006762734583,0.16190824339948495,-0.1310387120556785,0.22914479843257435,0.26329714430758766,0.7672200300026168
2016-06-29,0.2122871704852397,0.2881386625557706,-0.09060775694485788,0.6028770201985539,-0.4240516395426963,0.47556012419478094,0.3714489260785126,-0.1868108255522456,0.226987596248073,-0.5863126049270626,-0.8164218905115873,0.15166078151420054,0.5150801031123303,-0.1944030055881224,0.48611660042539845,-0.0465995419038983,0.3006772347022193,0.1810506344317019,0.14312357108711504,0.020317703362937235,-0.11383076069008692,-0.8069689560647508,0.8147316417529501
2016-06-30,0.652954729395228,0.12849438012595318,0.309497885454862,0.8531127343887557,-0.4822730075475848,0.7595732610476842,0.5330154896761381,-0.21713466619238525,0.3851492482506747,-0.5499115019818781,-0.6148338959267298,0.6309348828843185,0.37896922372465086,0.19084194206291114,0.7445758763121133,-0.09194886189906279,0.5767824810451474,0.346366351104246,0.12433889878308398,0.18556293098065768,-0.0830567386123445,-0.6056582584056343,0.8271407185373952
2016-07-01,0.7889796199343534,-0.031149902303864215,0.48159426533926797,0.9513165834690841,-0.5404943755524733,0.8865490274618798,0.6045574690719765,-0.24745850681921747,0.4587247448574014,-0.7008424761535476,-0.9201153048338255,0.7788768083992496,0.24285834433697137,0.3565463306885157,0.846007024158969,-0.13729818189422727,0.7002228107913424,0.4195684625599929,0.10555422648729645,0.2624336485656345,-0.21065598027182247,-0.910519733594206,0.8584511037282971
2016-07-04,0.9161032134942397,-0.19079418473368162,0.6662504963355053,1.0512218481440914,-0.5987157435573588,1.019525020770337,0.6783782637490136,-0.27778234743289615,0.5353238093372008,-0.7455414334534031,-0.9132415757539082,0.9171376012224394,0.10674746494929187,0.5343440733469743,0.949195501666006,-0.18264750188938944,0.8294963007325589,0.4951022692191726,0.08676955419965715,0.3424633503612422,-0.24844512915748268,-0.903655459759608,0.881160850455213
2016-07-05,0.5930056686783272,-0.26220511771986993,0.36400796751403786,0.8963140469070082,-0.6256180774753644,0.8562567565647637,0.596889154845123,-0.2966631710098418,0.45998297076158606,-0.8063340992094225,-0.9485609620971628,0.5657337315353395,0.045863324667489117,0.24332741460808777,0.7891969248581102,-0.20360205158945768,0.6707739796174986,0.41172220505562657,0.07507347361632656,0.2637482265515048,-0.2998401333406747,-0.9389262620724882,0.8954335017623106
2016-07-07,0.518177215227128,-0.4218494001496873,0.3303611614904902,0.8663379437294453,-0.6838394454802528,0.842929454730728,0.5898500145513,-0.32698701159766563,0.4584755842592865,-0.8220223825943733,-0.8635512050413119,0.4843496154151312,-0.09024755472019039,0.21093031581332414,0.7582357091649359,-0.24895137158462216,0.6578177551387738,0.404519721469171,0.05628880134470352,0.2621733288280271,-0.3131032363839364,-0.8540334412674201,0.9161437745111419
2016-07-08,0.3591382048031271,-0.5615027125984561,0.1841815740644985,0.7829602674605576,-0.7360878144196376,0.7646172102278375,0.5494553597091955,-0.35520925177213913,0.4238765864779465,-0.8867941578238903,-0.9155150726954543,0.31137732085299535,-0.20931436298600287,0.07018012002049598,0.6721179705227456,-0.2896482511574043,0.5816859895460543,0.3631877084197784,0.03880600489901217,0.2260247479847486,-0.3678622376133598,-0.905925829363567,0.9395975196336213
2016-07-11,1.1133990412409132,-0.7211469950282735,1.1699961463359332,1.2198381867790233,-0.7943091824245261,1.3006594958737683,0.8274159612326859,-0.3855330923346956,0.7028827144459214,-0.9554845691108768,-0.9708091372059462,1.1317183631493124,-0.3454252423736824,1.0193796389538505,1.123353123120186,-0.33499757115256873,1.1028030370478061,0.6475983873646303,0.020021332643041442,0.5175267052483743,-0.42593411078319676,-0.9611438334214906,0.9671060825862896
2016-07-12,1.2541968236938894,-0.8807912774580908,1.4669204881092275,1.3428629710407396,-0.8525305504294116,1.4774410029845502,0.9185009070652699,-0.4158569328848353,0.7999033845120618,-0.9746760482544972,-0.8919100597995913,1.2848513299303759,-0.4815361217613619,1.305275638362157,1.2504209030304267,-0.3803468911477309,1.2746623464817093,0.7407969599102111,0.001236660394762572,0.6188926337506855,-0.44215886649347497,-0.8823532866429323,0.9904908349808061
2016-07-13,1.0742407348843916,-1.040116335402421,1.334674039355706,1.2863522491658228,-0.9106816055941679,1.4400502359586715,0.9008107599099638,-0.4461576583899113,0.7895861444168087,-0.8170245500548702,-0.3693699728653376,1.0891294279968813,-0.617374834023602,1.1779410776158545,1.1920530545284949,-0.42564144363061956,1.2383126654246033,0.7226963127843278,-0.01753369280495098,0.6081133160947298,-0.3088779960349519,-0.36053198636054096,0.9975060368708869
2016-07-14,1.1763865280879278,-1.1997606178322364,1.6117349671465797,1.3817706534988008,-0.9689029735990564,1.5900958365766902,0.9754838181308642,-0.4764814989156462,0.871704885809318,-0.7364249152862209,-0.11222032704520171,1.200224134780964,-0.7534857134112798,1.4447114285230993,1.2906072188290474,-0.47099076362578407,1.3841804868231862,0.799102159768005,-0.03631836503811189,0.6939099042137177,-0.24073789205064336,-0.10373606600103158,1.014148703687174
2016-07-15,0.8854117635753614,-1.2663798370324841,1.2042251361990242,1.253750233003856,-1.0098775452623643,1.4523912242453267,0.914019084646873,-0.5013692289379984,0.8161409359526388,-0.7287257511953716,-0.07545223609472818,0.8837572972218424,-0.8102844936209789,1.0523372981582173,1.158379629785997,-0.5029063476407136,1.2503100386755697,0.7362111367757809,-0.051735536576806795,0.6358574153508958,-0.23422890670289856,-0.06701855186495081,1.024174933933837
2016-07-18,0.5815225681191242,-1.2429838367184198,0.7089217280615818,1.1007739745861482,-1.0341154401828583,1.2710960890829222,0.8352486603001761,-0.5210977416016718,0.74132000339304,-0.631902137209606,0.18528756962312448,0.5532446054579218,-0.7903373327929568,0.5754304132794026,1.0003760725941282,-0.5217855339330447,1.074062775927595,0.6556128442608438,-0.06395673407718136,0.5576854825540782,-0.15237281462426705,0.1933625899022397,1.019742306392078
2016-07-19,0.6066727433232767,-1.402628119148237,0.8253288818337131,1.120919195632446,-1.092336808187747,1.3253585163624946,0.8605443863864584,-0.5514215820918393,0.7740239261275185,-0.6848897111334243,0.027795396393490223,0.5805981679713207,-0.9264482121806363,0.6875139809896237,1.0211833313063932,-0.5671348539282093,1.1268143529046526,0.6814955578222999,-0.08274140628830944,0.5918541137477025,-0.19716928060589234,0.03608705703134695,1.0461690375566548
2016-07-20,0.7241242853607059,-1.5622724015780565,1.1205824653079395,1.1957629916908719,-1.1505581761926325,1.4529488579108043,0.9195770460331196,-0.5817454225704248,0.8415719109130244,-0.6312181916276782,0.16442318830950375,0.7083395483528563,-1.0625590915683176,0.971801277282419,1.098486738601686,-0.6124841739233714,1.2508521459255435,0.7418980706892483,-0.1015260784922627,0.6624273657317905,-0.1517945970776747,0.1725269088532735,1.0658863130907368
2016-07-21,0.31454268308391475,-1.1483807571494677,0.2628744309216823,0.9714015400977682,-1.1039470107452878,1.137241112368004,0.7956713647224007,-0.5805367295469103,0.7145718307466682,-0.707796649256314,-0.05091236457511037,0.26287482012438407,-0.7096798350302452,0.14595017249620998,0.8667520379683089,-0.5761781795839443,0.9439347764638207,0.6151171573023994,-0.10077733091004407,0.5297393412401578,-0.21653513939838107,-0.04251243647721221,1.0363390023134589
2016-07-22,0.4361608353411404,-1.308025039579285,0.5022592062076414,1.0318352520322531,-1.1621683787501764,1.2428701610098132,0.8434667162502008,-0.610860570002723,0.7705539384807341,-0.7680633764882957,-0.19650999915013964,0.395147844209831,-0.8457907144179247,0.3764437358220701,0.929171798777755,-0.6215274995791088,1.0466227535742632,0.6640216002483565,-0.11956200309989029,0.5882287159900074,-0.26748550750077504,-0.18790979237718464,1.0630084872229602
2016-07-25,0.8873517680257172,-1.4676693220091024,1.346796451928384,1.2903553872778,-1.220389746755062,1.6176778762613275,1.013678798769633,-0.6411844104473451,0.953776651439262,-0.7064049298808094,-0.010348141145745844,0.8858672639548104,-0.9819015938056043,1.189613240420047,1.1961877488148176,-0.666876819574271,1.4109945488280415,0.838183455161013,-0.13834667528280434,0.7796574126697194,-0.21535855958835995,-0.0020040116804755648,1.0834201535611918
2016-07-26,0.5179589943750423,-1.2558584898367198,0.6137468138397186,1.0983119510324773,-1.2079270562717503,1.353544611481625,0.910527550894088,-0.6508158264628658,0.8494809847653765,-0.7336236510468294,-0.07638152290974846,0.4841122764037407,-0.8013141139909525,0.4837904788181358,0.9978331389167467,-0.6571694808755147,1.1542156513887554,0.732638581961373,-0.14431303672832216,0.6706906627600472,-0.2383696625033563,-0.0679465603876925,1.0692567390928513
2016-07-27,0.5792053138052549,-1.4155027722665392,0.7849981097015939,1.1346932387344917,-1.266148424276639,1.432726902684712,0.9448822637577455,-0.6811396668854939,0.8928974749832345,-0.7878656529740311,-0.2032201764043207,0.5507243382940016,-0.9374249933786338,0.6486811714706773,1.0354100343879573,-0.7025188008706793,1.231193238626028,0.7677904961425724,-0.16309770889761155,0.7160516444997578,-0.28422664017137717,-0.19461073936183704,1.0958252373674788
2016-07-28,0.7697584707728578,-1.5751470546963566,1.211902263802993,1.249376636843897,-1.3243697922815274,1.6225865037072122,1.0277112616745931,-0.7114635072973137,0.9875919568770473,-0.8679835891445992,-0.38004831328946764,0.7579717092935574,-1.0735358727663133,1.0597292824455737,1.1538623029920099,-0.7478681208658438,1.4157665034114437,0.8525415414516375,-0.18188238106020557,0.8149872019914549,-0.3519595091519967,-0.3711956380579057,1.1253680384775702
2016-07-29,0.5101010144188717,-1.5658154200678815,0.7339604569262067,1.113508716094184,-1.3537934626423094,1.450086770582855,0.9580545130416654,-0.7337298603326957,0.9204242100743378,-0.9349105565649363,-0.5001324996339755,0.4755658649288553,-1.0655798283901883,0.5995391554927005,1.0135293192416854,-0.7707865696819434,1.2480697488311878,0.7812684075499339,-0.1956756914175308,0.7448112176839532,-0.4085405412182866,-0.4911146410750432,1.1353164571296668
2016-08-01,0.42440792440111574,-1.7245687323291312,0.6423624855129701,1.0636167924218958,-1.4118688999244027,1.4104543065477835,0.9391765730205657,-0.764013519744745,0.9084417728932274,-0.8586085527499501,-0.23708527106672928,0.3823652698737567,-1.2009310768577612,0.5113433092897132,0.9619977842381191,-0.8160222224914689,1.2095407872245698,0.7619524048176998,-0.21443547270556534,0.7322921238686264,-0.34403371697413254,-0.2284292504632595,1.1524718019912352
2016-08-02,0.28609819913862317,-1.835056611273075,0.4072042304014001,0.9784983558754623,-1.4626907482504592,1.3143713378664368,0.8978287467777999,-0.7923427853776164,0.8718456369839926,-0.7133679589861691,0.1688364454943695,0.231938337040543,-1.2951317719020756,0.2849192850324919,0.8740820782582814,-0.8556079680941924,1.1161330947808816,0.719645102019591,-0.23198456808047382,0.6940569592020924,-0.2212452057083686,0.1769340953261785,1.1609333856157324
2016-08-03,-0.18720208280399447,-0.9004596134281427,-0.47945383939948893,0.6917418602888783,-1.2856018100108668,0.836708965494422,0.7312914634565402,-0.7568463806317842,0.6867367373241035,-0.5640315131926245,0.5327235264685659,-0.2828274148731496,-0.49830511883554757,-0.5688065950528449,0.5779018289882416,-0.7176712757245302,0.6517704654535318,0.5492433200424864,-0.2099956538451483,0.5006575992999777,-0.09499400154066362,0.5403206268054568,1.0655655037028215
2016-08-04,-0.13766942240673855,-1.06010389585796,-0.4186573388951958,0.6822757977276195,-1.3438231780157552,0.844160006471155,0.7310282865620343,-0.7871702209913954,0.6931214942422673,-0.8701499155414879,-0.31938562621385425,-0.2289552365828135,-0.6344159982232271,-0.5102681937604596,0.5681246807382454,-0.7630205957196946,0.6590140441386177,0.548974036126569,-0.22878032597540074,0.5073283099107171,-0.3537909530086799,-0.31061639631180155,1.108486621098347
2016-08-05,0.5911017814625553,-1.2197481782877775,0.7135705743380993,1.070534744922266,-1.4020445460206439,1.4151357921104053,0.9749255316478759,-0.8174940613409212,0.9607348155767238,-1.1038012508735975,-0.8752083495133274,0.563663046239816,-0.7705268776109065,0.5799065924447178,0.9691430832201234,-0.8083699157148592,1.21409192432633,0.7985309182438388,-0.24756499809940558,0.7869272116515701,-0.5513231916013449,-0.8656745506063331,1.1467490453361617
2016-08-08,0.6578715935475014,-1.379392460717595,0.8996198260493816,1.1165514544768265,-1.4602659140255323,1.5122328455059504,1.013879085084337,-0.8478179016804827,1.0108991161997378,-1.0327609277945458,-0.5771114787640733,0.6362825096848226,-0.9066377569985861,0.7590456163438646,1.0166720519312837,-0.8537192357100236,1.3084854659209726,0.8383883891208482,-0.2663496702172378,0.8393382175419065,-0.4912646688105154,-0.5679877307929099,1.163936785813883
2016-08-09,0.38479432160548654,-1.3414393097987745,0.4296129758485672,0.9690351928553914,-1.4748472414475446,1.3066776141226106,0.9344448851685692,-0.8662358490364902,0.9303135367395539,-1.047779565588519,-0.5384670520990471,0.3392811501149295,-0.874279336963312,0.30649572648165974,0.8643079248378531,-0.8650768060639114,1.1086535904413208,0.7571109181207886,-0.27775901343669573,0.7551434569789293,-0.5039616437276033,-0.5293964619596945,1.1669302168819344
2016-08-10,-0.23477429748610398,-0.3236890165788735,-0.4945016494244844,0.6052290733647671,-1.1436413031205164,0.6743446624978634,0.7199510002497937,-0.7810464499395066,0.6800047565148407,-0.9334446805591551,-0.17284885443111345,-0.3345673943224005,-0.00655714047232025,-0.5832955004093722,0.48854594972972865,-0.6070965387464208,0.49392693619671113,0.5376397013191787,-0.22498684104584424,0.4936241137043262,-0.40730126831402663,-0.16428119504622893,1.051921653872289
2016-08-11,-0.12120614620060641,-0.48333329900869093,-0.37807747925414487,0.632255593327535,-1.201862671125405,0.7282263261309171,0.7404279520571742,-0.8113702902498421,0.708510328985569,-1.1466781462236328,-0.6952397245947168,-0.21104962553937898,-0.14266801985999975,-0.47119554832277083,0.5164606492837875,-0.6524458587415853,0.5463083512806064,0.5585918209157608,-0.2437715131455719,0.5234063633941652,-0.5875719428030335,-0.6859534838149938,1.087814009728488
2016-08-12,0.3208661961557641,-0.6429775814385084,0.15575363528038297,0.8572831726198451,-1.2600840391302903,1.052663599051397,0.8828838162326976,-0.8416941305506562,0.8683989216337674,-1.285031284183484,-0.9578325558573173,0.26975233126341447,-0.27877889924767923,0.04280804967670359,0.7488833687451013,-0.6977951787367475,0.8617121884239981,0.7043533742717756,-0.26255618523940144,0.6904558760357881,-0.7045376987174337,-0.948185102174114,1.1173160769616906
2016-08-16,0.1096351567991215,-0.7143587252331173,-0.0944386674180344,0.7291594620589947,-1.2869434469943923,0.8884199977874145,0.8114426766964368,-0.8624324142353401,0.7965898032991685,-1.1559209895154707,-0.5000077315161626,0.040015504664363835,-0.33963764160729903,-0.19809162866237603,0.6165490951877057,-0.7187162928199398,0.7020416869474113,0.6312544426651511,-0.2754029043535086,0.6154306473916573,-0.5953859770083283,-0.4909900445835991,1.11824760000636
2016-08-17,-0.014291262392026926,-0.8362897901581878,-0.2462087018451487,0.6401534001807178,-1.332576871375735,0.7817191123632281,0.7621739378598551,-0.8889569576296052,0.7495456586761299,-0.9754158662622344,0.030452961922117328,-0.09476801182768249,-0.4435946654294554,-0.34422463147930943,0.5246180038283719,-0.7542607129471153,0.598311716631595,0.5808424224490969,-0.29183403066063546,0.5662795397250082,-0.4427843194018087,0.038740966911965054,1.1218367995625222
2016-08-18,0.24578605560777098,-0.9959340725880053,0.12801584026526383,0.7674494581108602,-1.3907982393806235,0.981184314708174,0.8445007239345256,-0.9192807979025129,0.8463683639566274,-1.0440200690439725,-0.1470748840428069,0.1880944779354101,-0.579705544817135,0.01610048983209852,0.6560974253902768,-0.7996100329422797,0.7922231301688393,0.6650796020871824,-0.3106187027371778,0.6674386372057053,-0.5007833106469468,-0.13854267837017115,1.1474166450731982
2016-08-19,0.1705041577392629,-1.1498734403609367,0.04479979635180768,0.7155486678961314,-1.4474501828036166,0.9291647739274143,0.8184504696116061,-0.9491508037652989,0.8252686123726237,-1.047779565588519,-0.13520269721442274,0.10621719148479543,-0.7109524795713964,-0.06402474981432933,0.6024910059378917,-0.8437369093568216,0.7416519901114815,0.6384248514568438,-0.32912223856928463,0.6453938924206756,-0.5039616437276033,-0.1266868224791333,1.1687814223562278
